hhid,zone,state,lga,sector,ea,year,crop_code,crop_code_text,field_size,quant_harv_kg,value_harvest,value_harvest_hh,ha_planted,ha_harvest,number_trees_planted,percent_field,percent_inputs,ha_harv_yld,ha_plan_yld,sales_value,kgs_sold,land_size,farm_area,farm_size_agland,n_kg,p_kg,k_kg,n_org_kg,npk_kg,urea_kg,inorg_fert_kg,org_fert_kg,pest_kg,herb_kg,all_use_inorg_fert,use_pest,use_herb,annual_selfemp_profit,annual_salary,annual_salary_agwage,labor_family,labor_hired,labor_nonhired,total_labor_day,wave,plot_id_x,plot_id_y,t2m,rh2m,prectotcorr,year_former,actor1,conflict_event,total_fatalities,total_combined_fatalities,total_number_conflict_event,military_presence
20003,north east,taraba,ardo kola,rural,0.0,2019,1070,guinea corn (sorghum),0.1046999990940094,12.469999313354492,1745.7999267578125,0.0,0.04162771254777908,0.013737145811319351,0.0,0.39759036898612976,0.39759036898612976,0.0,0.0,0.0,0.0,0.7766099870204926,0.7766099870204926,0.7766099870204926,0.0,0.0,0.0,0.0,0.0,0.0,0.0,0.0,3.0,1.0,0.0,1.0,1.0,234000.0,0.0,0.0,100.0,12.0,40.0,152.0,1,,,26.55906412532296,64.52221526442385,103.43658069024184,,,0.0,0.0,0.0,0.0,0.0
20009,north east,taraba,lamurde,rural,0.0,2019,1070,guinea corn (sorghum),0.3227199986577034,550.0,77000.0,77000.0,0.3227199986577034,0.3227199986577034,0.0,2.0,2.0,0.3227199986577034,0.3227199986577034,0.0,0.0,0.45762000139802694,0.44262000173330307,0.44262000173330307,64.0,12.0,11.0,1.5,100.0,100.0,200.0,150.0,0.0,2.0,1.0,0.0,1.0,0.0,8000.0,0.0,8.0,5.0,0.0,13.0,1,,,26.55906412532296,64.52221526442385,103.43658069024184,,,0.0,0.0,0.0,0.0,0.0
50001,north east,bauchi,dass,rural,830.0,2019,1070,guinea corn (sorghum),1.191499948501587,200.0,28000.0,28000.0,1.191499948501587,1.191499948501587,0.0,1.0,1.0,1.191499948501587,1.191499948501587,0.0,0.0,2.9399799965322018,2.8799799978733063,2.8799799978733063,81.6,8.4,7.7,0.0,70.0,150.0,220.0,0.0,0.0,6.0,1.0,0.0,1.0,0.0,0.0,0.0,68.0,31.0,0.0,99.0,1,,,24.9859452124936,53.79109613415258,82.08833333333332,,,0.0,0.0,0.0,0.0,0.0
50002,north east,bauchi,dass,rural,830.0,2019,1070,guinea corn (sorghum),0.3170900046825409,0.0,0.0,0.0,0.3170900046825409,0.0,0.0,1.0,1.0,0.0,0.3170900046825409,0.0,0.0,3.302279993891716,3.302279993891716,3.302279993891716,214.0,66.0,60.5,0.0,550.0,250.0,800.0,0.0,16.0,16.0,1.0,1.0,1.0,0.0,0.0,0.0,56.0,4.0,0.0,60.0,1,,,24.9859452124936,53.79109613415258,82.08833333333332,,,0.0,0.0,0.0,0.0,0.0
50003,north east,bauchi,dass,rural,830.0,2019,1070,guinea corn (sorghum),0.6248400211334229,550.0,77000.0,77000.0,0.6248400211334229,0.6248400211334229,0.0,2.0,2.0,0.6248400211334229,0.6248400211334229,0.0,0.0,2.935130037367344,2.835130035877228,2.835130035877228,105.0,24.0,22.0,0.0,200.0,150.0,350.0,0.0,2.0,11.0,1.0,1.0,1.0,0.0,0.0,0.0,21.0,0.0,0.0,21.0,1,,,24.9859452124936,53.79109613415258,82.08833333333332,,,0.0,0.0,0.0,0.0,0.0
50006,north east,bauchi,dass,rural,830.0,2019,1070,guinea corn (sorghum),0.697160005569458,800.0,112000.0,112000.0,0.697160005569458,0.697160005569458,0.0,1.0,1.0,0.697160005569458,0.697160005569458,14000.0,200.0,2.9270399883389473,2.857039988040924,2.857039988040924,267.5,48.0,44.0,0.0,400.0,425.0,825.0,0.0,4.0,19.0,1.0,1.0,1.0,0.0,0.0,0.0,27.0,4.0,50.0,81.0,1,,,24.9859452124936,53.79109613415258,82.08833333333332,,,0.0,0.0,0.0,0.0,0.0
50007,north east,bauchi,dass,rural,830.0,2019,1070,guinea corn (sorghum),1.3974699974060059,205.75498962402344,28805.6982421875,0.0,0.9042699933052063,0.9042699933052063,0.0,1.5,1.5,0.9042699933052063,0.9042699933052063,0.0,0.0,2.8716200068593025,1.8716200068593025,1.8716200068593025,18.36,3.96,3.63,0.0,33.0,27.0,60.0,0.0,0.0,3.0,1.0,0.0,1.0,0.0,0.0,0.0,43.0,15.0,0.0,58.0,1,,,24.9859452124936,53.79109613415258,82.08833333333332,,,0.0,0.0,0.0,0.0,0.0
50008,north east,bauchi,dass,rural,830.0,2019,1070,guinea corn (sorghum),0.37608999013900757,150.0,21000.0,21000.0,0.37608999013900757,0.37608999013900757,0.0,1.0,1.0,0.37608999013900757,0.37608999013900757,0.0,0.0,2.6763599663972855,2.3013599663972855,2.3013599663972855,36.0,24.0,22.0,5.0,200.0,0.0,200.0,500.0,0.0,5.5,1.0,0.0,1.0,0.0,0.0,120000.0,40.0,4.0,6.0,50.0,1,,,24.9859452124936,53.79109613415258,82.08833333333332,,,0.0,0.0,0.0,0.0,0.0
50009,north east,bauchi,dass,rural,830.0,2019,1070,guinea corn (sorghum),1.0346200168132782,600.0,84000.0,84000.0,1.0346200168132782,1.0346200168132782,0.0,2.0,2.0,1.0346200168132782,1.0346200168132782,0.0,0.0,7.575520146638155,6.135520104318857,7.335520152002573,63.0,42.0,38.5,24.0,350.0,0.0,350.0,2400.0,2.0,16.0,1.0,1.0,1.0,321600.0,696000.0,0.0,126.0,17.0,3.0,146.0,1,,,24.9859452124936,53.79109613415258,82.08833333333332,,,0.0,0.0,0.0,0.0,0.0
50031,north east,bauchi,bauchi,rural,3878.0,2019,1070,guinea corn (sorghum),1.3523399829864502,0.0,0.0,0.0,0.4402695596218109,0.0,0.0,0.7481203079223633,0.7481203079223633,0.0,0.4402695596218109,0.0,0.0,1.50900998711586,1.50900998711586,1.50900998711586,64.0,12.0,11.0,3.0,100.0,100.0,200.0,300.0,0.0,0.0,1.0,0.0,0.0,0.0,0.0,0.0,66.0,8.0,0.0,74.0,1,,,26.48757981310804,53.69352291346647,75.68833333333333,,,0.0,0.0,0.0,0.0,0.0
50034,north east,bauchi,bauchi,rural,3878.0,2019,1070,guinea corn (sorghum),1.714400053024292,881.5999755859375,123424.0,0.0,0.857200026512146,0.857200026512146,0.0,0.5,0.5,0.857200026512146,0.857200026512146,0.0,0.0,3.202860005199909,3.102860003709793,3.102860003709793,87.0,12.0,11.0,5.0,100.0,150.0,250.0,500.0,0.0,19.0,1.0,0.0,1.0,48000.0,0.0,0.0,32.0,8.0,0.0,40.0,1,,,26.48757981310804,53.69352291346647,75.68833333333333,,,0.0,0.0,0.0,0.0,0.0
50035,north east,bauchi,bauchi,rural,3878.0,2019,1070,guinea corn (sorghum),1.7050000429153442,1500.0,210000.0,210000.0,1.7050000429153442,1.7050000429153442,0.0,1.0,1.0,1.7050000429153442,1.7050000429153442,0.0,0.0,5.22470710799098,5.22470710799098,5.22470710799098,39.059998,3.96,3.63,0.0,33.0,72.0,105.0,0.0,0.0,18.5,1.0,0.0,1.0,1093800.0,0.0,0.0,13.0,0.0,6.0,19.0,1,,,26.48757981310804,53.69352291346647,75.68833333333333,,,0.0,0.0,0.0,0.0,0.0
50036,north east,bauchi,bauchi,rural,3878.0,2019,1070,guinea corn (sorghum),1.8774000406265259,500.0,70000.0,70000.0,0.9387000203132629,0.9387000203132629,0.0,0.5,0.5,0.9387000203132629,0.9387000203132629,0.0,0.0,4.347160041332245,3.9671600461006165,3.9671600461006165,0.0,0.0,0.0,0.0,0.0,0.0,0.0,0.0,0.0,9.0,0.0,0.0,1.0,0.0,0.0,0.0,75.0,18.0,20.0,113.0,1,,,26.48757981310804,53.69352291346647,75.68833333333333,,,0.0,0.0,0.0,0.0,0.0
50037,north east,bauchi,bauchi,rural,0.0,2019,1070,guinea corn (sorghum),0.22454999387264252,31.174999237060547,4364.5,0.0,0.11227499693632126,0.11227499693632126,0.0,0.5,0.5,0.11227499693632126,0.11227499693632126,0.0,0.0,0.517697986215353,0.517697986215353,0.517697986215353,5.3279996,0.79200006,0.7260001,0.0,6.6000004,9.0,15.6,0.0,0.0,4.0,1.0,0.0,0.0,80400.0,0.0,0.0,83.0,0.0,20.0,103.0,1,,,26.48757981310804,53.69352291346647,75.68833333333333,,,0.0,0.0,0.0,0.0,0.0
50038,north east,bauchi,bauchi,rural,3878.0,2019,1070,guinea corn (sorghum),0.7127900123596191,800.0,112000.0,112000.0,0.35639500617980957,0.35639500617980957,0.0,0.5,0.5,0.35639500617980957,0.35639500617980957,0.0,0.0,1.5192940197885036,1.4692940190434456,1.4692940190434456,0.0,0.0,0.0,0.0,0.0,0.0,0.0,0.0,3.0,10.0,0.0,1.0,1.0,0.0,0.0,0.0,40.0,0.0,0.0,40.0,1,,,26.48757981310804,53.69352291346647,75.68833333333333,,,0.0,0.0,0.0,0.0,0.0
50040,north east,bauchi,bauchi,rural,3878.0,2019,1070,guinea corn (sorghum),2.6570000648498535,1000.0,140000.0,140000.0,2.6570000648498535,2.6570000648498535,0.0,1.0,1.0,2.6570000648498535,2.6570000648498535,0.0,0.0,5.229170106351376,5.1291701048612595,5.1291701048612595,105.0,24.0,22.0,0.0,200.0,150.0,350.0,0.0,7.0,11.0,1.0,1.0,1.0,-49200.0,0.0,2000.0,40.0,102.0,9.0,151.0,1,,,26.48757981310804,53.69352291346647,75.68833333333333,,,0.0,0.0,0.0,0.0,0.0
50051,north east,bauchi,kirfi,rural,348.0,2019,1070,guinea corn (sorghum),2.0410300493240356,1300.0,182000.0,182000.0,0.6803433895111084,0.6803433895111084,0.0,0.6666666865348816,0.6666666865348816,0.6803433895111084,0.6803433895111084,0.0,0.0,3.6456300243735313,3.5256300270557404,3.5256300270557404,41.0,12.0,11.0,1.5,100.0,50.0,150.0,150.0,3.0,1.0,1.0,1.0,1.0,0.0,0.0,0.0,60.0,4.0,0.0,64.0,1,,,26.317173579109063,55.02611322324629,85.75916666666667,,,0.0,0.0,0.0,0.0,0.0
50056,north east,bauchi,kirfi,rural,348.0,2019,1070,guinea corn (sorghum),0.1716099977493286,1700.0,238000.0,204000.0,0.1716099977493286,0.1716099977493286,0.0,1.0,1.0,0.1716099977493286,0.1716099977493286,18000.0,300.0,1.8593770037405193,1.8518770039081573,1.8518770039081573,256.0,48.0,44.0,35.0,400.0,400.0,800.0,3500.0,2.0,15.0,1.0,1.0,1.0,0.0,0.0,0.0,84.0,12.0,0.0,96.0,1,,,26.317173579109063,55.02611322324629,85.75916666666667,,,0.0,0.0,0.0,0.0,0.0
50057,north east,bauchi,kirfi,rural,348.0,2019,1070,guinea corn (sorghum),0.28408999741077423,200.0,28000.0,28000.0,0.09469666704535484,0.09469666704535484,0.0,0.6666666865348816,0.6666666865348816,0.05941666662693024,0.05941666662693024,0.0,0.0,2.807106966152787,2.807106966152787,2.807106966152787,64.0,12.0,11.0,0.09,100.0,100.0,200.0,9.0,1.0,0.0,1.0,1.0,0.0,0.0,0.0,0.0,31.0,4.0,5.0,40.0,1,,,26.317173579109063,55.02611322324629,85.75916666666667,,,0.0,0.0,0.0,0.0,0.0
50059,north east,bauchi,kirfi,rural,348.0,2019,1070,guinea corn (sorghum),1.8737400770187378,600.0,84000.0,84000.0,0.6245800405740738,0.6245800405740738,0.0,0.6666666865348816,0.6666666865348816,0.6245800405740738,0.6245800405740738,0.0,0.0,14.057520100846887,4.047520101070404,14.047520101070404,0.0,0.0,0.0,120.0,0.0,0.0,0.0,12000.0,6.0,0.0,0.0,1.0,0.0,216000.0,0.0,0.0,250.0,0.0,0.0,250.0,1,,,26.317173579109063,55.02611322324629,85.75916666666667,,,0.0,0.0,0.0,0.0,0.0
50060,north east,bauchi,kirfi,rural,348.0,2019,1070,guinea corn (sorghum),0.09851700067520142,400.0,56000.0,56000.0,0.09851700067520142,0.09851700067520142,0.0,1.0,1.0,0.09851700067520142,0.09851700067520142,0.0,0.0,0.5297139892354608,0.5247139893472195,0.5247139893472195,50.5,3.0,2.75,0.0,25.0,100.0,125.0,0.0,0.0,3.0,1.0,0.0,1.0,48000.0,0.0,0.0,25.0,8.0,0.0,33.0,1,,,26.317173579109063,55.02611322324629,85.75916666666667,,,0.0,0.0,0.0,0.0,0.0
50091,north east,bauchi,giade,rural,984.0,2019,1070,guinea corn (sorghum),5.095930129289627,900.0,126000.0,126000.0,1.4623577445745468,0.6908830553293228,0.0,1.5309296250343323,1.5309296250343323,0.6908830553293228,1.4623577445745468,0.0,0.0,5.295930132269859,5.095930129289627,5.095930129289627,165.0,18.0,16.5,20.0,150.0,300.0,450.0,2000.0,0.0,12.0,1.0,0.0,1.0,32400.0,0.0,0.0,50.0,5.0,0.0,55.0,1,,,27.38865220174091,44.14156266001024,48.80666666666667,,,0.0,0.0,0.0,0.0,0.0
50092,north east,bauchi,giade,rural,984.0,2019,1070,guinea corn (sorghum),4.291869968175888,1100.0,154000.0,154000.0,1.9119830578565598,1.9119830578565598,0.0,1.8605769276618958,1.8605769276618958,1.9119830578565598,1.9119830578565598,0.0,0.0,4.411869965493679,4.291869968175888,4.291869968175888,27.0,18.0,16.5,1.0,150.0,0.0,150.0,100.0,0.0,3.0,1.0,0.0,1.0,0.0,0.0,0.0,172.0,60.0,0.0,232.0,1,,,27.38865220174091,44.14156266001024,48.80666666666667,,,0.0,0.0,0.0,0.0,0.0
50093,north east,bauchi,giade,rural,984.0,2019,1070,guinea corn (sorghum),3.0842100381851196,500.0,70000.0,70000.0,0.8157533407211304,0.8157533407211304,0.0,0.5833333432674408,0.5833333432674408,0.8157533407211304,0.8157533407211304,0.0,0.0,3.1842100396752357,3.0842100381851196,3.0842100381851196,23.0,0.0,0.0,0.0,0.0,50.0,50.0,0.0,1.0,0.0,1.0,1.0,0.0,384000.0,0.0,0.0,79.0,10.0,9.0,98.0,1,,,27.38865220174091,44.14156266001024,48.80666666666667,,,0.0,0.0,0.0,0.0,0.0
50094,north east,bauchi,giade,rural,984.0,2019,1070,guinea corn (sorghum),3.999899983406067,1133.060001373291,158628.400390625,154000.0,1.8701334595680237,1.8701334595680237,0.0,0.8759398460388184,0.8759398460388184,1.8701334595680237,1.8701334595680237,0.0,0.0,4.64435999840498,4.524360001087189,4.524360001087189,27.0,18.0,16.5,40.0,150.0,0.0,150.0,4000.0,0.0,4.0,1.0,0.0,1.0,0.0,0.0,0.0,98.0,12.0,10.0,120.0,1,,,27.38865220174091,44.14156266001024,48.80666666666667,,,0.0,0.0,0.0,0.0,0.0
50095,north east,bauchi,giade,rural,984.0,2019,1070,guinea corn (sorghum),0.9101899862289429,400.0,56000.0,56000.0,0.6713849902153015,0.6713849902153015,0.0,1.5,1.5,0.6713849902153015,0.6713849902153015,0.0,0.0,1.791740007698536,1.6917400062084198,1.6917400062084198,69.0,0.0,0.0,0.0,0.0,150.0,150.0,0.0,1.0,3.0,1.0,1.0,1.0,68400.0,0.0,0.0,56.0,0.0,0.0,56.0,1,,,27.38865220174091,44.14156266001024,48.80666666666667,,,0.0,0.0,0.0,0.0,0.0
50097,north east,bauchi,giade,rural,984.0,2019,1070,guinea corn (sorghum),3.2873099744319916,250.0,35000.0,35000.0,1.6895933151245117,0.7766133397817612,0.0,2.333333343267441,2.333333343267441,0.7766133397817612,1.6895933151245117,7000.0,100.0,5.282979942858219,5.182979941368103,5.182979941368103,27.5,3.0,2.75,10.0,25.0,50.0,75.0,1000.0,2.0,5.0,1.0,1.0,1.0,29400.0,0.0,0.0,14.0,8.0,0.0,22.0,1,,,27.38865220174091,44.14156266001024,48.80666666666667,,,0.0,0.0,0.0,0.0,0.0
50099,north east,bauchi,giade,rural,984.0,2019,1070,guinea corn (sorghum),3.100600004196167,400.0,56000.0,56000.0,3.100600004196167,3.100600004196167,0.0,1.0,1.0,3.100600004196167,3.100600004196167,0.0,0.0,9.384759947657585,8.384759947657585,8.384759947657585,0.0,0.0,0.0,49.0,0.0,0.0,0.0,4900.0,0.0,7.0,0.0,0.0,1.0,26200.0,0.0,0.0,116.0,0.0,8.0,124.0,1,,,27.38865220174091,44.14156266001024,48.80666666666667,,,0.0,0.0,0.0,0.0,0.0
50100,north east,bauchi,giade,rural,984.0,2019,1070,guinea corn (sorghum),2.132010042667389,900.0,126000.0,126000.0,0.9183333516120911,0.9183333516120911,0.0,1.3333333432674408,1.3333333432674408,0.9183333516120911,0.9183333516120911,0.0,0.0,4.249070040881634,2.2490700408816338,2.2490700408816338,27.0,18.0,16.5,6.0,150.0,0.0,150.0,600.0,1.0,2.0,1.0,1.0,1.0,0.0,0.0,0.0,101.0,21.0,4.0,126.0,1,,,27.38865220174091,44.14156266001024,48.80666666666667,,,0.0,0.0,0.0,0.0,0.0
50131,north east,bauchi,asari toro,rural,1588.0,2019,1070,guinea corn (sorghum),1.5377000570297241,800.0,112000.0,104000.0,0.7688500285148621,0.7688500285148621,0.0,0.5,0.5,0.7688500285148621,0.7688500285148621,13000.0,200.0,1.9770870432257652,1.9145870432257652,1.9145870432257652,18.36,3.96,3.63,90.0,33.0,27.0,60.0,9000.0,0.0,10.0,1.0,0.0,1.0,300000.0,0.0,0.0,51.0,0.0,5.0,56.0,1,,,24.594531105990782,54.68549091141833,88.22000000000001,,,0.0,0.0,0.0,0.0,0.0
50132,north east,bauchi,asari toro,rural,1588.0,2019,1070,guinea corn (sorghum),0.4702399969100952,700.0,98000.0,91000.0,0.4702399969100952,0.4702399969100952,0.0,1.0,1.0,0.4702399969100952,0.4702399969100952,6500.0,100.0,2.7207199931144714,2.4707199931144714,2.4707199931144714,322.0,0.0,0.0,0.0,0.0,700.0,700.0,0.0,0.0,20.0,1.0,0.0,1.0,0.0,0.0,0.0,28.0,4.0,8.0,40.0,1,,,24.594531105990782,54.68549091141833,88.22000000000001,,,0.0,0.0,0.0,0.0,0.0
50134,north east,bauchi,asari toro,rural,1588.0,2019,1070,guinea corn (sorghum),2.098005950450897,1600.0,224000.0,320000.0,1.2770059704780579,1.2770059704780579,0.0,1.5,1.5,1.2770059704780579,1.2770059704780579,40000.0,400.0,7.711214929819107,4.111214905977249,7.711214929819107,184.0,0.0,0.0,0.0,0.0,400.0,400.0,0.0,0.0,21.0,1.0,0.0,1.0,225600.0,0.0,0.0,29.0,32.0,63.0,124.0,1,,,24.594531105990782,54.68549091141833,88.22000000000001,,,0.0,0.0,0.0,0.0,0.0
50135,north east,bauchi,asari toro,rural,1588.0,2019,1070,guinea corn (sorghum),1.6640000343322754,1700.0,238000.0,238000.0,0.8320000171661377,0.8320000171661377,0.0,0.5,0.5,0.8320000171661377,0.8320000171661377,0.0,0.0,4.293718047440052,2.173718050122261,4.173718050122261,92.0,0.0,0.0,0.0,0.0,200.0,200.0,0.0,0.0,6.0,1.0,0.0,1.0,96000.0,0.0,0.0,36.0,38.0,0.0,74.0,1,,,24.594531105990782,54.68549091141833,88.22000000000001,,,0.0,0.0,0.0,0.0,0.0
50136,north east,bauchi,asari toro,rural,1588.0,2019,1070,guinea corn (sorghum),0.8853200078010559,500.0,70000.0,70000.0,0.8853200078010559,0.8853200078010559,0.0,1.0,1.0,0.8853200078010559,0.8853200078010559,0.0,0.0,4.452280059456825,4.372280061244965,4.372280061244965,96.0,18.0,16.5,0.0,150.0,150.0,300.0,0.0,0.0,24.0,1.0,0.0,1.0,0.0,0.0,0.0,64.0,12.0,0.0,76.0,1,,,24.594531105990782,54.68549091141833,88.22000000000001,,,0.0,0.0,0.0,0.0,0.0
50138,north east,bauchi,asari toro,rural,1588.0,2019,1070,guinea corn (sorghum),2.0352001190185547,800.0,112000.0,112000.0,0.6784000396728516,0.6784000396728516,0.0,0.3333333432674408,0.3333333432674408,0.6784000396728516,0.6784000396728516,0.0,0.0,2.8084800988435745,2.7459800988435745,2.7459800988435745,87.0,12.0,11.0,0.0,100.0,150.0,250.0,0.0,0.0,12.0,1.0,0.0,1.0,420000.0,0.0,0.0,55.0,227.0,0.0,282.0,1,,,24.594531105990782,54.68549091141833,88.22000000000001,,,0.0,0.0,0.0,0.0,0.0
50139,north east,bauchi,asari toro,rural,1588.0,2019,1070,guinea corn (sorghum),1.149399995803833,1500.0,210000.0,210000.0,1.149399995803833,1.149399995803833,0.0,1.0,1.0,1.149399995803833,1.149399995803833,0.0,0.0,1.974889986217022,1.8898899853229523,1.8898899853229523,161.0,0.0,0.0,0.0,0.0,350.0,350.0,0.0,0.0,8.0,1.0,0.0,1.0,360000.0,0.0,0.0,27.0,9.0,0.0,36.0,1,,,24.594531105990782,54.68549091141833,88.22000000000001,,,0.0,0.0,0.0,0.0,0.0
50152,north east,bauchi,asari toro,rural,1304.0,2019,1070,guinea corn (sorghum),0.29220399260520935,200.0,28000.0,28000.0,0.29220399260520935,0.29220399260520935,0.0,1.0,1.0,0.29220399260520935,0.29220399260520935,0.0,0.0,1.9980069994926453,1.9980069994926453,1.9980069994926453,110.0,12.0,11.0,5.0,100.0,200.0,300.0,500.0,0.0,10.0,1.0,0.0,1.0,552000.0,0.0,0.0,64.0,2.0,0.0,66.0,1,,,24.594531105990782,54.68549091141833,88.22000000000001,,,0.0,0.0,0.0,0.0,0.0
50153,north east,bauchi,asari toro,rural,1304.0,2019,1070,guinea corn (sorghum),0.3441010117530823,300.0,42000.0,42000.0,0.3441010117530823,0.22710667550563812,0.0,1.0,1.0,0.22710667550563812,0.3441010117530823,0.0,0.0,2.3392060175538063,1.2392060160636902,2.23920601606369,0.0,0.0,0.0,0.0,0.0,0.0,0.0,0.0,0.0,5.0,0.0,0.0,1.0,132000.0,0.0,0.0,63.0,0.0,0.0,63.0,1,,,24.594531105990782,54.68549091141833,88.22000000000001,,,0.0,0.0,0.0,0.0,0.0
50155,north east,bauchi,asari toro,rural,1304.0,2019,1070,guinea corn (sorghum),1.1363999843597412,1000.0,140000.0,140000.0,1.1363999843597412,1.1363999843597412,0.0,1.0,1.0,1.1363999843597412,1.1363999843597412,0.0,0.0,2.8192099779844284,2.754209980368614,2.754209980368614,251.0,60.0,55.0,0.0,500.0,350.0,850.0,0.0,18.0,19.0,1.0,1.0,1.0,60000.0,0.0,0.0,30.0,0.0,7.0,37.0,1,,,24.594531105990782,54.68549091141833,88.22000000000001,,,0.0,0.0,0.0,0.0,0.0
50156,north east,bauchi,asari toro,rural,1304.0,2019,1070,guinea corn (sorghum),1.2977999448776245,600.0,84000.0,84000.0,1.2977999448776245,1.2977999448776245,0.0,1.0,1.0,1.2977999448776245,1.2977999448776245,0.0,0.0,1.8088799566030502,1.733879953622818,1.733879953622818,27.0,18.0,16.5,0.0,150.0,0.0,150.0,0.0,0.0,10.0,1.0,0.0,1.0,-12000.0,0.0,0.0,55.0,20.0,10.0,85.0,1,,,24.594531105990782,54.68549091141833,88.22000000000001,,,0.0,0.0,0.0,0.0,0.0
50157,north east,bauchi,asari toro,rural,1304.0,2019,1070,guinea corn (sorghum),0.36963000893592834,100.0,14000.0,14000.0,0.12321000546216965,0.12321000546216965,0.0,0.3333333432674408,0.3333333432674408,0.12321000546216965,0.12321000546216965,0.0,0.0,0.8087900076061487,0.7987900078296661,0.7987900078296661,105.0,24.0,22.0,0.0,200.0,150.0,350.0,0.0,5.0,2.0,1.0,1.0,1.0,29400.0,0.0,0.0,32.0,0.0,8.0,40.0,1,,,24.594531105990782,54.68549091141833,88.22000000000001,,,0.0,0.0,0.0,0.0,0.0
50158,north east,bauchi,asari toro,rural,1304.0,2019,1070,guinea corn (sorghum),0.07061199843883514,0.0,0.0,0.0,0.07061199843883514,0.0,0.0,1.0,1.0,0.0,0.07061199843883514,0.0,0.0,0.3637620061635971,0.3637620061635971,0.3637620061635971,9.0,6.0,5.5,0.0,50.0,0.0,50.0,0.0,0.0,1.0,1.0,0.0,1.0,0.0,0.0,0.0,18.0,0.0,0.0,18.0,1,,,24.594531105990782,54.68549091141833,88.22000000000001,,,0.0,0.0,0.0,0.0,0.0
50160,north east,bauchi,asari toro,rural,1304.0,2019,1070,guinea corn (sorghum),0.0966930016875267,0.0,0.0,0.0,0.0966930016875267,0.0,0.0,1.0,1.0,0.0,0.0966930016875267,0.0,0.0,0.14669300243258476,0.0966930016875267,0.0966930016875267,0.0,0.0,0.0,0.0,0.0,0.0,0.0,0.0,0.0,0.0,0.0,0.0,0.0,0.0,0.0,0.0,7.0,0.0,0.0,7.0,1,,,24.594531105990782,54.68549091141833,88.22000000000001,,,0.0,0.0,0.0,0.0,0.0
50161,north east,bauchi,zaki,rural,1756.0,2019,1070,guinea corn (sorghum),2.6352999210357666,700.0,98000.0,98000.0,0.9784749746322632,0.7512277364730835,0.0,0.75,0.75,0.7512277364730835,0.9784749746322632,0.0,0.0,4.23341996408999,4.223419964313507,4.223419964313507,41.0,12.0,11.0,75.0,100.0,50.0,150.0,7500.0,0.0,0.0,1.0,0.0,0.0,288000.0,0.0,0.0,95.0,12.0,71.0,178.0,1,,,27.804796979006657,40.623132488479264,52.494166666666665,,,0.0,0.0,0.0,0.0,0.0
50162,north east,bauchi,zaki,rural,1756.0,2019,1070,guinea corn (sorghum),2.557099938392639,1000.0,140000.0,140000.0,0.7493583261966705,0.7493583261966705,0.0,0.5833333432674408,0.5833333432674408,0.7493583261966705,0.7493583261966705,14000.0,200.0,2.557099938392639,2.557099938392639,2.557099938392639,0.0,0.0,0.0,50.0,0.0,0.0,0.0,5000.0,0.0,0.0,0.0,0.0,0.0,131720.0,0.0,0.0,494.0,40.0,274.0,808.0,1,,,27.804796979006657,40.623132488479264,52.494166666666665,,,0.0,0.0,0.0,0.0,0.0
50164,north east,bauchi,zaki,rural,1756.0,2019,1070,guinea corn (sorghum),1.04544997215271,1200.0,168000.0,168000.0,0.3484833389520645,0.3484833389520645,0.0,0.6666666865348816,0.6666666865348816,0.3484833389520645,0.3484833389520645,0.0,0.0,1.0504499720409513,1.04544997215271,1.04544997215271,46.0,0.0,0.0,40.0,0.0,100.0,100.0,4000.0,1.0,1.0,1.0,1.0,1.0,0.0,0.0,0.0,183.0,23.0,174.0,380.0,1,,,27.804796979006657,40.623132488479264,52.494166666666665,,,0.0,0.0,0.0,0.0,0.0
50165,north east,bauchi,zaki,rural,1756.0,2019,1070,guinea corn (sorghum),0.3558099865913391,500.0,70000.0,70000.0,0.11860333383083344,0.11860333383083344,0.0,0.3333333432674408,0.3333333432674408,0.11860333383083344,0.11860333383083344,0.0,0.0,0.3608099864795804,0.3558099865913391,0.3558099865913391,4.7886,0.0,0.0,5.0,0.0,10.41,10.41,500.0,0.0,0.0,1.0,0.0,0.0,0.0,0.0,0.0,56.0,27.0,20.0,103.0,1,,,27.804796979006657,40.623132488479264,52.494166666666665,,,0.0,0.0,0.0,0.0,0.0
50166,north east,bauchi,zaki,rural,1756.0,2019,1070,guinea corn (sorghum),1.3236300349235535,600.0,84000.0,84000.0,0.4412100166082382,0.4412100166082382,0.0,0.6666666865348816,0.6666666865348816,0.4412100166082382,0.4412100166082382,0.0,0.0,1.3286300348117948,1.3236300349235535,1.3236300349235535,0.0,0.0,0.0,15.0,0.0,0.0,0.0,1500.0,0.0,0.0,0.0,0.0,0.0,114000.0,0.0,0.0,175.0,0.0,0.0,175.0,1,,,27.804796979006657,40.623132488479264,52.494166666666665,,,0.0,0.0,0.0,0.0,0.0
50167,north east,bauchi,zaki,rural,1756.0,2019,1070,guinea corn (sorghum),2.269469976425171,1400.0,196000.0,196000.0,0.892561674118042,0.892561674118042,0.0,1.1666666865348816,1.1666666865348816,0.892561674118042,0.892561674118042,0.0,0.0,2.8656399939209223,2.8556399941444397,2.8556399941444397,13.030001,2.4,2.2,12.0,20.0,20.5,40.5,1200.0,0.0,0.0,1.0,0.0,0.0,13200.0,0.0,0.0,150.0,60.0,0.0,210.0,1,,,27.804796979006657,40.623132488479264,52.494166666666665,,,0.0,0.0,0.0,0.0,0.0
50168,north east,bauchi,zaki,rural,1756.0,2019,1070,guinea corn (sorghum),0.5796999931335449,300.0,42000.0,42000.0,0.19323334097862244,0.19323334097862244,0.0,0.3333333432674408,0.3333333432674408,0.19323334097862244,0.19323334097862244,0.0,0.0,1.1081999633461237,1.0981999635696411,1.0981999635696411,17.5582,0.0,0.0,12.5,0.0,38.17,38.17,1250.0,0.0,0.0,1.0,0.0,0.0,266100.0,0.0,0.0,63.0,8.0,47.0,118.0,1,,,27.804796979006657,40.623132488479264,52.494166666666665,,,0.0,0.0,0.0,0.0,0.0
50169,north east,bauchi,zaki,rural,1756.0,2019,1070,guinea corn (sorghum),1.9709899723529816,1100.0,154000.0,154000.0,0.6569966673851013,0.6569966673851013,0.0,0.6666666865348816,0.6666666865348816,0.6569966673851013,0.6569966673851013,7000.0,100.0,1.9809899721294641,1.9709899723529816,1.9709899723529816,46.0,0.0,0.0,17.5,0.0,100.0,100.0,1750.0,1.0,2.0,1.0,1.0,1.0,0.0,0.0,0.0,141.0,30.0,6.0,177.0,1,,,27.804796979006657,40.623132488479264,52.494166666666665,,,0.0,0.0,0.0,0.0,0.0
50170,north east,bauchi,zaki,rural,1756.0,2019,1070,guinea corn (sorghum),1.8015300035476685,600.0,84000.0,84000.0,0.7494750022888184,0.7494750022888184,0.0,0.8333333432674408,0.8333333432674408,0.7494750022888184,0.7494750022888184,0.0,0.0,2.1329300152137876,2.1279300153255463,2.1279300153255463,43.7506,0.0,0.0,87.5,0.0,95.11,95.11,8750.0,2.0,0.0,1.0,1.0,0.0,162000.0,0.0,0.0,70.0,18.0,0.0,88.0,1,,,27.804796979006657,40.623132488479264,52.494166666666665,,,0.0,0.0,0.0,0.0,0.0
59012,north east,bauchi,bauchi,urban,562.0,2019,1070,guinea corn (sorghum),0.4713299870491028,200.0,28000.0,28000.0,0.1955725997686386,0.1955725997686386,0.0,0.41493773460388184,0.41493773460388184,0.1955725997686386,0.1955725997686386,0.0,0.0,0.5956599861383438,0.5956599861383438,0.5956599861383438,46.0,0.0,0.0,0.0,0.0,100.0,100.0,0.0,0.0,5.0,1.0,0.0,1.0,78000.0,12000.0,0.0,83.0,17.0,2.0,102.0,1,,,26.48757981310804,53.69352291346647,75.68833333333333,,,0.0,0.0,0.0,0.0,0.0
59013,north east,bauchi,bogoro,rural,246.0,2019,1070,guinea corn (sorghum),0.784250020980835,100.0,14000.0,14000.0,0.784250020980835,0.784250020980835,0.0,1.0,1.0,0.784250020980835,0.784250020980835,0.0,0.0,1.2307200282812119,1.1307200267910957,1.1307200267910957,0.0,0.0,0.0,0.0,0.0,0.0,0.0,0.0,0.0,0.0,0.0,0.0,0.0,0.0,0.0,0.0,30.0,0.0,0.0,30.0,1,,,26.55906412532296,64.52221526442385,103.43658069024184,,,0.0,0.0,0.0,0.0,0.0
59014,north east,bauchi,bogoro,rural,246.0,2019,1070,guinea corn (sorghum),0.32521000504493713,22.040000915527344,3085.60009765625,0.0,0.10840333998203278,0.10840333998203278,0.0,0.3333333432674408,0.3333333432674408,0.10840333998203278,0.10840333998203278,0.0,0.0,0.3852100037038326,0.32521000504493713,0.32521000504493713,0.0,0.0,0.0,0.0,0.0,0.0,0.0,0.0,0.0,2.0,0.0,0.0,1.0,102000.0,360000.0,0.0,63.0,0.0,8.0,71.0,1,,,26.55906412532296,64.52221526442385,103.43658069024184,,,0.0,0.0,0.0,0.0,0.0
59015,north east,bauchi,bogoro,rural,246.0,2019,1070,guinea corn (sorghum),1.3511900007724762,200.0,28000.0,28000.0,0.5448462516069412,0.5448462516069412,0.0,1.2309237122535706,1.2309237122535706,0.5448462516069412,0.5448462516069412,0.0,0.0,1.4311899989843369,1.3511900007724762,1.3511900007724762,9.0,6.0,5.5,0.0,50.0,0.0,50.0,0.0,0.0,2.0,1.0,0.0,1.0,0.0,0.0,0.0,90.0,0.0,0.0,90.0,1,,,26.55906412532296,64.52221526442385,103.43658069024184,,,0.0,0.0,0.0,0.0,0.0
59016,north east,bauchi,bogoro,rural,246.0,2019,1070,guinea corn (sorghum),2.0391399264335632,1350.0,189000.0,189000.0,2.0391399264335632,2.0391399264335632,0.0,2.0,2.0,2.0391399264335632,2.0391399264335632,0.0,0.0,4.108757920563221,4.038757920265198,4.038757920265198,265.0,54.0,49.5,0.0,450.0,400.0,850.0,0.0,5.0,9.0,1.0,1.0,1.0,0.0,472000.0,0.0,28.0,6.0,0.0,34.0,1,,,26.55906412532296,64.52221526442385,103.43658069024184,,,0.0,0.0,0.0,0.0,0.0
59017,north east,bauchi,bogoro,rural,246.0,2019,1070,guinea corn (sorghum),0.4478449858725071,400.0,56000.0,56000.0,0.4478449858725071,0.4478449858725071,0.0,2.0,2.0,0.41898998618125916,0.41898998618125916,0.0,0.0,1.4816719703376293,1.4016719721257687,1.4016719721257687,46.0,0.0,0.0,0.0,0.0,100.0,100.0,0.0,0.0,2.0,1.0,0.0,1.0,0.0,0.0,0.0,46.0,4.0,0.0,50.0,1,,,26.55906412532296,64.52221526442385,103.43658069024184,,,0.0,0.0,0.0,0.0,0.0
59018,north east,bauchi,bogoro,rural,246.0,2019,1070,guinea corn (sorghum),1.1970100104808807,650.0,91000.0,91000.0,1.1970100104808807,1.1970100104808807,0.0,3.0,3.0,1.1970100104808807,1.1970100104808807,0.0,0.0,1.9402730092406273,1.870273008942604,1.870273008942604,128.8,0.0,0.0,0.0,0.0,280.0,280.0,0.0,0.0,4.0,1.0,0.0,1.0,0.0,0.0,0.0,32.0,12.0,0.0,44.0,1,,,26.55906412532296,64.52221526442385,103.43658069024184,,,0.0,0.0,0.0,0.0,0.0
59021,north east,bauchi,bogoro,rural,246.0,2019,1070,guinea corn (sorghum),0.38326001167297363,74.81999969482422,10474.7998046875,0.0,0.288165420293808,0.288165420293808,0.0,0.7518796920776367,0.7518796920776367,0.288165420293808,0.288165420293808,0.0,0.0,1.5611700117588043,0.5611700117588043,0.5611700117588043,5.94,3.96,3.63,0.0,33.0,0.0,33.0,0.0,0.0,2.5,1.0,0.0,1.0,0.0,0.0,0.0,105.0,100.0,0.0,205.0,1,,,26.55906412532296,64.52221526442385,103.43658069024184,,,0.0,0.0,0.0,0.0,0.0
59022,north east,bauchi,bogoro,rural,246.0,2019,1070,guinea corn (sorghum),1.037207007408142,274.3399887084961,38407.5986328125,0.0,0.9417885094881058,0.9417885094881058,0.0,3.0,3.0,0.8463700115680695,0.8463700115680695,0.0,0.0,2.7067770063877106,1.7067770063877106,1.7067770063877106,11.88,7.92,7.26,0.0,66.0,0.0,66.0,0.0,0.0,1.0,1.0,0.0,1.0,0.0,0.0,0.0,90.0,0.0,0.0,90.0,1,,,26.55906412532296,64.52221526442385,103.43658069024184,,,0.0,0.0,0.0,0.0,0.0
59023,north east,bauchi,bogoro,rural,246.0,2019,1070,guinea corn (sorghum),0.9833399951457977,900.0,126000.0,126000.0,0.7618999928236008,0.7618999928236008,0.0,1.5,1.5,0.7618999928236008,0.7618999928236008,0.0,0.0,3.557640001177788,1.5576400011777878,1.5576400011777878,41.0,12.0,11.0,0.0,100.0,50.0,150.0,0.0,3.0,3.0,1.0,1.0,1.0,0.0,0.0,0.0,33.0,70.0,8.0,111.0,1,,,26.55906412532296,64.52221526442385,103.43658069024184,,,0.0,0.0,0.0,0.0,0.0
59024,north east,bauchi,bogoro,rural,246.0,2019,1070,guinea corn (sorghum),0.37551000714302063,500.0,70000.0,70000.0,0.37551000714302063,0.37551000714302063,0.0,1.0,1.0,0.37551000714302063,0.37551000714302063,0.0,0.0,3.498550020158291,1.4985500201582909,1.4985500201582909,173.0,54.0,49.5,1.0,450.0,200.0,650.0,100.0,1.0,10.0,1.0,1.0,1.0,0.0,0.0,0.0,37.0,84.0,15.0,136.0,1,,,26.55906412532296,64.52221526442385,103.43658069024184,,,0.0,0.0,0.0,0.0,0.0
59025,north east,bauchi,dambam,rural,406.0,2019,1070,guinea corn (sorghum),1.4286999702453613,500.0,95000.0,95000.0,0.7143499851226807,0.7143499851226807,0.0,0.5,0.5,0.7143499851226807,0.7143499851226807,0.0,0.0,5.447799930348992,5.43779993057251,5.43779993057251,36.0,24.0,22.0,20.0,200.0,0.0,200.0,2000.0,9.0,0.0,1.0,1.0,0.0,0.0,0.0,0.0,280.0,84.0,0.0,364.0,1,,,26.55906412532296,64.52221526442385,103.43658069024184,,,0.0,0.0,0.0,0.0,0.0
59026,north east,bauchi,dambam,rural,406.0,2019,1070,guinea corn (sorghum),4.592100024223328,300.0,42000.0,42000.0,1.5307000875473022,1.5307000875473022,0.0,0.6666666865348816,0.6666666865348816,1.5307000875473022,1.5307000875473022,0.0,0.0,4.592100024223328,4.592100024223328,4.592100024223328,115.0,0.0,0.0,40.0,0.0,250.0,250.0,4000.0,1.0,1.0,1.0,1.0,1.0,0.0,835200.0,0.0,137.0,0.0,129.0,266.0,1,,,26.55906412532296,64.52221526442385,103.43658069024184,,,0.0,0.0,0.0,0.0,0.0
59027,north east,bauchi,dambam,rural,406.0,2019,1070,guinea corn (sorghum),2.602299928665161,150.0,23500.0,23500.0,0.8674333393573761,0.8674333393573761,0.0,0.6666666865348816,0.6666666865348816,0.8674333393573761,0.8674333393573761,0.0,0.0,2.6072999285534024,2.602299928665161,2.602299928665161,9.0,6.0,5.5,12.5,50.0,0.0,50.0,1250.0,2.0,0.0,1.0,1.0,0.0,0.0,0.0,0.0,190.0,0.0,121.0,311.0,1,,,26.55906412532296,64.52221526442385,103.43658069024184,,,0.0,0.0,0.0,0.0,0.0
59028,north east,bauchi,dambam,rural,406.0,2019,1070,guinea corn (sorghum),0.9079799950122833,1000.0,140000.0,140000.0,0.33730000257492065,0.33730000257492065,0.0,0.8333333432674408,0.8333333432674408,0.33730000257492065,0.33730000257492065,0.0,0.0,3.2120899856090546,3.2120899856090546,3.2120899856090546,0.0,0.0,0.0,90.0,0.0,0.0,0.0,9000.0,1.0,1.0,0.0,1.0,1.0,0.0,0.0,0.0,222.0,0.0,230.0,452.0,1,,,26.55906412532296,64.52221526442385,103.43658069024184,,,0.0,0.0,0.0,0.0,0.0
59030,north east,bauchi,dambam,rural,406.0,2019,1070,guinea corn (sorghum),3.6500800251960754,352.6400146484375,49369.6015625,0.0,1.7648450136184692,0.846310019493103,0.0,1.75,1.75,0.846310019493103,1.7648450136184692,0.0,0.0,3.660080024972558,3.6500800251960754,3.6500800251960754,32.0,6.0,5.5,165.0,50.0,50.0,100.0,16500.0,2.0,0.0,1.0,1.0,0.0,96000.0,0.0,0.0,154.0,0.0,115.0,269.0,1,,,26.55906412532296,64.52221526442385,103.43658069024184,,,0.0,0.0,0.0,0.0,0.0
59031,north east,bauchi,dambam,rural,406.0,2019,1070,guinea corn (sorghum),4.075800061225891,344.0800018310547,48171.2001953125,42000.0,1.8131333589553833,1.8131333589553833,0.0,1.3333333432674408,1.3333333432674408,1.8131333589553833,1.8131333589553833,0.0,0.0,4.085800061002374,4.075800061225891,4.075800061225891,0.0,0.0,0.0,145.0,0.0,0.0,0.0,14500.0,0.0,0.0,0.0,0.0,0.0,0.0,0.0,0.0,253.0,0.0,54.0,307.0,1,,,26.55906412532296,64.52221526442385,103.43658069024184,,,0.0,0.0,0.0,0.0,0.0
59034,north east,bauchi,dambam,rural,406.0,2019,1070,guinea corn (sorghum),1.333899974822998,600.0,84000.0,84000.0,0.666949987411499,0.666949987411499,0.0,0.5,0.5,0.666949987411499,0.666949987411499,0.0,0.0,4.242209920659661,4.232209920883179,4.232209920883179,107.0,33.0,30.25,7.0,275.0,125.0,400.0,700.0,4.0,0.0,1.0,1.0,0.0,66000.0,0.0,0.0,96.0,12.0,0.0,108.0,1,,,26.55906412532296,64.52221526442385,103.43658069024184,,,0.0,0.0,0.0,0.0,0.0
59035,north east,bauchi,dambam,rural,406.0,2019,1070,guinea corn (sorghum),1.533409982919693,300.0,42000.0,42000.0,0.38335249572992325,0.38335249572992325,0.0,0.5,0.5,0.38335249572992325,0.38335249572992325,0.0,0.0,1.5384099828079343,1.533409982919693,1.533409982919693,18.0,12.0,11.0,15.0,100.0,0.0,100.0,1500.0,0.0,0.0,1.0,0.0,0.0,78000.0,0.0,0.0,35.0,24.0,0.0,59.0,1,,,26.55906412532296,64.52221526442385,103.43658069024184,,,0.0,0.0,0.0,0.0,0.0
59036,north east,bauchi,dambam,rural,406.0,2019,1070,guinea corn (sorghum),2.3890199661254883,500.0,70000.0,70000.0,0.7071050107479095,0.7071050107479095,0.0,0.8333333432674408,0.8333333432674408,0.7071050107479095,0.7071050107479095,14000.0,200.0,2.399019965901971,2.3890199661254883,2.3890199661254883,23.0,0.0,0.0,32.5,0.0,50.0,50.0,3250.0,0.0,0.0,1.0,0.0,0.0,0.0,0.0,0.0,134.0,0.0,24.0,158.0,1,,,26.55906412532296,64.52221526442385,103.43658069024184,,,0.0,0.0,0.0,0.0,0.0
59037,north east,bauchi,dambam,rural,1162.0,2019,1070,guinea corn (sorghum),3.4024500846862793,1400.0,196000.0,196000.0,1.5631500482559204,1.5631500482559204,0.0,1.3333333432674408,1.3333333432674408,1.5631500482559204,1.5631500482559204,0.0,0.0,5.3032001266255975,5.296200126409531,5.296200126409531,82.0,24.0,22.0,5.0,200.0,100.0,300.0,500.0,0.0,0.0,1.0,0.0,0.0,678000.0,0.0,0.0,68.0,20.0,0.0,88.0,1,,,26.55906412532296,64.52221526442385,103.43658069024184,,,0.0,0.0,0.0,0.0,0.0
59040,north east,bauchi,dambam,rural,1162.0,2019,1070,guinea corn (sorghum),4.320899963378906,1200.0,228000.0,228000.0,1.2714666724205017,1.2714666724205017,0.0,0.5833333432674408,0.5833333432674408,1.2714666724205017,1.2714666724205017,0.0,0.0,4.3258999632671475,4.320899963378906,4.320899963378906,45.0,30.0,27.5,27.5,250.0,0.0,250.0,2750.0,4.0,0.0,1.0,1.0,0.0,0.0,0.0,0.0,55.0,47.0,7.0,109.0,1,,,26.55906412532296,64.52221526442385,103.43658069024184,,,0.0,0.0,0.0,0.0,0.0
59041,north east,bauchi,dambam,rural,1162.0,2019,1070,guinea corn (sorghum),3.4161999225616455,800.0,112000.0,112000.0,1.7080999612808228,1.7080999612808228,0.0,0.5,0.5,1.7080999612808228,1.7080999612808228,0.0,0.0,6.879199991002679,6.869199991226196,6.869199991226196,0.0,0.0,0.0,40.0,0.0,0.0,0.0,4000.0,0.0,0.0,0.0,0.0,0.0,0.0,0.0,0.0,97.0,52.0,39.0,188.0,1,,,26.55906412532296,64.52221526442385,103.43658069024184,,,0.0,0.0,0.0,0.0,0.0
59042,north east,bauchi,dambam,rural,1162.0,2019,1070,guinea corn (sorghum),2.461899995803833,1500.0,210000.0,210000.0,0.8206333518028259,0.8206333518028259,0.0,0.3333333432674408,0.3333333432674408,0.8206333518028259,0.8206333518028259,0.0,0.0,4.003299951553345,4.003299951553345,4.003299951553345,0.0,0.0,0.0,35.0,0.0,0.0,0.0,3500.0,0.0,0.0,0.0,0.0,0.0,0.0,0.0,0.0,89.0,109.0,10.0,208.0,1,,,26.55906412532296,64.52221526442385,103.43658069024184,,,0.0,0.0,0.0,0.0,0.0
59043,north east,bauchi,dambam,rural,1162.0,2019,1070,guinea corn (sorghum),2.391729950904846,1100.0,154000.0,154000.0,0.7972433567047119,0.7972433567047119,0.0,0.6666666865348816,0.6666666865348816,0.7972433567047119,0.7972433567047119,0.0,0.0,2.391729950904846,2.391729950904846,2.391729950904846,92.0,0.0,0.0,40.0,0.0,200.0,200.0,4000.0,1.0,1.0,1.0,1.0,1.0,0.0,0.0,0.0,65.0,0.0,76.0,141.0,1,,,26.55906412532296,64.52221526442385,103.43658069024184,,,0.0,0.0,0.0,0.0,0.0
59044,north east,bauchi,dambam,rural,1162.0,2019,1070,guinea corn (sorghum),0.687690019607544,500.0,70000.0,70000.0,0.343845009803772,0.343845009803772,0.0,0.5,0.5,0.343845009803772,0.343845009803772,0.0,0.0,2.251289963722229,2.251289963722229,2.251289963722229,69.0,0.0,0.0,40.0,0.0,150.0,150.0,4000.0,1.0,1.0,1.0,1.0,1.0,0.0,0.0,0.0,130.0,33.0,28.0,191.0,1,,,26.55906412532296,64.52221526442385,103.43658069024184,,,0.0,0.0,0.0,0.0,0.0
59046,north east,bauchi,dambam,rural,1162.0,2019,1070,guinea corn (sorghum),3.6024999618530273,500.0,95000.0,95000.0,1.2008333206176758,1.2008333206176758,0.0,0.3333333432674408,0.3333333432674408,1.2008333206176758,1.2008333206176758,0.0,0.0,5.222950025461614,5.20795002579689,5.20795002579689,45.0,30.0,27.5,50.0,250.0,0.0,250.0,5000.0,6.0,0.0,1.0,1.0,0.0,0.0,0.0,0.0,113.0,22.0,35.0,170.0,1,,,26.55906412532296,64.52221526442385,103.43658069024184,,,0.0,0.0,0.0,0.0,0.0
59047,north east,bauchi,dambam,rural,1162.0,2019,1070,guinea corn (sorghum),1.0073000192642212,352.6400146484375,49369.6015625,0.0,0.5036500096321106,0.5036500096321106,0.0,0.5,0.5,0.5036500096321106,0.5036500096321106,0.0,0.0,6.136839999817312,6.121840000152588,6.121840000152588,105.0,24.0,22.0,80.0,200.0,150.0,350.0,8000.0,3.0,0.0,1.0,1.0,0.0,324000.0,0.0,0.0,89.0,6.0,12.0,107.0,1,,,26.55906412532296,64.52221526442385,103.43658069024184,,,0.0,0.0,0.0,0.0,0.0
59048,north east,bauchi,dambam,rural,1162.0,2019,1070,guinea corn (sorghum),0.9587099850177765,352.6400146484375,49369.603515625,0.0,0.3925199955701828,0.3925199955701828,0.0,0.8333333432674408,0.8333333432674408,0.3925199955701828,0.3925199955701828,0.0,0.0,1.8963999692350626,1.88639996945858,1.88639996945858,2.944,0.0,0.0,128.0,0.0,6.4,6.4,12800.0,1.0,0.0,1.0,1.0,0.0,0.0,0.0,0.0,180.0,0.0,46.0,226.0,1,,,26.55906412532296,64.52221526442385,103.43658069024184,,,0.0,0.0,0.0,0.0,0.0
59050,north east,bauchi,darazo,rural,1292.0,2019,1070,guinea corn (sorghum),3.7283999919891357,300.0,42000.0,42000.0,0.9320999979972839,0.9320999979972839,0.0,0.25,0.25,0.9320999979972839,0.9320999979972839,0.0,0.0,6.8640999887138605,6.854099988937378,6.854099988937378,99.0,66.0,60.5,10.0,550.0,0.0,550.0,1000.0,10.0,0.0,1.0,1.0,0.0,0.0,0.0,0.0,79.0,105.0,65.0,249.0,1,,,26.55906412532296,64.52221526442385,103.43658069024184,,,0.0,0.0,0.0,0.0,0.0
59052,north east,bauchi,darazo,rural,1292.0,2019,1070,guinea corn (sorghum),4.29889988899231,500.0,70000.0,70000.0,1.7736999988555908,1.7736999988555908,0.0,0.8333333432674408,0.8333333432674408,1.7736999988555908,1.7736999988555908,0.0,0.0,4.308899888768792,4.29889988899231,4.29889988899231,18.0,12.0,11.0,0.0,100.0,0.0,100.0,0.0,5.0,0.0,1.0,1.0,0.0,0.0,0.0,0.0,73.0,39.0,0.0,112.0,1,,,26.55906412532296,64.52221526442385,103.43658069024184,,,0.0,0.0,0.0,0.0,0.0
59054,north east,bauchi,darazo,rural,1292.0,2019,1070,guinea corn (sorghum),0.8845000267028809,100.0,14000.0,14000.0,0.29483336210250854,0.29483336210250854,0.0,0.3333333432674408,0.3333333432674408,0.29483336210250854,0.29483336210250854,0.0,0.0,2.1741000413894653,2.1741000413894653,2.1741000413894653,40.5,27.0,24.75,15.0,225.0,0.0,225.0,1500.0,0.0,0.0,1.0,0.0,0.0,27240.0,0.0,0.0,152.0,67.0,0.0,219.0,1,,,26.55906412532296,64.52221526442385,103.43658069024184,,,0.0,0.0,0.0,0.0,0.0
59056,north east,bauchi,darazo,rural,1292.0,2019,1070,guinea corn (sorghum),1.1512000560760498,0.0,0.0,0.0,0.3837333619594574,0.0,0.0,0.3333333432674408,0.3333333432674408,0.0,0.3837333619594574,0.0,0.0,2.246500015258789,2.246500015258789,2.246500015258789,0.0,0.0,0.0,40.0,0.0,0.0,0.0,4000.0,0.0,0.0,0.0,0.0,0.0,0.0,0.0,0.0,159.0,55.0,8.0,222.0,1,,,26.55906412532296,64.52221526442385,103.43658069024184,,,0.0,0.0,0.0,0.0,0.0
59057,north east,bauchi,darazo,rural,1292.0,2019,1070,guinea corn (sorghum),2.3596999645233154,500.0,70000.0,70000.0,0.7865666747093201,0.7865666747093201,0.0,0.3333333432674408,0.3333333432674408,0.7865666747093201,0.7865666747093201,0.0,0.0,3.4357999563217163,3.4357999563217163,3.4357999563217163,50.0,18.0,16.5,0.0,150.0,50.0,200.0,0.0,1.0,1.0,1.0,1.0,1.0,247200.0,0.0,0.0,14.0,62.0,6.0,82.0,1,,,26.55906412532296,64.52221526442385,103.43658069024184,,,0.0,0.0,0.0,0.0,0.0
59058,north east,bauchi,darazo,rural,1292.0,2019,1070,guinea corn (sorghum),4.198289930820465,1200.0,168000.0,168000.0,1.1056466549634933,1.1056466549634933,0.0,0.5833333432674408,0.5833333432674408,1.1056466549634933,1.1056466549634933,0.0,0.0,4.208289930596948,4.198289930820465,4.198289930820465,45.0,30.0,27.5,70.0,250.0,0.0,250.0,7000.0,4.0,0.0,1.0,1.0,0.0,120000.0,0.0,0.0,205.0,25.0,0.0,230.0,1,,,26.55906412532296,64.52221526442385,103.43658069024184,,,0.0,0.0,0.0,0.0,0.0
59059,north east,bauchi,darazo,rural,1292.0,2019,1070,guinea corn (sorghum),1.0384999513626099,1500.0,210000.0,210000.0,0.5192499756813049,0.5192499756813049,0.0,0.5,0.5,0.5192499756813049,0.5192499756813049,0.0,0.0,5.318020059727132,5.3030200600624084,5.3030200600624084,94.5,63.0,57.75,30.0,525.0,0.0,525.0,3000.0,10.5,0.0,1.0,1.0,0.0,564000.0,0.0,0.0,99.0,34.0,0.0,133.0,1,,,26.55906412532296,64.52221526442385,103.43658069024184,,,0.0,0.0,0.0,0.0,0.0
59062,north east,bauchi,darazo,rural,1716.0,2019,1070,guinea corn (sorghum),2.9463999271392822,100.0,14000.0,14000.0,0.9821333289146423,0.49106666445732117,0.0,0.3333333432674408,0.3333333432674408,0.49106666445732117,0.9821333289146423,0.0,0.0,2.9513999270275235,2.9463999271392822,2.9463999271392822,0.0,0.0,0.0,15.0,0.0,0.0,0.0,1500.0,2.0,0.0,0.0,1.0,0.0,0.0,0.0,0.0,48.0,52.0,5.0,105.0,1,,,26.55906412532296,64.52221526442385,103.43658069024184,,,0.0,0.0,0.0,0.0,0.0
59063,north east,bauchi,darazo,rural,1716.0,2019,1070,guinea corn (sorghum),0.5181699991226196,300.0,42000.0,42000.0,0.1295424997806549,0.1295424997806549,0.0,0.25,0.25,0.1295424997806549,0.1295424997806549,0.0,0.0,2.650770077481866,2.6407700777053833,2.6407700777053833,18.0,12.0,11.0,15.0,100.0,0.0,100.0,1500.0,0.0,0.0,1.0,0.0,0.0,476400.0,0.0,0.0,190.0,30.0,0.0,220.0,1,,,26.55906412532296,64.52221526442385,103.43658069024184,,,0.0,0.0,0.0,0.0,0.0
59064,north east,bauchi,darazo,rural,1716.0,2019,1070,guinea corn (sorghum),3.998500108718872,700.0,98000.0,98000.0,0.7997000217437744,0.7997000217437744,0.0,0.20000000298023224,0.20000000298023224,0.7997000217437744,0.7997000217437744,0.0,0.0,5.644300112500787,5.634300112724304,5.634300112724304,41.0,12.0,11.0,7.5,100.0,50.0,150.0,750.0,0.0,0.0,1.0,0.0,0.0,171600.0,0.0,0.0,133.0,89.0,8.0,230.0,1,,,26.55906412532296,64.52221526442385,103.43658069024184,,,0.0,0.0,0.0,0.0,0.0
59066,north east,bauchi,darazo,rural,1716.0,2019,1070,guinea corn (sorghum),2.3984299898147583,200.0,28000.0,28000.0,0.6809599995613098,0.392545610666275,0.0,0.5833333432674408,0.5833333432674408,0.392545610666275,0.6809599995613098,0.0,0.0,2.3984299898147583,2.3984299898147583,2.3984299898147583,0.0,0.0,0.0,15.0,0.0,0.0,0.0,1500.0,2.0,0.0,0.0,1.0,0.0,16000.0,0.0,0.0,366.0,0.0,38.0,404.0,1,,,26.55906412532296,64.52221526442385,103.43658069024184,,,0.0,0.0,0.0,0.0,0.0
59067,north east,bauchi,darazo,rural,1716.0,2019,1070,guinea corn (sorghum),2.338099956512451,100.0,14000.0,14000.0,0.46761998534202576,0.46761998534202576,0.0,0.20000000298023224,0.20000000298023224,0.46761998534202576,0.46761998534202576,0.0,0.0,2.338099956512451,2.338099956512451,2.338099956512451,9.0,6.0,5.5,0.0,50.0,0.0,50.0,0.0,0.0,0.0,1.0,0.0,0.0,0.0,0.0,0.0,124.0,45.0,0.0,169.0,1,,,26.55906412532296,64.52221526442385,103.43658069024184,,,0.0,0.0,0.0,0.0,0.0
59068,north east,bauchi,darazo,rural,1716.0,2019,1070,guinea corn (sorghum),6.085299849510193,200.0,28000.0,28000.0,1.3162749707698822,1.3162749707698822,0.0,0.45000000298023224,0.45000000298023224,1.3162749707698822,1.3162749707698822,0.0,0.0,6.420769840478897,6.420769840478897,6.420769840478897,64.0,12.0,11.0,40.0,100.0,100.0,200.0,4000.0,0.0,0.0,1.0,0.0,0.0,0.0,0.0,0.0,185.0,44.0,6.0,235.0,1,,,26.55906412532296,64.52221526442385,103.43658069024184,,,0.0,0.0,0.0,0.0,0.0
59070,north east,bauchi,darazo,rural,1716.0,2019,1070,guinea corn (sorghum),1.8650000095367432,300.0,42000.0,42000.0,0.6216666996479034,0.6216666996479034,0.0,0.6666666865348816,0.6666666865348816,0.6216666996479034,0.6216666996479034,0.0,0.0,5.415200004354119,5.405200004577637,5.405200004577637,0.0,0.0,0.0,50.0,0.0,0.0,0.0,5000.0,2.0,0.0,0.0,1.0,0.0,100800.0,0.0,0.0,72.0,20.0,6.0,98.0,1,,,26.55906412532296,64.52221526442385,103.43658069024184,,,0.0,0.0,0.0,0.0,0.0
59072,north east,bauchi,darazo,rural,1716.0,2019,1070,guinea corn (sorghum),0.3923499882221222,200.0,28000.0,28000.0,0.1307833343744278,0.1307833343744278,0.0,0.3333333432674408,0.3333333432674408,0.1307833343744278,0.1307833343744278,0.0,0.0,2.701949993148446,2.6919499933719635,2.6919499933719635,137.0,30.0,27.5,23.0,250.0,200.0,450.0,2300.0,4.0,0.0,1.0,1.0,0.0,708600.0,0.0,0.0,134.0,16.0,14.0,164.0,1,,,26.55906412532296,64.52221526442385,103.43658069024184,,,0.0,0.0,0.0,0.0,0.0
59073,north east,bauchi,dass,rural,696.0,2019,1070,guinea corn (sorghum),2.28540301322937,600.0,84000.0,84000.0,1.142701506614685,1.142701506614685,0.0,1.5,1.5,1.142701506614685,1.142701506614685,0.0,0.0,4.552212059497833,4.552212059497833,4.552212059497833,23.0,0.0,0.0,7.0,0.0,50.0,50.0,700.0,0.0,7.0,1.0,0.0,1.0,336000.0,0.0,0.0,32.0,12.0,0.0,44.0,1,,,24.9859452124936,53.79109613415258,82.08833333333332,,,0.0,0.0,0.0,0.0,0.0
59075,north east,bauchi,dass,rural,696.0,2019,1070,guinea corn (sorghum),1.1646089851856232,1200.0,168000.0,168000.0,1.1646089851856232,0.380605012178421,0.0,2.0,2.0,0.380605012178421,1.1646089851856232,0.0,0.0,3.9998259097337723,3.9198259115219116,3.9198259115219116,161.0,0.0,0.0,30.0,0.0,350.0,350.0,3000.0,4.5,12.0,1.0,1.0,1.0,84000.0,0.0,0.0,110.0,26.0,11.0,147.0,1,,,24.9859452124936,53.79109613415258,82.08833333333332,,,0.0,0.0,0.0,0.0,0.0
59078,north east,bauchi,dass,rural,696.0,2019,1070,guinea corn (sorghum),0.3185400068759918,300.0,42000.0,42000.0,0.1592700034379959,0.1592700034379959,0.0,0.5,0.5,0.1592700034379959,0.1592700034379959,0.0,0.0,1.151800014078617,1.0818000137805939,1.0818000137805939,0.0,0.0,0.0,0.0,0.0,0.0,0.0,0.0,3.5,0.0,0.0,1.0,0.0,0.0,0.0,0.0,35.0,3.0,35.0,73.0,1,,,24.9859452124936,53.79109613415258,82.08833333333332,,,0.0,0.0,0.0,0.0,0.0
59079,north east,bauchi,dass,rural,696.0,2019,1070,guinea corn (sorghum),2.0287799537181854,1500.0,210000.0,210000.0,1.8737999498844147,1.8737999498844147,0.0,2.5,2.5,1.8737999498844147,1.8737999498844147,7000.0,100.0,3.0228899493813515,2.9528899490833282,2.9528899490833282,0.0,0.0,0.0,0.0,0.0,0.0,0.0,0.0,0.0,6.5,0.0,0.0,1.0,0.0,0.0,0.0,19.0,0.0,2.0,21.0,1,,,24.9859452124936,53.79109613415258,82.08833333333332,,,0.0,0.0,0.0,0.0,0.0
59080,north east,bauchi,dass,rural,696.0,2019,1070,guinea corn (sorghum),0.5457499921321869,350.0,49000.0,49000.0,0.27287499606609344,0.27287499606609344,0.0,1.0,1.0,0.27287499606609344,0.27287499606609344,0.0,0.0,1.058599978685379,0.9935999810695648,0.9935999810695648,0.0,0.0,0.0,0.0,0.0,0.0,0.0,0.0,0.0,5.0,0.0,0.0,1.0,0.0,0.0,0.0,35.0,8.0,0.0,43.0,1,,,24.9859452124936,53.79109613415258,82.08833333333332,,,0.0,0.0,0.0,0.0,0.0
59081,north east,bauchi,dass,rural,696.0,2019,1070,guinea corn (sorghum),1.0519399642944336,800.0,112000.0,112000.0,0.7948799729347229,0.7948799729347229,0.0,2.0,2.0,0.7948799729347229,0.7948799729347229,0.0,0.0,1.1144399642944336,1.0519399642944336,1.0519399642944336,0.0,0.0,0.0,40.0,0.0,0.0,0.0,4000.0,0.0,1.5,0.0,0.0,1.0,0.0,0.0,0.0,57.0,0.0,10.0,67.0,1,,,24.9859452124936,53.79109613415258,82.08833333333332,,,0.0,0.0,0.0,0.0,0.0
59083,north east,bauchi,dass,rural,696.0,2019,1070,guinea corn (sorghum),0.24763000011444092,150.0,21000.0,21000.0,0.04952600225806236,0.04952600225806236,0.0,0.20000000298023224,0.20000000298023224,0.0,0.0,0.0,0.0,2.7139080073684454,1.7139080073684454,1.7139080073684454,264.5,0.0,0.0,6.0,0.0,575.0,575.0,600.0,1.0,22.0,1.0,0.0,1.0,36000.0,0.0,0.0,10.0,5.0,4.0,19.0,1,,,24.9859452124936,53.79109613415258,82.08833333333332,,,0.0,0.0,0.0,0.0,0.0
59084,north east,bauchi,dass,rural,696.0,2019,1070,guinea corn (sorghum),1.0623200237751007,100.0,14000.0,14000.0,0.5311600118875504,0.5311600118875504,0.0,1.0,1.0,0.5311600118875504,0.5311600118875504,0.0,0.0,1.2696510255336761,1.2071510255336761,1.2071510255336761,32.0,6.0,5.5,10.0,50.0,50.0,100.0,1000.0,0.0,6.0,0.0,0.0,1.0,0.0,0.0,0.0,60.0,0.0,12.0,72.0,1,,,24.9859452124936,53.79109613415258,82.08833333333332,,,0.0,0.0,0.0,0.0,0.0
59085,north east,bauchi,gamawa,rural,230.0,2019,1070,guinea corn (sorghum),4.216700077056885,318.0,44520.0,0.0,1.405566692352295,1.405566692352295,0.0,0.3333333432674408,0.3333333432674408,1.405566692352295,1.405566692352295,0.0,0.0,8.217500095255673,8.212500095367432,8.212500095367432,69.0,0.0,0.0,75.0,0.0,150.0,150.0,7500.0,3.0,0.0,1.0,1.0,0.0,30000.0,0.0,0.0,47.0,40.0,0.0,87.0,1,,,26.55906412532296,64.52221526442385,103.43658069024184,,,0.0,0.0,0.0,0.0,0.0
59087,north east,bauchi,gamawa,rural,230.0,2019,1070,guinea corn (sorghum),4.411829948425293,250.0,47500.0,47500.0,2.0398599803447723,2.0398599803447723,0.0,0.8333333432674408,0.8333333432674408,2.0398599803447723,2.0398599803447723,0.0,0.0,4.4218299482017756,4.411829948425293,4.411829948425293,0.0,0.0,0.0,35.0,0.0,0.0,0.0,3500.0,0.0,0.0,0.0,0.0,0.0,0.0,0.0,0.0,200.0,6.0,10.0,216.0,1,,,26.55906412532296,64.52221526442385,103.43658069024184,,,0.0,0.0,0.0,0.0,0.0
59088,north east,bauchi,gamawa,rural,230.0,2019,1070,guinea corn (sorghum),3.0459001064300537,500.0,70000.0,70000.0,1.5229500532150269,1.5229500532150269,0.0,0.5,0.5,1.5229500532150269,1.5229500532150269,0.0,0.0,4.069220125675201,3.749220132827759,4.069220125675201,23.0,0.0,0.0,7.0,0.0,50.0,50.0,700.0,0.0,0.0,1.0,0.0,0.0,0.0,0.0,0.0,251.0,27.0,63.0,341.0,1,,,26.55906412532296,64.52221526442385,103.43658069024184,,,0.0,0.0,0.0,0.0,0.0
59089,north east,bauchi,gamawa,rural,230.0,2019,1070,guinea corn (sorghum),1.799399971961975,400.0,76000.0,112000.0,0.4498499929904938,0.4498499929904938,0.0,0.25,0.25,0.4498499929904938,0.4498499929904938,28000.0,200.0,4.599399924278259,1.799399971961975,1.799399971961975,0.0,0.0,0.0,25.0,0.0,0.0,0.0,2500.0,0.0,0.0,0.0,0.0,0.0,0.0,0.0,0.0,275.0,120.0,36.0,431.0,1,,,26.55906412532296,64.52221526442385,103.43658069024184,,,0.0,0.0,0.0,0.0,0.0
59090,north east,bauchi,gamawa,rural,230.0,2019,1070,guinea corn (sorghum),2.780900001525879,500.0,70000.0,64000.0,0.926966667175293,0.926966667175293,0.0,0.3333333432674408,0.3333333432674408,0.926966667175293,0.926966667175293,6400.0,100.0,5.413100004196167,4.413100004196167,5.413100004196167,69.0,0.0,0.0,40.0,0.0,150.0,150.0,4000.0,0.0,0.0,1.0,0.0,0.0,0.0,0.0,0.0,397.0,9.0,242.0,648.0,1,,,26.55906412532296,64.52221526442385,103.43658069024184,,,0.0,0.0,0.0,0.0,0.0
59092,north east,bauchi,gamawa,rural,230.0,2019,1070,guinea corn (sorghum),2.512700080871582,500.0,70000.0,70000.0,0.8375667333602905,0.8375667333602905,0.0,0.3333333432674408,0.3333333432674408,0.8375667333602905,0.8375667333602905,0.0,0.0,6.93020004266873,6.927700042724609,6.927700042724609,0.0,0.0,0.0,37.5,0.0,0.0,0.0,3750.0,0.0,0.0,0.0,0.0,0.0,0.0,0.0,0.0,80.0,42.0,36.0,158.0,1,,,26.55906412532296,64.52221526442385,103.43658069024184,,,0.0,0.0,0.0,0.0,0.0
59093,north east,bauchi,gamawa,rural,230.0,2019,1070,guinea corn (sorghum),6.9729397892951965,1300.0,182000.0,182000.0,2.2848016768693924,2.2848016768693924,0.0,0.5833333432674408,0.5833333432674408,2.2848016768693924,2.2848016768693924,0.0,0.0,8.202639763243496,8.197639763355255,8.197639763355255,32.0,6.0,5.5,11.0,50.0,50.0,100.0,1100.0,0.0,0.0,1.0,0.0,0.0,0.0,0.0,0.0,98.0,6.0,20.0,124.0,1,,,26.55906412532296,64.52221526442385,103.43658069024184,,,0.0,0.0,0.0,0.0,0.0
59094,north east,bauchi,gamawa,rural,230.0,2019,1070,guinea corn (sorghum),1.7747999429702759,318.0,44520.0,0.0,0.5916000008583069,0.5916000008583069,0.0,0.3333333432674408,0.3333333432674408,0.5916000008583069,0.5916000008583069,0.0,0.0,2.3773499224334955,2.367349922657013,2.367349922657013,23.0,0.0,0.0,45.0,0.0,50.0,50.0,4500.0,0.0,0.0,1.0,0.0,0.0,0.0,0.0,0.0,87.0,0.0,24.0,111.0,1,,,26.55906412532296,64.52221526442385,103.43658069024184,,,0.0,0.0,0.0,0.0,0.0
59095,north east,bauchi,gamawa,rural,230.0,2019,1070,guinea corn (sorghum),2.8015999794006348,1000.0,140000.0,140000.0,0.9338666796684265,0.9338666796684265,0.0,0.3333333432674408,0.3333333432674408,0.9338666796684265,0.9338666796684265,0.0,0.0,11.292900116182864,11.285900115966797,11.285900115966797,23.0,0.0,0.0,17.5003,0.0,50.0,50.0,1750.03,0.0,0.0,1.0,0.0,0.0,0.0,0.0,0.0,45.0,30.0,0.0,75.0,1,,,26.55906412532296,64.52221526442385,103.43658069024184,,,0.0,0.0,0.0,0.0,0.0
59097,north east,bauchi,ganjuwa,rural,1064.0,2019,1070,guinea corn (sorghum),1.4494099617004395,900.0,126000.0,126000.0,0.6277616620063782,0.6277616620063782,0.0,0.8333333432674408,0.8333333432674408,0.6277616620063782,0.6277616620063782,0.0,0.0,1.459409961476922,1.4494099617004395,1.4494099617004395,18.0,12.0,11.0,0.0,100.0,0.0,100.0,0.0,1.0,0.0,1.0,1.0,0.0,234000.0,0.0,0.0,40.0,23.0,0.0,63.0,1,,,26.58549353558628,51.331593573988734,72.28333333333333,,,0.0,0.0,0.0,0.0,0.0
59098,north east,bauchi,ganjuwa,rural,1064.0,2019,1070,guinea corn (sorghum),4.141689956188202,1500.0,210000.0,210000.0,1.5745383501052856,1.5745383501052856,0.0,1.9000000357627869,1.9000000357627869,1.5745383501052856,1.5745383501052856,0.0,0.0,4.685239979997277,4.675239980220795,4.675239980220795,123.0,36.0,33.0,7.5,300.0,150.0,450.0,750.0,0.0,0.0,1.0,0.0,0.0,1406400.0,0.0,600000.0,30.0,54.0,0.0,84.0,1,,,26.58549353558628,51.331593573988734,72.28333333333333,,,0.0,0.0,0.0,0.0,0.0
59099,north east,bauchi,ganjuwa,rural,1064.0,2019,1070,guinea corn (sorghum),0.9042799770832062,400.0,56000.0,56000.0,0.22606999427080154,0.22606999427080154,0.0,0.5,0.5,0.22606999427080154,0.22606999427080154,0.0,0.0,0.9092799769714475,0.9042799770832062,0.9042799770832062,18.0,12.0,11.0,0.0,100.0,0.0,100.0,0.0,0.0,0.0,1.0,0.0,0.0,380400.0,0.0,0.0,74.0,41.0,0.0,115.0,1,,,26.58549353558628,51.331593573988734,72.28333333333333,,,0.0,0.0,0.0,0.0,0.0
59101,north east,bauchi,ganjuwa,rural,1064.0,2019,1070,guinea corn (sorghum),1.084689974784851,200.0,28000.0,28000.0,0.46465998888015747,0.46465998888015747,0.0,0.8333333432674408,0.8333333432674408,0.46465998888015747,0.46465998888015747,0.0,0.0,1.084689974784851,1.084689974784851,1.084689974784851,0.0,0.0,0.0,100.0,0.0,0.0,0.0,10000.0,0.0,0.0,0.0,0.0,0.0,16800.0,0.0,0.0,63.0,9.0,0.0,72.0,1,,,26.58549353558628,51.331593573988734,72.28333333333333,,,0.0,0.0,0.0,0.0,0.0
59102,north east,bauchi,ganjuwa,rural,1064.0,2019,1070,guinea corn (sorghum),1.1465800106525421,200.0,28000.0,28000.0,0.46220750361680984,0.46220750361680984,0.0,0.75,0.75,0.46220750361680984,0.46220750361680984,0.0,0.0,1.1465800106525421,1.1465800106525421,1.1465800106525421,0.0,0.0,0.0,70.0,0.0,0.0,0.0,7000.0,0.0,0.0,0.0,0.0,0.0,534000.0,0.0,0.0,97.0,46.0,0.0,143.0,1,,,26.58549353558628,51.331593573988734,72.28333333333333,,,0.0,0.0,0.0,0.0,0.0
59103,north east,bauchi,ganjuwa,rural,1064.0,2019,1070,guinea corn (sorghum),0.9215499758720398,200.0,28000.0,28000.0,0.2759808301925659,0.09360750019550323,0.0,0.5833333432674408,0.5833333432674408,0.09360750019550323,0.2759808301925659,0.0,0.0,0.9215499758720398,0.9215499758720398,0.9215499758720398,23.0,0.0,0.0,12.0,0.0,50.0,50.0,1200.0,0.0,0.0,1.0,0.0,0.0,696000.0,335000.0,0.0,150.0,36.0,62.0,248.0,1,,,26.58549353558628,51.331593573988734,72.28333333333333,,,0.0,0.0,0.0,0.0,0.0
59104,north east,bauchi,ganjuwa,rural,1064.0,2019,1070,guinea corn (sorghum),0.9549910239875317,200.0,28000.0,28000.0,0.32627551816403866,0.1827655043452978,0.0,1.1666666865348816,1.1666666865348816,0.1589300036430359,0.30244001746177673,0.0,0.0,0.9549910239875317,0.9549910239875317,0.9549910239875317,22.639,6.0,5.5,0.0,50.0,29.65,79.65,0.0,2.0,1.0,1.0,1.0,1.0,42000.0,0.0,0.0,85.0,43.0,51.0,179.0,1,,,26.58549353558628,51.331593573988734,72.28333333333333,,,0.0,0.0,0.0,0.0,0.0
59105,north east,bauchi,ganjuwa,rural,1064.0,2019,1070,guinea corn (sorghum),0.6206200122833252,500.0,70000.0,70000.0,0.3103100061416626,0.3103100061416626,0.0,0.5,0.5,0.3103100061416626,0.3103100061416626,0.0,0.0,1.0394000206142664,1.0294000208377838,1.0294000208377838,32.0,6.0,5.5,10.0,50.0,50.0,100.0,1000.0,1.0,0.0,1.0,1.0,0.0,60000.0,0.0,0.0,33.0,12.0,2.0,47.0,1,,,26.58549353558628,51.331593573988734,72.28333333333333,,,0.0,0.0,0.0,0.0,0.0
59106,north east,bauchi,ganjuwa,rural,1064.0,2019,1070,guinea corn (sorghum),1.5428799986839294,450.0,63000.0,63000.0,0.7714399993419647,0.7714399993419647,0.0,1.0,1.0,0.7714399993419647,0.7714399993419647,0.0,0.0,1.5628799982368946,1.5428799986839294,1.5428799986839294,0.0,0.0,0.0,0.0,0.0,0.0,0.0,0.0,0.0,0.0,0.0,0.0,0.0,97200.0,0.0,0.0,86.0,202.0,4.0,292.0,1,,,26.58549353558628,51.331593573988734,72.28333333333333,,,0.0,0.0,0.0,0.0,0.0
59111,north east,bauchi,giade,rural,2196.0,2019,1070,guinea corn (sorghum),0.6635800004005432,300.0,42000.0,42000.0,0.2211933434009552,0.2211933434009552,0.0,0.3333333432674408,0.3333333432674408,0.2211933434009552,0.2211933434009552,0.0,0.0,1.633640025742352,1.6286400258541107,1.6286400258541107,0.0,0.0,0.0,10.0,0.0,0.0,0.0,1000.0,0.0,0.0,0.0,0.0,0.0,44100.0,0.0,0.0,32.0,18.0,0.0,50.0,1,,,27.38865220174091,44.14156266001024,48.80666666666667,,,0.0,0.0,0.0,0.0,0.0
59112,north east,bauchi,giade,rural,2196.0,2019,1070,guinea corn (sorghum),0.5597100257873535,200.0,28000.0,28000.0,0.13992750644683838,0.13992750644683838,0.0,0.25,0.25,0.13992750644683838,0.13992750644683838,0.0,0.0,0.9444000171497464,0.9394000172615051,0.9394000172615051,0.0,0.0,0.0,30.0,0.0,0.0,0.0,3000.0,0.0,0.0,0.0,0.0,0.0,0.0,0.0,0.0,28.0,4.0,0.0,32.0,1,,,27.38865220174091,44.14156266001024,48.80666666666667,,,0.0,0.0,0.0,0.0,0.0
59115,north east,bauchi,giade,rural,2196.0,2019,1070,guinea corn (sorghum),1.3348000049591064,200.0,28000.0,28000.0,0.44493335485458374,0.44493335485458374,0.0,0.3333333432674408,0.3333333432674408,0.44493335485458374,0.44493335485458374,0.0,0.0,1.647460013628006,1.647460013628006,1.647460013628006,59.5,9.0,8.25,22.5,75.0,100.0,175.0,2250.0,1.0,1.0,1.0,1.0,1.0,0.0,0.0,0.0,222.0,0.0,56.0,278.0,1,,,27.38865220174091,44.14156266001024,48.80666666666667,,,0.0,0.0,0.0,0.0,0.0
59117,north east,bauchi,giade,rural,2196.0,2019,1070,guinea corn (sorghum),1.484709993004799,300.0,42000.0,42000.0,0.7423549965023994,0.7423549965023994,0.0,1.5,1.5,0.7423549965023994,0.7423549965023994,0.0,0.0,1.4997099926695228,1.484709993004799,1.484709993004799,0.0,0.0,0.0,40.0,0.0,0.0,0.0,4000.0,0.0,3.0,0.0,0.0,1.0,0.0,0.0,0.0,37.0,4.0,6.0,47.0,1,,,27.38865220174091,44.14156266001024,48.80666666666667,,,0.0,0.0,0.0,0.0,0.0
59119,north east,bauchi,giade,rural,2196.0,2019,1070,guinea corn (sorghum),2.789400100708008,750.0,105000.0,105000.0,1.394700050354004,1.394700050354004,0.0,0.5,0.5,1.394700050354004,1.394700050354004,0.0,0.0,5.61856004036963,5.593560039997101,5.593560039997101,0.0,0.0,0.0,96.0,0.0,0.0,0.0,9600.0,0.0,0.0,0.0,0.0,0.0,1596000.0,0.0,0.0,40.0,0.0,88.0,128.0,1,,,27.38865220174091,44.14156266001024,48.80666666666667,,,0.0,0.0,0.0,0.0,0.0
59121,north east,bauchi,jamare,rural,796.0,2019,1070,guinea corn (sorghum),0.9486100077629089,300.0,57000.0,57000.0,0.47430500388145447,0.47430500388145447,0.0,0.5,0.5,0.47430500388145447,0.47430500388145447,0.0,0.0,1.5101299975067377,1.5001299977302551,1.5001299977302551,0.0,0.0,0.0,30.0,0.0,0.0,0.0,3000.0,0.0,0.0,0.0,0.0,0.0,0.0,0.0,0.0,96.0,12.0,0.0,108.0,1,,,26.55906412532296,64.52221526442385,103.43658069024184,,,0.0,0.0,0.0,0.0,0.0
59122,north east,bauchi,jamare,rural,796.0,2019,1070,guinea corn (sorghum),4.105759978294373,1000.0,140000.0,140000.0,1.368586704134941,1.368586704134941,0.0,1.0000000298023224,1.0000000298023224,1.368586704134941,1.368586704134941,0.0,0.0,4.9565900061279535,4.946590006351471,4.946590006351471,0.0,0.0,0.0,60.0,0.0,0.0,0.0,6000.0,2.0,0.0,0.0,1.0,0.0,0.0,0.0,0.0,148.0,15.0,3.0,166.0,1,,,26.55906412532296,64.52221526442385,103.43658069024184,,,0.0,0.0,0.0,0.0,0.0
59124,north east,bauchi,jamare,rural,796.0,2019,1070,guinea corn (sorghum),2.7313100695610046,600.0,84000.0,84000.0,0.9104367196559906,0.9104367196559906,0.0,1.0000000298023224,1.0000000298023224,0.9104367196559906,0.9104367196559906,0.0,0.0,2.736310069449246,2.7313100695610046,2.7313100695610046,18.0,12.0,11.0,35.0,100.0,0.0,100.0,3500.0,0.0,0.0,1.0,0.0,0.0,0.0,0.0,0.0,248.0,47.0,0.0,295.0,1,,,26.55906412532296,64.52221526442385,103.43658069024184,,,0.0,0.0,0.0,0.0,0.0
59125,north east,bauchi,jamare,rural,796.0,2019,1070,guinea corn (sorghum),2.2836999893188477,400.0,56000.0,56000.0,0.7612333297729492,0.7612333297729492,0.0,0.3333333432674408,0.3333333432674408,0.7612333297729492,0.7612333297729492,0.0,0.0,3.633430008776486,3.6284300088882446,3.6284300088882446,64.0,12.0,11.0,25.0,100.0,100.0,200.0,2500.0,1.0,0.0,1.0,1.0,0.0,144000.0,0.0,0.0,105.0,44.0,0.0,149.0,1,,,26.55906412532296,64.52221526442385,103.43658069024184,,,0.0,0.0,0.0,0.0,0.0
59127,north east,bauchi,jamare,rural,796.0,2019,1070,guinea corn (sorghum),1.0058000087738037,700.0,98000.0,98000.0,0.33526667952537537,0.33526667952537537,0.0,0.3333333432674408,0.3333333432674408,0.33526667952537537,0.33526667952537537,0.0,0.0,2.1680800318717957,1.8720800280570984,2.1680800318717957,0.0,0.0,0.0,75.0,0.0,0.0,0.0,7500.0,0.0,0.0,0.0,0.0,0.0,0.0,0.0,0.0,129.0,63.0,140.0,332.0,1,,,26.55906412532296,64.52221526442385,103.43658069024184,,,0.0,0.0,0.0,0.0,0.0
59128,north east,bauchi,jamare,rural,796.0,2019,1070,guinea corn (sorghum),1.0615999698638916,750.0,105000.0,105000.0,0.35386666655540466,0.35386666655540466,0.0,0.3333333432674408,0.3333333432674408,0.35386666655540466,0.35386666655540466,0.0,0.0,2.954099953174591,2.154099941253662,2.954099953174591,46.0,0.0,0.0,30.0,0.0,100.0,100.0,3000.0,0.0,0.0,1.0,0.0,0.0,0.0,0.0,0.0,75.0,40.0,20.0,135.0,1,,,26.55906412532296,64.52221526442385,103.43658069024184,,,0.0,0.0,0.0,0.0,0.0
59129,north east,bauchi,jamare,rural,796.0,2019,1070,guinea corn (sorghum),0.7657899856567383,37.40999984741211,5237.39990234375,0.0,0.2552633285522461,0.2552633285522461,0.0,0.3333333432674408,0.3333333432674408,0.2552633285522461,0.2552633285522461,0.0,0.0,1.408899991773069,1.393899992108345,1.393899992108345,0.0,0.0,0.0,80.0,0.0,0.0,0.0,8000.0,0.0,0.0,0.0,0.0,0.0,0.0,0.0,0.0,64.0,0.0,14.0,78.0,1,,,26.55906412532296,64.52221526442385,103.43658069024184,,,0.0,0.0,0.0,0.0,0.0
59130,north east,bauchi,jamare,rural,796.0,2019,1070,guinea corn (sorghum),0.8339899778366089,106.0,14840.0,0.0,0.27799665927886963,0.27799665927886963,0.0,0.3333333432674408,0.3333333432674408,0.27799665927886963,0.27799665927886963,0.0,0.0,1.377239951863885,1.3672399520874023,1.3672399520874023,11.797,2.544,2.3319998,40.0,21.199999,17.35,38.55,4000.0,1.0,0.0,1.0,1.0,0.0,38500.0,0.0,0.0,58.0,12.0,33.0,103.0,1,,,26.55906412532296,64.52221526442385,103.43658069024184,,,0.0,0.0,0.0,0.0,0.0
59132,north east,bauchi,jamare,rural,796.0,2019,1070,guinea corn (sorghum),3.1633999347686768,371.0,51940.0,0.0,1.0596749782562256,1.0596749782562256,0.0,0.75,0.75,1.0596749782562256,1.0596749782562256,0.0,0.0,4.441509916447103,4.426509916782379,4.426509916782379,0.0,0.0,0.0,60.0,0.0,0.0,0.0,6000.0,5.0,0.0,0.0,1.0,0.0,205200.0,0.0,0.0,211.0,21.0,20.0,252.0,1,,,26.55906412532296,64.52221526442385,103.43658069024184,,,0.0,0.0,0.0,0.0,0.0
59138,north east,bauchi,misau,rural,1964.0,2019,1070,guinea corn (sorghum),0.22540000081062317,500.0,70000.0,70000.0,0.07513333857059479,0.07513333857059479,0.0,0.3333333432674408,0.3333333432674408,0.07513333857059479,0.07513333857059479,0.0,0.0,0.3969700038433075,0.3969700038433075,0.3969700038433075,11.5,0.0,0.0,4.0,0.0,25.0,25.0,400.0,1.0,1.0,1.0,1.0,1.0,234000.0,0.0,0.0,55.0,8.0,5.0,68.0,1,,,26.55906412532296,64.52221526442385,103.43658069024184,,,0.0,0.0,0.0,0.0,0.0
59140,north east,bauchi,misau,rural,1964.0,2019,1070,guinea corn (sorghum),0.22812999784946442,200.0,28000.0,28000.0,0.07604333758354187,0.07604333758354187,0.0,0.3333333432674408,0.3333333432674408,0.07604333758354187,0.07604333758354187,0.0,0.0,0.22812999784946442,0.22812999784946442,0.22812999784946442,9.0,6.0,5.5,0.0,50.0,0.0,50.0,0.0,1.0,1.0,1.0,1.0,1.0,0.0,1285000.0,0.0,18.0,40.0,0.0,58.0,1,,,26.55906412532296,64.52221526442385,103.43658069024184,,,0.0,0.0,0.0,0.0,0.0
59144,north east,bauchi,misau,rural,1964.0,2019,1070,guinea corn (sorghum),0.7214800119400024,300.0,42000.0,42000.0,0.3607400059700012,0.3607400059700012,0.0,0.5,0.5,0.3607400059700012,0.3607400059700012,0.0,0.0,0.7214800119400024,0.7214800119400024,0.7214800119400024,0.0,0.0,0.0,0.0,0.0,0.0,0.0,0.0,0.0,0.0,0.0,0.0,0.0,54000.0,40000.0,0.0,55.0,0.0,10.0,65.0,1,,,26.55906412532296,64.52221526442385,103.43658069024184,,,0.0,0.0,0.0,0.0,0.0
59145,north east,bauchi,shira,rural,134.0,2019,1070,guinea corn (sorghum),1.214849978685379,400.0,56000.0,56000.0,0.6074249893426895,0.6074249893426895,0.0,1.0,1.0,0.6074249893426895,0.6074249893426895,0.0,0.0,1.7072899732738733,1.6972899734973907,1.6972899734973907,105.0,24.0,22.0,0.0,200.0,150.0,350.0,0.0,0.0,0.0,1.0,0.0,0.0,0.0,420000.0,0.0,150.0,43.0,0.0,193.0,1,,,26.55906412532296,64.52221526442385,103.43658069024184,,,0.0,0.0,0.0,0.0,0.0
59147,north east,bauchi,shira,rural,134.0,2019,1070,guinea corn (sorghum),0.9192000031471252,750.0,105000.0,105000.0,0.4596000015735626,0.4596000015735626,0.0,1.0,1.0,0.4596000015735626,0.4596000015735626,0.0,0.0,2.873300020582974,2.8683000206947327,2.8683000206947327,57.5,0.0,0.0,7.0,0.0,125.0,125.0,700.0,0.0,0.0,1.0,0.0,0.0,22800.0,0.0,0.0,45.0,80.0,32.0,157.0,1,,,26.55906412532296,64.52221526442385,103.43658069024184,,,0.0,0.0,0.0,0.0,0.0
59148,north east,bauchi,shira,rural,134.0,2019,1070,guinea corn (sorghum),0.6170799732208252,100.0,14000.0,14000.0,0.1542699933052063,0.1542699933052063,0.0,0.25,0.25,0.1542699933052063,0.1542699933052063,0.0,0.0,0.8149999766610563,0.8119999766349792,0.8119999766349792,46.0,0.0,0.0,5.0,0.0,100.0,100.0,500.0,0.0,0.0,1.0,0.0,0.0,49200.0,0.0,0.0,40.0,17.0,0.0,57.0,1,,,26.55906412532296,64.52221526442385,103.43658069024184,,,0.0,0.0,0.0,0.0,0.0
59149,north east,bauchi,shira,rural,134.0,2019,1070,guinea corn (sorghum),0.8508299887180328,200.0,28000.0,28000.0,0.33207499980926514,0.33207499980926514,0.0,0.8333333432674408,0.8333333432674408,0.33207499980926514,0.33207499980926514,0.0,0.0,0.8508299887180328,0.8508299887180328,0.8508299887180328,55.0,6.0,5.5,24.0,50.0,100.0,150.0,2400.0,0.0,1.0,1.0,0.0,1.0,40200.0,186000.0,0.0,111.0,42.0,27.0,180.0,1,,,26.55906412532296,64.52221526442385,103.43658069024184,,,0.0,0.0,0.0,0.0,0.0
59150,north east,bauchi,shira,rural,134.0,2019,1070,guinea corn (sorghum),2.583930015563965,500.0,70000.0,70000.0,0.7257100045681,0.7257100045681,0.0,0.5833333432674408,0.5833333432674408,0.7257100045681,0.7257100045681,0.0,0.0,2.583930015563965,2.583930015563965,2.583930015563965,0.0,0.0,0.0,65.0,0.0,0.0,0.0,6500.0,2.0,0.0,0.0,1.0,0.0,0.0,0.0,0.0,128.0,90.0,77.0,295.0,1,,,26.55906412532296,64.52221526442385,103.43658069024184,,,0.0,0.0,0.0,0.0,0.0
59151,north east,bauchi,shira,rural,134.0,2019,1070,guinea corn (sorghum),4.0178000926971436,800.0,112000.0,112000.0,1.3392667174339294,1.3392667174339294,0.0,0.6666666865348816,0.6666666865348816,1.3392667174339294,1.3392667174339294,0.0,0.0,4.718050122261047,4.718050122261047,4.718050122261047,174.0,24.0,22.0,20.0,200.0,300.0,500.0,2000.0,0.0,0.0,1.0,0.0,0.0,0.0,440000.0,0.0,68.0,100.0,46.0,214.0,1,,,26.55906412532296,64.52221526442385,103.43658069024184,,,0.0,0.0,0.0,0.0,0.0
59153,north east,bauchi,shira,rural,134.0,2019,1070,guinea corn (sorghum),1.7868099808692932,1100.0,154000.0,154000.0,0.5192825049161911,0.5192825049161911,0.0,0.5833333432674408,0.5833333432674408,0.5192825049161911,0.5192825049161911,0.0,0.0,1.7868099808692932,1.7868099808692932,1.7868099808692932,61.5,18.0,16.5,40.0,150.0,75.0,225.0,4000.0,0.0,0.0,1.0,0.0,0.0,56400.0,360000.0,0.0,305.0,52.0,120.0,477.0,1,,,26.55906412532296,64.52221526442385,103.43658069024184,,,0.0,0.0,0.0,0.0,0.0
59154,north east,bauchi,shira,rural,134.0,2019,1070,guinea corn (sorghum),0.6043999791145325,500.0,70000.0,70000.0,0.2014666646718979,0.2014666646718979,0.0,0.3333333432674408,0.3333333432674408,0.2014666646718979,0.2014666646718979,0.0,0.0,1.58614999987185,1.5761500000953674,1.58614999987185,68.0,30.0,27.5,17.5,250.0,50.0,300.0,1750.0,3.0,4.0,1.0,1.0,1.0,22000.0,0.0,0.0,38.0,27.0,0.0,65.0,1,,,26.55906412532296,64.52221526442385,103.43658069024184,,,0.0,0.0,0.0,0.0,0.0
59155,north east,bauchi,shira,rural,134.0,2019,1070,guinea corn (sorghum),2.3608399629592896,500.0,70000.0,70000.0,0.910319983959198,0.910319983959198,0.0,0.8333333432674408,0.8333333432674408,0.910319983959198,0.910319983959198,0.0,0.0,4.007639988325536,3.9926399886608124,3.9926399886608124,258.0,57.0,52.25,144.0,475.0,375.0,850.0,14400.0,1.0,0.0,1.0,1.0,0.0,48000.0,0.0,0.0,140.0,30.0,29.0,199.0,1,,,26.55906412532296,64.52221526442385,103.43658069024184,,,0.0,0.0,0.0,0.0,0.0
59156,north east,bauchi,shira,rural,134.0,2019,1070,guinea corn (sorghum),0.15550999343395233,0.0,0.0,0.0,0.15550999343395233,0.0,0.0,1.0,1.0,0.0,0.15550999343395233,0.0,0.0,0.31277998723089695,0.30277998745441437,0.30277998745441437,96.0,18.0,16.5,0.0,150.0,150.0,300.0,0.0,0.0,0.0,1.0,0.0,0.0,144000.0,0.0,0.0,27.0,12.0,0.0,39.0,1,,,26.55906412532296,64.52221526442385,103.43658069024184,,,0.0,0.0,0.0,0.0,0.0
59159,north east,bauchi,tafawa balewa,rural,1424.0,2019,1070,guinea corn (sorghum),0.6997020244598389,100.0,14000.0,14000.0,0.34985101222991943,0.34985101222991943,0.0,0.5,0.5,0.34985101222991943,0.34985101222991943,0.0,0.0,2.149115025997162,2.0091150254011154,2.0091150254011154,193.9,48.0,44.0,0.0,400.0,265.0,665.0,0.0,2.0,9.0,1.0,1.0,1.0,28800.0,0.0,0.0,27.0,16.0,0.0,43.0,1,,,26.55906412532296,64.52221526442385,103.43658069024184,,,0.0,0.0,0.0,0.0,0.0
59160,north east,bauchi,tafawa balewa,rural,1424.0,2019,1070,guinea corn (sorghum),2.1921000480651855,1000.0,140000.0,140000.0,1.0960500240325928,1.0960500240325928,0.0,0.5,0.5,1.0960500240325928,1.0960500240325928,0.0,0.0,5.832670032978058,5.767670035362244,5.767670035362244,320.0,60.0,55.0,0.0,500.0,500.0,1000.0,0.0,6.0,57.0,1.0,1.0,1.0,0.0,760000.0,0.0,145.0,45.0,0.0,190.0,1,,,26.55906412532296,64.52221526442385,103.43658069024184,,,0.0,0.0,0.0,0.0,0.0
59162,north east,bauchi,tafawa balewa,rural,1424.0,2019,1070,guinea corn (sorghum),0.5889009833335876,200.0,28000.0,28000.0,0.2944504916667938,0.2944504916667938,0.0,0.5,0.5,0.2944504916667938,0.2944504916667938,0.0,0.0,1.3664209879934788,1.3164209872484207,1.3164209872484207,209.24,31.056,28.468,0.0,258.8,353.6,612.39996,0.0,10.0,8.0,1.0,1.0,1.0,26400.0,0.0,0.0,34.0,0.0,24.0,58.0,1,,,26.55906412532296,64.52221526442385,103.43658069024184,,,0.0,0.0,0.0,0.0,0.0
59163,north east,bauchi,tafawa balewa,rural,1424.0,2019,1070,guinea corn (sorghum),1.0604499876499176,1700.0,238000.0,238000.0,0.4174366742372513,0.4174366742372513,0.0,0.8333333432674408,0.8333333432674408,0.4174366742372513,0.4174366742372513,0.0,0.0,2.2491899877786636,2.1866899877786636,2.1866899877786636,32.0,6.0,5.5,0.0,50.0,50.0,100.0,0.0,0.0,14.0,1.0,0.0,1.0,0.0,0.0,0.0,100.0,13.0,2.0,115.0,1,,,26.55906412532296,64.52221526442385,103.43658069024184,,,0.0,0.0,0.0,0.0,0.0
59164,north east,bauchi,tafawa balewa,rural,1424.0,2019,1070,guinea corn (sorghum),1.2773000001907349,800.0,112000.0,112000.0,1.02183997631073,1.02183997631073,0.0,0.800000011920929,0.800000011920929,1.02183997631073,1.02183997631073,0.0,0.0,2.611791990697384,1.6117919906973839,1.6117919906973839,72.496,0.0,0.0,0.0,0.0,157.6,157.6,0.0,0.0,6.5,1.0,0.0,1.0,1670000.0,240000.0,0.0,105.0,0.0,0.0,105.0,1,,,26.55906412532296,64.52221526442385,103.43658069024184,,,0.0,0.0,0.0,0.0,0.0
59168,north east,bauchi,tafawa balewa,rural,1424.0,2019,1070,guinea corn (sorghum),1.612470030784607,1000.0,140000.0,140000.0,0.7760750167071819,0.6489750258624554,0.0,1.3333333432674408,1.3333333432674408,0.6489750258624554,0.7760750167071819,0.0,0.0,1.975952036678791,1.875952035188675,1.875952035188675,43.163998,6.696,6.138,20.0,55.8,72.0,127.8,2000.0,0.0,9.5,1.0,0.0,1.0,193000.0,0.0,0.0,17.0,1.0,0.0,18.0,1,,,26.55906412532296,64.52221526442385,103.43658069024184,,,0.0,0.0,0.0,0.0,0.0
59170,north east,bauchi,asari toro,rural,1788.0,2019,1070,guinea corn (sorghum),0.6009079813957214,400.0,56000.0,56000.0,0.6009079813957214,0.6009079813957214,0.0,1.0,1.0,0.6009079813957214,0.6009079813957214,0.0,0.0,1.444918006658554,1.444918006658554,1.444918006658554,9.0,6.0,5.5,0.0,50.0,0.0,50.0,0.0,0.0,4.0,1.0,0.0,1.0,0.0,0.0,0.0,88.0,0.0,27.0,115.0,1,,,24.594531105990782,54.68549091141833,88.22000000000001,,,0.0,0.0,0.0,0.0,0.0
59171,north east,bauchi,asari toro,rural,1788.0,2019,1070,guinea corn (sorghum),1.6304029822349548,800.0,112000.0,112000.0,1.32270148396492,1.32270148396492,0.0,2.0,2.0,1.32270148396492,1.32270148396492,0.0,0.0,1.9924099743366241,1.9924099743366241,1.9924099743366241,23.0,0.0,0.0,30.0,0.0,50.0,50.0,3000.0,0.0,5.0,1.0,0.0,1.0,0.0,0.0,0.0,100.0,0.0,51.0,151.0,1,,,24.594531105990782,54.68549091141833,88.22000000000001,,,0.0,0.0,0.0,0.0,0.0
59172,north east,bauchi,asari toro,rural,1788.0,2019,1070,guinea corn (sorghum),0.6974049806594849,100.0,14000.0,14000.0,0.34870249032974243,0.34870249032974243,0.0,0.5,0.5,0.34870249032974243,0.34870249032974243,0.0,0.0,1.0661109685897827,1.0661109685897827,1.0661109685897827,138.0,0.0,0.0,7.0,0.0,300.0,300.0,700.0,0.0,5.0,1.0,0.0,1.0,276000.0,0.0,0.0,80.0,0.0,30.0,110.0,1,,,24.594531105990782,54.68549091141833,88.22000000000001,,,0.0,0.0,0.0,0.0,0.0
59176,north east,bauchi,asari toro,rural,1788.0,2019,1070,guinea corn (sorghum),2.1064000129699707,1000.0,140000.0,140000.0,2.1064000129699707,2.1064000129699707,0.0,1.0,1.0,2.1064000129699707,2.1064000129699707,0.0,0.0,3.5195000134408474,3.459500014781952,3.459500014781952,18.0,12.0,11.0,120.0,100.0,0.0,100.0,12000.0,0.0,14.0,1.0,0.0,1.0,300000.0,0.0,0.0,75.0,80.0,0.0,155.0,1,,,24.594531105990782,54.68549091141833,88.22000000000001,,,0.0,0.0,0.0,0.0,0.0
59179,north east,bauchi,asari toro,rural,1788.0,2019,1070,guinea corn (sorghum),1.2587000131607056,500.0,70000.0,70000.0,1.2587000131607056,1.2587000131607056,0.0,1.0,1.0,1.2587000131607056,1.2587000131607056,0.0,0.0,2.5922599881887436,2.5297599881887436,2.5297599881887436,32.0,6.0,5.5,0.0,50.0,50.0,100.0,0.0,1.0,11.0,1.0,1.0,1.0,27600.0,0.0,0.0,30.0,0.0,30.0,60.0,1,,,24.594531105990782,54.68549091141833,88.22000000000001,,,0.0,0.0,0.0,0.0,0.0
59182,north east,bauchi,asari toro,rural,2802.0,2019,1070,guinea corn (sorghum),1.598114013671875,1600.0,224000.0,224000.0,0.9598600119352341,0.9598600119352341,0.0,2.0,2.0,0.9598600119352341,0.9598600119352341,0.0,0.0,1.860719010233879,1.764719009399414,1.764719009399414,240.0,45.0,41.25,0.0,375.0,375.0,750.0,0.0,0.0,17.0,1.0,0.0,1.0,0.0,0.0,0.0,10.0,32.0,0.0,42.0,1,,,24.594531105990782,54.68549091141833,88.22000000000001,,,0.0,0.0,0.0,0.0,0.0
59184,north east,bauchi,asari toro,rural,2802.0,2019,1070,guinea corn (sorghum),1.0196079909801483,550.0,77000.0,77000.0,0.5098039954900742,0.5098039954900742,0.0,1.0,1.0,0.5098039954900742,0.5098039954900742,0.0,0.0,1.3204129934310913,1.3204129934310913,1.3204129934310913,87.0,12.0,11.0,50.0,100.0,150.0,250.0,5000.0,0.0,8.0,1.0,0.0,1.0,102000.0,0.0,0.0,101.0,15.0,0.0,116.0,1,,,24.594531105990782,54.68549091141833,88.22000000000001,,,0.0,0.0,0.0,0.0,0.0
59185,north east,bauchi,asari toro,rural,2802.0,2019,1070,guinea corn (sorghum),0.9734940156340599,133.06000137329102,18628.400390625,14000.0,0.48674700781702995,0.48674700781702995,0.0,1.0,1.0,0.43855100870132446,0.43855100870132446,0.0,0.0,1.0654940158128738,0.9734940156340599,0.9734940156340599,64.0,12.0,11.0,7.0,100.0,100.0,200.0,700.0,0.0,4.0,1.0,0.0,1.0,270000.0,0.0,0.0,25.0,0.0,4.0,29.0,1,,,24.594531105990782,54.68549091141833,88.22000000000001,,,0.0,0.0,0.0,0.0,0.0
59212,north east,bauchi,jamare,rural,796.0,2019,1070,guinea corn (sorghum),0.29940998554229736,150.0,21000.0,21000.0,0.14970499277114868,0.14970499277114868,0.0,0.5,0.5,0.14970499277114868,0.14970499277114868,0.0,0.0,0.5143399881199002,0.5093399882316589,0.5093399882316589,31.924,0.0,0.0,0.0,0.0,69.4,69.4,0.0,1.0,1.0,1.0,1.0,1.0,30000.0,0.0,0.0,70.0,10.0,48.0,128.0,1,,,26.55906412532296,64.52221526442385,103.43658069024184,,,0.0,0.0,0.0,0.0,0.0
70013,north central,benue,gwer west,rural,754.0,2019,1070,guinea corn (sorghum),0.8635200262069702,0.0,0.0,0.0,0.4317600131034851,0.0,0.0,0.5,0.5,0.0,0.4317600131034851,0.0,0.0,3.0772900581359863,2.2672900557518005,3.0772900581359863,4.5,0.79200006,0.7260001,0.0,6.6000004,7.2,13.8,0.0,24.0,24.0,1.0,1.0,1.0,0.0,0.0,0.0,34.0,15.0,3.0,52.0,1,,,27.22107328469022,70.30883077316948,80.57833333333333,2018.0,fulani ethnic militia (nigeria),1.0,26.0,26.0,4.0,0.0
70013,north central,benue,gwer west,rural,754.0,2019,1070,guinea corn (sorghum),0.8635200262069702,0.0,0.0,0.0,0.4317600131034851,0.0,0.0,0.5,0.5,0.0,0.4317600131034851,0.0,0.0,3.0772900581359863,2.2672900557518005,3.0772900581359863,4.5,0.79200006,0.7260001,0.0,6.6000004,7.2,13.8,0.0,24.0,24.0,1.0,1.0,1.0,0.0,0.0,0.0,34.0,15.0,3.0,52.0,1,,,27.22107328469022,70.30883077316948,80.57833333333333,2018.0,military forces of nigeria (2015-2023),1.0,13.0,13.0,2.0,1.0
70013,north central,benue,gwer west,rural,754.0,2019,1070,guinea corn (sorghum),0.8635200262069702,0.0,0.0,0.0,0.4317600131034851,0.0,0.0,0.5,0.5,0.0,0.4317600131034851,0.0,0.0,3.0772900581359863,2.2672900557518005,3.0772900581359863,4.5,0.79200006,0.7260001,0.0,6.6000004,7.2,13.8,0.0,24.0,24.0,1.0,1.0,1.0,0.0,0.0,0.0,34.0,15.0,3.0,52.0,1,,,27.22107328469022,70.30883077316948,80.57833333333333,2019.0,fulani ethnic militia (nigeria),1.0,16.0,16.0,1.0,0.0
70013,north central,benue,gwer west,rural,754.0,2019,1070,guinea corn (sorghum),0.8635200262069702,0.0,0.0,0.0,0.4317600131034851,0.0,0.0,0.5,0.5,0.0,0.4317600131034851,0.0,0.0,3.0772900581359863,2.2672900557518005,3.0772900581359863,4.5,0.79200006,0.7260001,0.0,6.6000004,7.2,13.8,0.0,24.0,24.0,1.0,1.0,1.0,0.0,0.0,0.0,34.0,15.0,3.0,52.0,1,,,27.22107328469022,70.30883077316948,80.57833333333333,2019.0,military forces of nigeria (2015-2023),1.0,0.0,0.0,1.0,1.0
70015,north central,benue,gwer west,rural,754.0,2019,1070,guinea corn (sorghum),1.0363999605178833,1000.0,129666.6640625,200000.0,1.0363999605178833,1.0363999605178833,0.0,1.0,1.0,1.0363999605178833,1.0363999605178833,20000.0,200.0,2.5013600066304207,2.4613600075244904,2.4613600075244904,18.0,12.0,11.0,0.0,100.0,0.0,100.0,0.0,0.0,15.0,1.0,0.0,1.0,0.0,0.0,0.0,30.0,10.0,0.0,40.0,1,,,27.22107328469022,70.30883077316948,80.57833333333333,2018.0,fulani ethnic militia (nigeria),1.0,26.0,26.0,4.0,0.0
70015,north central,benue,gwer west,rural,754.0,2019,1070,guinea corn (sorghum),1.0363999605178833,1000.0,129666.6640625,200000.0,1.0363999605178833,1.0363999605178833,0.0,1.0,1.0,1.0363999605178833,1.0363999605178833,20000.0,200.0,2.5013600066304207,2.4613600075244904,2.4613600075244904,18.0,12.0,11.0,0.0,100.0,0.0,100.0,0.0,0.0,15.0,1.0,0.0,1.0,0.0,0.0,0.0,30.0,10.0,0.0,40.0,1,,,27.22107328469022,70.30883077316948,80.57833333333333,2018.0,military forces of nigeria (2015-2023),1.0,13.0,13.0,2.0,1.0
70015,north central,benue,gwer west,rural,754.0,2019,1070,guinea corn (sorghum),1.0363999605178833,1000.0,129666.6640625,200000.0,1.0363999605178833,1.0363999605178833,0.0,1.0,1.0,1.0363999605178833,1.0363999605178833,20000.0,200.0,2.5013600066304207,2.4613600075244904,2.4613600075244904,18.0,12.0,11.0,0.0,100.0,0.0,100.0,0.0,0.0,15.0,1.0,0.0,1.0,0.0,0.0,0.0,30.0,10.0,0.0,40.0,1,,,27.22107328469022,70.30883077316948,80.57833333333333,2019.0,fulani ethnic militia (nigeria),1.0,16.0,16.0,1.0,0.0
70015,north central,benue,gwer west,rural,754.0,2019,1070,guinea corn (sorghum),1.0363999605178833,1000.0,129666.6640625,200000.0,1.0363999605178833,1.0363999605178833,0.0,1.0,1.0,1.0363999605178833,1.0363999605178833,20000.0,200.0,2.5013600066304207,2.4613600075244904,2.4613600075244904,18.0,12.0,11.0,0.0,100.0,0.0,100.0,0.0,0.0,15.0,1.0,0.0,1.0,0.0,0.0,0.0,30.0,10.0,0.0,40.0,1,,,27.22107328469022,70.30883077316948,80.57833333333333,2019.0,military forces of nigeria (2015-2023),1.0,0.0,0.0,1.0,1.0
70071,north central,benue,katsina,rural,1226.0,2019,1070,guinea corn (sorghum),0.5555599927902222,700.0,90766.6640625,90766.6640625,0.2777799963951111,0.2777799963951111,0.0,0.5,0.5,0.2777799963951111,0.2777799963951111,0.0,0.0,1.644239991903305,1.644239991903305,1.644239991903305,18.0,12.0,11.0,0.0,100.0,0.0,100.0,0.0,0.0,21.0,1.0,0.0,1.0,0.0,0.0,0.0,252.0,0.0,0.0,252.0,1,,,26.55906412532296,64.52221526442385,103.43658069024184,,,0.0,0.0,0.0,0.0,0.0
70072,north central,benue,katsina,rural,1226.0,2019,1070,guinea corn (sorghum),0.7663399875164032,200.0,35400.0,35400.0,0.635579988360405,0.635579988360405,0.0,1.5,1.5,0.635579988360405,0.635579988360405,0.0,0.0,1.5617600157856941,1.5617600157856941,1.5617600157856941,0.0,0.0,0.0,0.0,0.0,0.0,0.0,0.0,1.0,2.0,0.0,1.0,1.0,0.0,0.0,0.0,67.0,20.0,0.0,87.0,1,,,26.55906412532296,64.52221526442385,103.43658069024184,,,0.0,0.0,0.0,0.0,0.0
70074,north central,benue,katsina,rural,1226.0,2019,1070,guinea corn (sorghum),1.781790018081665,1400.0,181533.328125,181533.328125,0.8908950090408325,0.8908950090408325,0.0,1.0,1.0,0.8908950090408325,0.8908950090408325,0.0,0.0,3.659950017929077,3.659950017929077,3.659950017929077,18.0,12.0,11.0,0.0,100.0,0.0,100.0,0.0,0.0,7.0,1.0,0.0,1.0,0.0,0.0,0.0,93.0,84.0,48.0,225.0,1,,,26.55906412532296,64.52221526442385,103.43658069024184,,,0.0,0.0,0.0,0.0,0.0
70076,north central,benue,katsina,rural,1226.0,2019,1070,guinea corn (sorghum),0.33983999490737915,100.0,12966.666015625,12966.666015625,0.16991999745368958,0.16991999745368958,0.0,0.5,0.5,0.16991999745368958,0.16991999745368958,0.0,0.0,0.665317989885807,0.665317989885807,0.665317989885807,0.0,0.0,0.0,0.0,0.0,0.0,0.0,0.0,0.0,2.0,0.0,0.0,1.0,0.0,0.0,0.0,128.0,0.0,0.0,128.0,1,,,26.55906412532296,64.52221526442385,103.43658069024184,,,0.0,0.0,0.0,0.0,0.0
70078,north central,benue,katsina,rural,1226.0,2019,1070,guinea corn (sorghum),1.0597000122070312,100.0,17700.0,17700.0,0.35323333740234375,0.35323333740234375,0.0,0.3333333432674408,0.3333333432674408,0.35323333740234375,0.35323333740234375,0.0,0.0,4.153546020388603,3.153546020388603,4.153546020388603,92.0,0.0,0.0,0.0,0.0,200.0,200.0,0.0,0.0,16.0,1.0,0.0,1.0,0.0,0.0,0.0,36.0,0.0,0.0,36.0,1,,,26.55906412532296,64.52221526442385,103.43658069024184,,,0.0,0.0,0.0,0.0,0.0
70079,north central,benue,katsina,rural,1226.0,2019,1070,guinea corn (sorghum),0.2650800049304962,50.0,6500.0,0.0,0.2650800049304962,0.2650800049304962,0.0,1.0,1.0,0.2650800049304962,0.2650800049304962,0.0,0.0,0.7787199914455414,0.7787199914455414,0.7787199914455414,0.0,0.0,0.0,0.25,0.0,0.0,0.0,25.0,0.0,8.0,0.0,0.0,1.0,0.0,162000.0,0.0,22.0,45.0,0.0,67.0,1,,,26.55906412532296,64.52221526442385,103.43658069024184,,,0.0,0.0,0.0,0.0,0.0
70121,north central,benue,okpokwu,rural,1640.0,2019,1070,guinea corn (sorghum),0.057920001447200775,10.359999656677246,1346.7999267578125,0.0,0.057920001447200775,0.057920001447200775,0.0,1.0,1.0,0.057920001447200775,0.057920001447200775,0.0,0.0,1.2298460081219673,0.42047400027513504,0.42047400027513504,0.0,0.0,0.0,0.0,0.0,0.0,0.0,0.0,0.0,1.0,0.0,0.0,1.0,0.0,0.0,0.0,295.0,0.0,0.0,295.0,1,,,26.80982488479263,73.99111296722991,79.55833333333334,2017.0,fulani ethnic militia (nigeria),1.0,6.0,6.0,2.0,0.0
70121,north central,benue,okpokwu,rural,1640.0,2019,1070,guinea corn (sorghum),0.057920001447200775,10.359999656677246,1346.7999267578125,0.0,0.057920001447200775,0.057920001447200775,0.0,1.0,1.0,0.057920001447200775,0.057920001447200775,0.0,0.0,1.2298460081219673,0.42047400027513504,0.42047400027513504,0.0,0.0,0.0,0.0,0.0,0.0,0.0,0.0,0.0,1.0,0.0,0.0,1.0,0.0,0.0,0.0,295.0,0.0,0.0,295.0,1,,,26.80982488479263,73.99111296722991,79.55833333333334,2018.0,fulani ethnic militia (nigeria),1.0,26.0,28.0,2.0,0.0
79014,north central,benue,agatu,rural,954.0,2019,1070,guinea corn (sorghum),0.3601900041103363,100.0,17700.0,44000.0,0.3601900041103363,0.3601900041103363,0.0,1.0,1.0,0.3601900041103363,0.3601900041103363,11000.0,50.0,0.6703820005059242,0.6703820005059242,0.6703820005059242,0.0,0.0,0.0,0.0,0.0,0.0,0.0,0.0,0.0,2.0,0.0,0.0,1.0,0.0,0.0,0.0,98.0,60.0,0.0,158.0,1,,,26.55906412532296,64.52221526442385,103.43658069024184,,,0.0,0.0,0.0,0.0,0.0
79015,north central,benue,agatu,rural,954.0,2019,1070,guinea corn (sorghum),0.4377500116825104,100.0,17700.0,17700.0,0.4377500116825104,0.4377500116825104,0.0,1.0,1.0,0.4377500116825104,0.4377500116825104,0.0,0.0,2.5806500613689423,2.5806500613689423,2.5806500613689423,0.0,0.0,0.0,0.0,0.0,0.0,0.0,0.0,0.0,0.0,0.0,0.0,0.0,0.0,0.0,0.0,76.0,184.0,10.0,270.0,1,,,26.55906412532296,64.52221526442385,103.43658069024184,,,0.0,0.0,0.0,0.0,0.0
79018,north central,benue,agatu,rural,954.0,2019,1070,guinea corn (sorghum),0.08846999704837799,100.0,17700.0,17700.0,0.08846999704837799,0.08846999704837799,0.0,1.0,1.0,0.08846999704837799,0.08846999704837799,0.0,0.0,0.8697699876502156,0.8647699877619743,0.8647699877619743,36.0,24.0,22.0,0.0,200.0,0.0,200.0,0.0,0.0,12.0,1.0,0.0,1.0,0.0,0.0,0.0,92.0,36.0,0.0,128.0,1,,,26.55906412532296,64.52221526442385,103.43658069024184,,,0.0,0.0,0.0,0.0,0.0
79019,north central,benue,agatu,rural,954.0,2019,1070,guinea corn (sorghum),2.0515100955963135,400.0,51866.6640625,80000.0,2.0515100955963135,2.0515100955963135,0.0,1.0,1.0,2.0515100955963135,2.0515100955963135,10000.0,100.0,4.121570070274174,4.116570070385933,4.116570070385933,4.5,3.0,2.75,0.0,25.0,0.0,25.0,0.0,0.0,11.0,1.0,0.0,1.0,0.0,0.0,0.0,54.0,70.0,0.0,124.0,1,,,26.55906412532296,64.52221526442385,103.43658069024184,,,0.0,0.0,0.0,0.0,0.0
79020,north central,benue,agatu,rural,954.0,2019,1070,guinea corn (sorghum),0.5085099935531616,100.0,12966.666015625,20000.0,0.1695033311843872,0.1695033311843872,0.0,0.3333333432674408,0.3333333432674408,0.1695033311843872,0.1695033311843872,10000.0,100.0,1.1651119668968022,1.1616119667887688,1.1616119667887688,0.0,0.0,0.0,0.0,0.0,0.0,0.0,0.0,0.0,5.0,0.0,0.0,1.0,0.0,0.0,0.0,93.0,72.0,35.0,200.0,1,,,26.55906412532296,64.52221526442385,103.43658069024184,,,0.0,0.0,0.0,0.0,0.0
79021,north central,benue,agatu,rural,954.0,2019,1070,guinea corn (sorghum),0.6055899858474731,135.28799438476562,17587.439453125,0.0,0.2018633335828781,0.2018633335828781,0.0,0.3333333432674408,0.3333333432674408,0.2018633335828781,0.2018633335828781,0.0,0.0,1.3451999663375318,1.3421999663114548,1.3421999663114548,9.0,6.0,5.5,0.0,50.0,0.0,50.0,0.0,0.0,5.0,1.0,0.0,1.0,276000.0,0.0,0.0,173.0,35.0,4.0,212.0,1,,,26.55906412532296,64.52221526442385,103.43658069024184,,,0.0,0.0,0.0,0.0,0.0
79026,north central,benue,buruku,rural,10.0,2019,1070,guinea corn (sorghum),2.3213000297546387,1200.0,35400.0,78400.0,1.1606500148773193,0.7660290598869324,0.0,0.5,0.5,0.7660290598869324,1.1606500148773193,0.0,0.0,8.083500117063522,6.083500117063522,8.083500117063522,0.0,0.0,0.0,0.0,0.0,0.0,0.0,0.0,0.0,0.0,0.0,0.0,0.0,90000.0,0.0,0.0,28.0,12.0,0.0,40.0,1,,,26.55906412532296,64.52221526442385,103.43658069024184,,,0.0,0.0,0.0,0.0,0.0
79028,north central,benue,buruku,rural,10.0,2019,1070,guinea corn (sorghum),1.6002999544143677,250.0,44250.0,80000.0,0.8001499772071838,0.8001499772071838,0.0,0.5,0.5,0.8001499772071838,0.8001499772071838,16000.0,100.0,3.1252899169921875,3.1252899169921875,3.1252899169921875,0.0,0.0,0.0,0.0,0.0,0.0,0.0,0.0,0.0,20.0,0.0,0.0,1.0,0.0,0.0,0.0,66.0,102.0,0.0,168.0,1,,,26.55906412532296,64.52221526442385,103.43658069024184,,,0.0,0.0,0.0,0.0,0.0
79033,north central,benue,buruku,rural,10.0,2019,1070,guinea corn (sorghum),0.2769100069999695,1000.0,64666.6640625,64666.6640625,0.13845500349998474,0.06922750174999237,0.0,0.5,0.5,0.06922750174999237,0.13845500349998474,0.0,0.0,1.391410008072853,1.2769100069999695,1.3394100069999695,0.0,0.0,0.0,0.0,0.0,0.0,100.0,0.0,0.0,12.0,1.0,0.0,1.0,0.0,0.0,0.0,33.0,3.0,40.0,76.0,1,,,26.55906412532296,64.52221526442385,103.43658069024184,,,0.0,0.0,0.0,0.0,0.0
79038,north central,benue,gboko,urban,3834.0,2019,1070,guinea corn (sorghum),0.4172700047492981,100.0,12966.666015625,12966.666015625,0.13909000158309937,0.13909000158309937,0.0,0.3333333432674408,0.3333333432674408,0.13909000158309937,0.13909000158309937,0.0,0.0,1.4739100188016891,1.3389100134372711,1.4739100188016891,19.8,13.2,12.1,0.0,110.0,0.0,160.0,0.0,0.0,8.0,1.0,0.0,1.0,0.0,0.0,0.0,82.0,0.0,27.0,109.0,1,,,26.55906412532296,64.52221526442385,103.43658069024184,,,0.0,0.0,0.0,0.0,0.0
79061,north central,benue,ohimini,rural,458.0,2019,1070,guinea corn (sorghum),0.32232001423835754,150.0,26550.0,30000.0,0.32232001423835754,0.32232001423835754,0.0,1.0,1.0,0.32232001423835754,0.32232001423835754,5000.0,50.0,1.0150700300000608,1.0120700299739838,1.0120700299739838,0.0,0.0,0.0,0.5,0.0,0.0,0.0,50.0,0.0,4.0,0.0,0.0,1.0,0.0,0.0,0.0,144.0,72.0,0.0,216.0,1,,,26.55906412532296,64.52221526442385,103.43658069024184,,,0.0,0.0,0.0,0.0,0.0
79062,north central,benue,ohimini,rural,458.0,2019,1070,guinea corn (sorghum),0.31158000230789185,10.359999656677246,1346.7999267578125,0.0,0.15579000115394592,0.11684250086545944,0.0,0.5,0.5,0.11684250086545944,0.15579000115394592,0.0,0.0,0.9566700160503387,0.9566700160503387,0.9566700160503387,0.0,0.0,0.0,0.0,0.0,0.0,0.0,0.0,0.0,3.0,0.0,0.0,1.0,0.0,0.0,0.0,19.0,9.0,0.0,28.0,1,,,26.55906412532296,64.52221526442385,103.43658069024184,,,0.0,0.0,0.0,0.0,0.0
79064,north central,benue,ohimini,rural,458.0,2019,1070,guinea corn (sorghum),0.25328001379966736,100.0,17700.0,17700.0,0.25328001379966736,0.12664000689983368,0.0,1.0,1.0,0.12664000689983368,0.25328001379966736,0.0,0.0,1.7092900276184082,1.7092900276184082,1.7092900276184082,0.0,0.0,0.0,0.0,0.0,0.0,0.0,0.0,0.0,0.0,0.0,0.0,0.0,0.0,0.0,0.0,103.0,74.0,0.0,177.0,1,,,26.55906412532296,64.52221526442385,103.43658069024184,,,0.0,0.0,0.0,0.0,0.0
79065,north central,benue,ohimini,rural,458.0,2019,1070,guinea corn (sorghum),0.4736100137233734,150.0,26550.0,26550.0,0.4736100137233734,0.4736100137233734,0.0,1.0,1.0,0.4736100137233734,0.4736100137233734,0.0,0.0,1.8346100151538849,1.8346100151538849,1.8346100151538849,0.0,0.0,0.0,0.0,0.0,0.0,0.0,0.0,0.0,12.0,0.0,0.0,1.0,0.0,0.0,0.0,109.0,90.0,0.0,199.0,1,,,26.55906412532296,64.52221526442385,103.43658069024184,,,0.0,0.0,0.0,0.0,0.0
79067,north central,benue,ohimini,rural,458.0,2019,1070,guinea corn (sorghum),0.14529000222682953,10.359999656677246,1346.7999267578125,0.0,0.14529000222682953,0.14529000222682953,0.0,1.0,1.0,0.14529000222682953,0.14529000222682953,0.0,0.0,0.6033800067380071,0.5983800068497658,0.5983800068497658,0.0,0.0,0.0,0.0,0.0,0.0,0.0,0.0,0.0,0.0,0.0,0.0,0.0,0.0,0.0,0.0,30.0,6.0,0.0,36.0,1,,,26.55906412532296,64.52221526442385,103.43658069024184,,,0.0,0.0,0.0,0.0,0.0
79070,north central,benue,ohimini,rural,458.0,2019,1070,guinea corn (sorghum),0.5376999974250793,20.719999313354492,2693.599853515625,0.0,0.5376999974250793,0.5376999974250793,0.0,1.0,1.0,0.5376999974250793,0.5376999974250793,0.0,0.0,3.037600100040436,3.037600100040436,3.037600100040436,64.0,12.0,11.0,0.0,100.0,100.0,200.0,0.0,0.0,7.0,1.0,0.0,1.0,0.0,0.0,0.0,293.0,90.0,0.0,383.0,1,,,26.55906412532296,64.52221526442385,103.43658069024184,,,0.0,0.0,0.0,0.0,0.0
79105,north central,benue,okpokwu,rural,1228.0,2019,1070,guinea corn (sorghum),0.10780999809503555,75.0,13275.0,36000.0,0.10780999809503555,0.10780999809503555,0.0,1.0,1.0,0.10780999809503555,0.10780999809503555,12000.0,50.0,0.35705999843776226,0.3370599988847971,0.3370599988847971,0.0,0.0,0.0,0.0,0.0,0.0,0.0,0.0,0.0,3.0,0.0,0.0,1.0,0.0,0.0,0.0,93.0,12.0,0.0,105.0,1,,,26.80982488479263,73.99111296722991,79.55833333333334,2017.0,fulani ethnic militia (nigeria),1.0,6.0,6.0,2.0,0.0
79105,north central,benue,okpokwu,rural,1228.0,2019,1070,guinea corn (sorghum),0.10780999809503555,75.0,13275.0,36000.0,0.10780999809503555,0.10780999809503555,0.0,1.0,1.0,0.10780999809503555,0.10780999809503555,12000.0,50.0,0.35705999843776226,0.3370599988847971,0.3370599988847971,0.0,0.0,0.0,0.0,0.0,0.0,0.0,0.0,0.0,3.0,0.0,0.0,1.0,0.0,0.0,0.0,93.0,12.0,0.0,105.0,1,,,26.80982488479263,73.99111296722991,79.55833333333334,2018.0,fulani ethnic militia (nigeria),1.0,26.0,28.0,2.0,0.0
79109,north central,benue,otukpo,rural,270.0,2019,1070,guinea corn (sorghum),0.293940007686615,25.899999618530273,3367.0,0.0,0.293940007686615,0.293940007686615,0.0,1.0,1.0,0.293940007686615,0.293940007686615,0.0,0.0,1.1472500264644623,1.1472500264644623,1.1472500264644623,0.0,0.0,0.0,0.0,0.0,0.0,0.0,0.0,0.0,5.0,0.0,0.0,1.0,1740000.0,0.0,0.0,144.0,500.0,0.0,644.0,1,,,26.55906412532296,64.52221526442385,103.43658069024184,,,0.0,0.0,0.0,0.0,0.0
79110,north central,benue,otukpo,rural,270.0,2019,1070,guinea corn (sorghum),0.40974000096321106,10.359999656677246,1346.7999267578125,0.0,0.40974000096321106,0.40974000096321106,0.0,1.0,1.0,0.40974000096321106,0.40974000096321106,0.0,0.0,1.0817900002002716,1.0817900002002716,1.0817900002002716,0.0,0.0,0.0,0.0,0.0,0.0,0.0,0.0,0.0,7.0,0.0,0.0,1.0,0.0,0.0,0.0,425.0,80.0,0.0,505.0,1,,,26.55906412532296,64.52221526442385,103.43658069024184,,,0.0,0.0,0.0,0.0,0.0
79111,north central,benue,otukpo,rural,270.0,2019,1070,guinea corn (sorghum),0.3360700011253357,300.0,53100.0,72000.0,0.3360700011253357,0.3360700011253357,0.0,1.0,1.0,0.3360700011253357,0.3360700011253357,12000.0,100.0,1.060629978775978,1.060629978775978,1.060629978775978,0.0,0.0,0.0,0.0,0.0,0.0,0.0,0.0,0.0,18.0,0.0,0.0,1.0,336000.0,0.0,0.0,138.0,45.0,0.0,183.0,1,,,26.55906412532296,64.52221526442385,103.43658069024184,,,0.0,0.0,0.0,0.0,0.0
79113,north central,benue,otukpo,rural,270.0,2019,1070,guinea corn (sorghum),0.3840000033378601,850.0,150450.0,150450.0,0.3840000033378601,0.3840000033378601,0.0,1.0,1.0,0.3840000033378601,0.3840000033378601,0.0,0.0,2.44543999992311,2.433439999818802,2.433439999818802,36.0,24.0,22.0,0.0,200.0,0.0,200.0,0.0,0.0,45.0,1.0,0.0,1.0,0.0,720000.0,0.0,107.0,12.0,0.0,119.0,1,,,26.55906412532296,64.52221526442385,103.43658069024184,,,0.0,0.0,0.0,0.0,0.0
79114,north central,benue,otukpo,rural,270.0,2019,1070,guinea corn (sorghum),0.13781000673770905,10.359999656677246,1346.7999267578125,0.0,0.13781000673770905,0.13781000673770905,0.0,1.0,1.0,0.13781000673770905,0.13781000673770905,0.0,0.0,0.5779600040987134,0.5729600042104721,0.5729600042104721,0.0,0.0,0.0,0.0,0.0,0.0,0.0,0.0,0.0,6.0,0.0,0.0,1.0,0.0,0.0,0.0,20.0,18.0,0.0,38.0,1,,,26.55906412532296,64.52221526442385,103.43658069024184,,,0.0,0.0,0.0,0.0,0.0
79117,north central,benue,otukpo,rural,270.0,2019,1070,guinea corn (sorghum),0.09113600105047226,36.459999084472656,4739.7998046875,0.0,0.09113600105047226,0.09113600105047226,0.0,1.0,1.0,0.09113600105047226,0.09113600105047226,0.0,0.0,0.6852860092185438,0.6822860091924667,0.6822860091924667,0.0,0.0,0.0,0.0,0.0,0.0,0.0,0.0,0.0,6.0,0.0,0.0,1.0,0.0,0.0,0.0,67.0,55.0,12.0,134.0,1,,,26.55906412532296,64.52221526442385,103.43658069024184,,,0.0,0.0,0.0,0.0,0.0
79119,north central,benue,otukpo,rural,270.0,2019,1070,guinea corn (sorghum),0.2601499855518341,20.719999313354492,1346.7999267578125,20000.0,0.2601499855518341,0.13007499277591705,0.0,1.0,1.0,0.13007499277591705,0.2601499855518341,5000.0,5.179999828338623,0.5497999801300466,0.5467999801039696,0.5467999801039696,18.0,12.0,11.0,0.0,100.0,0.0,100.0,0.0,0.0,6.0,1.0,0.0,1.0,666000.0,540000.0,0.0,130.0,8.0,0.0,138.0,1,,,26.55906412532296,64.52221526442385,103.43658069024184,,,0.0,0.0,0.0,0.0,0.0
79120,north central,benue,otukpo,rural,270.0,2019,1070,guinea corn (sorghum),0.07618799805641174,26.305999755859375,3419.780029296875,0.0,0.019046999514102936,0.019046999514102936,0.0,0.25,0.25,0.0,0.0,0.0,0.0,0.3427359997294843,0.3397359997034073,0.3397359997034073,0.0,0.0,0.0,0.0,0.0,0.0,0.0,0.0,0.0,5.0,0.0,0.0,1.0,0.0,0.0,0.0,97.0,8.0,0.0,105.0,1,,,26.55906412532296,64.52221526442385,103.43658069024184,,,0.0,0.0,0.0,0.0,0.0
79121,north central,benue,ukum,rural,2400.0,2019,1070,guinea corn (sorghum),0.583549976348877,200.0,25933.33203125,25933.33203125,0.2917749881744385,0.2917749881744385,0.0,0.5,0.5,0.2917749881744385,0.2917749881744385,0.0,0.0,1.3187099695205688,1.3187099695205688,1.3187099695205688,9.0,6.0,5.5,0.0,50.0,0.0,50.0,0.0,0.0,10.0,1.0,0.0,1.0,0.0,0.0,0.0,131.0,8.0,0.0,139.0,1,,,26.55906412532296,64.52221526442385,103.43658069024184,,,0.0,0.0,0.0,0.0,0.0
79122,north central,benue,ukum,rural,2400.0,2019,1070,guinea corn (sorghum),0.38345998525619507,400.0,51866.6640625,51866.6640625,0.19172999262809753,0.19172999262809753,0.0,0.5,0.5,0.19172999262809753,0.19172999262809753,0.0,0.0,0.9996699690818787,0.9996699690818787,0.9996699690818787,41.0,12.0,11.0,0.0,100.0,50.0,150.0,0.0,0.0,7.0,1.0,0.0,1.0,0.0,0.0,0.0,126.0,63.0,105.0,294.0,1,,,26.55906412532296,64.52221526442385,103.43658069024184,,,0.0,0.0,0.0,0.0,0.0
79123,north central,benue,ukum,rural,2400.0,2019,1070,guinea corn (sorghum),0.26576998829841614,200.0,25933.33203125,25933.33203125,0.1056675910949707,0.1056675910949707,0.0,0.39759036898612976,0.39759036898612976,0.1056675910949707,0.1056675910949707,0.0,0.0,0.47544999420642853,0.47544999420642853,0.47544999420642853,9.0,6.0,5.5,0.0,50.0,0.0,50.0,0.0,0.0,6.0,1.0,0.0,1.0,0.0,0.0,0.0,57.0,36.0,0.0,93.0,1,,,26.55906412532296,64.52221526442385,103.43658069024184,,,0.0,0.0,0.0,0.0,0.0
79124,north central,benue,ukum,rural,2400.0,2019,1070,guinea corn (sorghum),0.602590024471283,200.0,25933.33203125,25933.33203125,0.602590024471283,0.602590024471283,0.0,1.0,1.0,0.602590024471283,0.602590024471283,0.0,0.0,1.454230010509491,1.454230010509491,1.454230010509491,46.0,0.0,0.0,0.0,0.0,100.0,100.0,0.0,0.0,5.0,1.0,0.0,1.0,0.0,0.0,0.0,74.0,0.0,0.0,74.0,1,,,26.55906412532296,64.52221526442385,103.43658069024184,,,0.0,0.0,0.0,0.0,0.0
79127,north central,benue,ukum,rural,2400.0,2019,1070,guinea corn (sorghum),1.7071000337600708,400.0,70800.0,70800.0,0.7587111592292786,0.7587111592292786,0.0,0.4444444477558136,0.4444444477558136,0.7587111592292786,0.7587111592292786,0.0,0.0,3.774999976158142,3.774999976158142,3.774999976158142,230.0,0.0,0.0,0.0,0.0,500.0,500.0,0.0,0.0,25.0,1.0,0.0,1.0,0.0,354000.0,0.0,49.0,104.0,18.0,171.0,1,,,26.55906412532296,64.52221526442385,103.43658069024184,,,0.0,0.0,0.0,0.0,0.0
79128,north central,benue,ukum,rural,2400.0,2019,1070,guinea corn (sorghum),0.49876999855041504,400.0,51866.6640625,51866.6640625,0.24938499927520752,0.24938499927520752,0.0,0.5,0.5,0.24938499927520752,0.24938499927520752,0.0,0.0,0.7270700037479401,0.7270700037479401,0.7270700037479401,23.0,0.0,0.0,0.0,0.0,50.0,50.0,0.0,0.0,0.0,1.0,0.0,0.0,0.0,0.0,0.0,45.0,0.0,0.0,45.0,1,,,26.55906412532296,64.52221526442385,103.43658069024184,,,0.0,0.0,0.0,0.0,0.0
80017,north east,borno,maiduguri,urban,1448.0,2019,1070,guinea corn (sorghum),4.046860218048096,350.0,66500.0,66500.0,4.046860218048096,4.046860218048096,0.0,1.0,1.0,4.046860218048096,4.046860218048096,0.0,0.0,4.071860218420625,4.046860218048096,4.046860218048096,0.0,0.0,0.0,0.0,0.0,0.0,0.0,0.0,0.0,0.0,0.0,0.0,0.0,0.0,0.0,0.0,17.0,20.0,0.0,37.0,1,,,26.55906412532296,64.52221526442385,103.43658069024184,,,0.0,0.0,0.0,0.0,0.0
80102,north east,borno,shani,rural,804.0,2019,1070,guinea corn (sorghum),0.5922600030899048,400.0,56000.0,56000.0,0.5922600030899048,0.5922600030899048,0.0,1.0,1.0,0.5922600030899048,0.5922600030899048,0.0,0.0,4.1618900541216135,4.1368900537490845,4.1368900537490845,36.0,24.0,22.0,0.5,200.0,0.0,200.0,50.0,3.5,6.0,1.0,1.0,1.0,63600.0,0.0,0.0,510.0,7.0,0.0,517.0,1,,,27.02413613671275,58.70926651305684,138.47916666666666,2019.0,boko haram - jamaatu ahli is-sunnah lid-dawati wal-jihad,1.0,1.0,1.0,1.0,0.0
80103,north east,borno,shani,rural,804.0,2019,1070,guinea corn (sorghum),0.27720001339912415,100.0,14000.0,14000.0,0.09240000694990158,0.09240000694990158,0.0,0.3333333432674408,0.3333333432674408,0.09240000694990158,0.09240000694990158,0.0,0.0,2.00068299472332,1.798339992761612,1.798339992761612,27.0,18.0,16.5,0.0,150.0,0.0,150.0,0.0,3.25,5.5,1.0,1.0,1.0,26400.0,0.0,0.0,22.0,6.0,0.0,28.0,1,,,27.02413613671275,58.70926651305684,138.47916666666666,2019.0,boko haram - jamaatu ahli is-sunnah lid-dawati wal-jihad,1.0,1.0,1.0,1.0,0.0
80105,north east,borno,shani,rural,804.0,2019,1070,guinea corn (sorghum),0.6583700180053711,150.0,21000.0,21000.0,0.32918500900268555,0.32918500900268555,0.0,0.5,0.5,0.32918500900268555,0.32918500900268555,0.0,0.0,1.0190500263124704,0.9940500259399414,0.9940500259399414,36.6,6.0,5.5,0.0,50.0,60.0,110.0,0.0,2.0,4.0,1.0,1.0,1.0,184800.0,0.0,0.0,60.0,9.0,0.0,69.0,1,,,27.02413613671275,58.70926651305684,138.47916666666666,2019.0,boko haram - jamaatu ahli is-sunnah lid-dawati wal-jihad,1.0,1.0,1.0,1.0,0.0
80107,north east,borno,shani,rural,804.0,2019,1070,guinea corn (sorghum),1.6187440156936646,100.0,14000.0,14000.0,0.8093720078468323,0.8093720078468323,0.0,0.5,0.5,0.8093720078468323,0.8093720078468323,0.0,0.0,12.82731819152832,12.32731819152832,12.32731819152832,80.5,0.0,0.0,0.0,0.0,175.0,175.0,0.0,2.0,16.0,1.0,1.0,1.0,2361600.0,0.0,0.0,60.0,30.0,0.0,90.0,1,,,27.02413613671275,58.70926651305684,138.47916666666666,2019.0,boko haram - jamaatu ahli is-sunnah lid-dawati wal-jihad,1.0,1.0,1.0,1.0,0.0
80108,north east,borno,shani,rural,804.0,2019,1070,guinea corn (sorghum),0.7363600134849548,100.0,14000.0,14000.0,0.3681800067424774,0.3681800067424774,0.0,0.5,0.5,0.3681800067424774,0.3681800067424774,0.0,0.0,1.8374620079994202,1.028090000152588,1.028090000152588,9.0,6.0,5.5,0.0,50.0,0.0,50.0,0.0,3.0,3.0,1.0,1.0,1.0,295200.0,0.0,0.0,47.0,0.0,0.0,47.0,1,,,27.02413613671275,58.70926651305684,138.47916666666666,2019.0,boko haram - jamaatu ahli is-sunnah lid-dawati wal-jihad,1.0,1.0,1.0,1.0,0.0
80109,north east,borno,shani,rural,804.0,2019,1070,guinea corn (sorghum),0.9102799892425537,300.0,42000.0,42000.0,0.35405999422073364,0.35405999422073364,0.0,0.8333333432674408,0.8333333432674408,0.35405999422073364,0.35405999422073364,0.0,0.0,1.5340309888124466,1.2840309888124466,1.2840309888124466,9.0,6.0,5.5,0.0,50.0,0.0,50.0,0.0,0.0,4.0,1.0,0.0,1.0,0.0,0.0,0.0,186.0,0.0,0.0,186.0,1,,,27.02413613671275,58.70926651305684,138.47916666666666,2019.0,boko haram - jamaatu ahli is-sunnah lid-dawati wal-jihad,1.0,1.0,1.0,1.0,0.0
80110,north east,borno,shani,rural,804.0,2019,1070,guinea corn (sorghum),1.5577000379562378,300.0,42000.0,42000.0,0.7788500189781189,0.7788500189781189,0.0,0.5,0.5,0.7788500189781189,0.7788500189781189,0.0,0.0,2.426546059548855,2.2242030575871468,2.2242030575871468,32.0,6.0,5.5,0.0,50.0,50.0,100.0,0.0,1.0,5.0,1.0,1.0,1.0,153600.0,0.0,0.0,30.0,0.0,0.0,30.0,1,,,27.02413613671275,58.70926651305684,138.47916666666666,2019.0,boko haram - jamaatu ahli is-sunnah lid-dawati wal-jihad,1.0,1.0,1.0,1.0,0.0
89007,north east,borno,maiduguri,urban,12.0,2019,1070,guinea corn (sorghum),4.1363301277160645,300.0,28000.0,28000.0,1.539940059185028,0.7811537683010101,0.0,0.75,0.75,0.7811537683010101,1.539940059185028,0.0,0.0,4.1363301277160645,4.1363301277160645,4.1363301277160645,10.524799,0.0,0.0,0.0,0.0,22.880001,22.880001,0.0,4.0,4.0,1.0,1.0,1.0,0.0,0.0,0.0,188.0,14.0,0.0,202.0,1,,,26.55906412532296,64.52221526442385,103.43658069024184,,,0.0,0.0,0.0,0.0,0.0
89023,north east,borno,maiduguri,urban,1628.0,2019,1070,guinea corn (sorghum),1.6187440156936646,400.0,76000.0,76000.0,1.6187440156936646,1.6187440156936646,0.0,1.0,1.0,1.6187440156936646,1.6187440156936646,0.0,0.0,3.237488031387329,3.237488031387329,3.237488031387329,115.0,0.0,0.0,0.0,0.0,250.0,250.0,0.0,2.0,3.0,1.0,1.0,1.0,1500000.0,0.0,0.0,68.0,35.0,0.0,103.0,1,,,26.55906412532296,64.52221526442385,103.43658069024184,,,0.0,0.0,0.0,0.0,0.0
150012,north east,gombe,kwami,rural,1682.0,2019,1070,guinea corn (sorghum),3.116980016231537,1100.0,154000.0,249333.328125,1.6652388274669647,1.6652388274669647,0.0,1.1600000262260437,1.1666666865348816,1.6652388274669647,1.6652388274669647,34000.0,300.0,4.5357800126075745,4.5357800126075745,4.5357800126075745,0.0,0.0,0.0,11.5,0.0,0.0,0.0,1150.0,5.0,8.0,0.0,1.0,1.0,0.0,0.0,0.0,89.0,100.0,14.0,203.0,1,,,26.817068100358423,55.55361757552484,102.81583333333332,,,0.0,0.0,0.0,0.0,0.0
150013,north east,gombe,kwami,rural,1682.0,2019,1070,guinea corn (sorghum),0.4554400146007538,400.0,56000.0,56000.0,0.11386000365018845,0.08539500087499619,0.0,0.25,0.25,0.08539500087499619,0.11386000365018845,0.0,0.0,1.5349399745464325,1.5349399745464325,1.5349399745464325,23.0,0.0,0.0,1.875,0.0,50.0,50.0,187.5,0.0,0.0,1.0,0.0,0.0,93000.0,0.0,0.0,192.0,0.0,42.0,234.0,1,,,26.817068100358423,55.55361757552484,102.81583333333332,,,0.0,0.0,0.0,0.0,0.0
150016,north east,gombe,kwami,rural,1682.0,2019,1070,guinea corn (sorghum),0.7123600244522095,1200.0,168000.0,132000.0,0.14304417371749878,0.14304417371749878,0.0,0.20080320537090302,0.20080320537090302,0.14304417371749878,0.14304417371749878,33000.0,600.0,1.0175700187683105,1.0175700187683105,1.0175700187683105,141.5,33.0,30.25,20.0,275.0,200.0,475.0,2000.0,4.0,15.0,1.0,1.0,1.0,63360.0,304000.0,0.0,362.0,4.0,0.0,366.0,1,,,26.817068100358423,55.55361757552484,102.81583333333332,,,0.0,0.0,0.0,0.0,0.0
150017,north east,gombe,kwami,rural,1682.0,2019,1070,guinea corn (sorghum),1.961340069770813,700.0,133000.0,133000.0,0.6137567162513733,0.6137567162513733,0.0,0.6333333551883698,0.6333333551883698,0.6137567162513733,0.6137567162513733,0.0,0.0,2.1363400667905807,1.961340069770813,1.961340069770813,36.5,9.0,8.25,0.0,75.0,50.0,125.0,0.0,3.0,2.0,1.0,1.0,1.0,0.0,350000.0,0.0,151.0,0.0,0.0,151.0,1,,,26.817068100358423,55.55361757552484,102.81583333333332,,,0.0,0.0,0.0,0.0,0.0
150018,north east,gombe,kwami,rural,1682.0,2019,1070,guinea corn (sorghum),0.5734900236129761,500.0,70000.0,75000.0,0.28674501180648804,0.28674501180648804,0.0,0.5,0.5,0.28674501180648804,0.28674501180648804,7500.0,100.0,1.181659996509552,1.181659996509552,1.181659996509552,34.5,0.0,0.0,0.0,0.0,75.0,75.0,0.0,2.0,0.0,1.0,1.0,0.0,138500.0,0.0,0.0,70.0,12.0,20.0,102.0,1,,,26.817068100358423,55.55361757552484,102.81583333333332,,,0.0,0.0,0.0,0.0,0.0
150020,north east,gombe,kwami,rural,1682.0,2019,1070,guinea corn (sorghum),1.1109000444412231,400.0,56000.0,56000.0,0.5554500222206116,0.5554500222206116,0.0,0.5,0.5,0.5554500222206116,0.5554500222206116,0.0,0.0,2.3529000282287598,2.3529000282287598,2.3529000282287598,93.5,24.0,22.0,11.5,200.0,125.0,325.0,1150.0,5.0,0.0,1.0,1.0,0.0,0.0,0.0,0.0,325.0,20.0,7.0,352.0,1,,,26.817068100358423,55.55361757552484,102.81583333333332,,,0.0,0.0,0.0,0.0,0.0
150022,north east,gombe,yamaltu deba,rural,1938.0,2019,1070,guinea corn (sorghum),1.9228599965572357,1000.0,140000.0,140000.0,1.7513300031423569,1.7513300031423569,0.0,1.5,1.5,1.7513300031423569,1.7513300031423569,0.0,0.0,3.0733600556850433,3.0733600556850433,3.0733600556850433,41.0,12.0,11.0,2.5,100.0,50.0,150.0,250.0,0.0,3.0,1.0,0.0,1.0,624000.0,0.0,0.0,20.0,27.0,0.0,47.0,1,,,26.55906412532296,64.52221526442385,103.43658069024184,,,0.0,0.0,0.0,0.0,0.0
150023,north east,gombe,yamaltu deba,rural,1938.0,2019,1070,guinea corn (sorghum),0.3480600118637085,700.0,98000.0,98000.0,0.17403000593185425,0.17403000593185425,0.0,0.5,0.5,0.17403000593185425,0.17403000593185425,0.0,0.0,0.3480600118637085,0.3480600118637085,0.3480600118637085,23.0,0.0,0.0,0.0,0.0,50.0,50.0,0.0,1.0,5.0,1.0,1.0,1.0,64800.0,0.0,0.0,40.0,30.0,10.0,80.0,1,,,26.55906412532296,64.52221526442385,103.43658069024184,,,0.0,0.0,0.0,0.0,0.0
150024,north east,gombe,yamaltu deba,rural,1938.0,2019,1070,guinea corn (sorghum),0.6767300218343735,400.0,56000.0,56000.0,0.30312705785036087,0.30312705785036087,0.0,0.9310344457626343,0.9310344755649567,0.30312705785036087,0.30312705785036087,0.0,0.0,0.6767300218343735,0.6767300218343735,0.6767300218343735,7.704,0.72,0.66,2.5,6.0,14.400001,20.400002,250.0,3.0,0.0,1.0,1.0,0.0,74400.0,0.0,0.0,68.0,6.0,0.0,74.0,1,,,26.55906412532296,64.52221526442385,103.43658069024184,,,0.0,0.0,0.0,0.0,0.0
150028,north east,gombe,yamaltu deba,rural,1938.0,2019,1070,guinea corn (sorghum),0.4460799992084503,600.0,84000.0,84000.0,0.4460799992084503,0.4460799992084503,0.0,1.0,1.0,0.4460799992084503,0.4460799992084503,0.0,0.0,1.5853700041770935,1.5853700041770935,1.5853700041770935,27.0,18.0,16.5,10.0,150.0,0.0,150.0,1000.0,1.0,2.0,1.0,1.0,1.0,360000.0,0.0,0.0,242.0,4.0,0.0,246.0,1,,,26.55906412532296,64.52221526442385,103.43658069024184,,,0.0,0.0,0.0,0.0,0.0
150064,north east,gombe,billiri,rural,634.0,2019,1070,guinea corn (sorghum),4.592800140380859,500.0,70000.0,70000.0,1.3778400421142578,1.3778400421142578,0.0,0.30000001192092896,0.30000001192092896,1.3778400421142578,1.3778400421142578,0.0,0.0,7.209750026464462,7.209750026464462,7.209750026464462,430.0,72.0,66.0,0.0,600.0,700.0,1300.0,0.0,21.0,14.0,1.0,1.0,1.0,1158000.0,576000.0,0.0,68.0,16.0,0.0,84.0,1,,,27.10302003328213,58.50566033026113,81.70833333333333,,,0.0,0.0,0.0,0.0,0.0
150065,north east,gombe,billiri,rural,634.0,2019,1070,guinea corn (sorghum),1.292799949645996,50.0,7000.0,7000.0,0.4309333264827728,0.2154666632413864,0.0,0.3333333432674408,0.3333333432674408,0.2154666632413864,0.4309333264827728,0.0,0.0,1.5273299515247345,1.5273299515247345,1.5273299515247345,73.0,18.0,16.5,0.0,150.0,100.0,250.0,0.0,3.0,2.0,1.0,1.0,1.0,0.0,0.0,0.0,221.0,35.0,12.0,268.0,1,,,27.10302003328213,58.50566033026113,81.70833333333333,,,0.0,0.0,0.0,0.0,0.0
150069,north east,gombe,billiri,rural,634.0,2019,1070,guinea corn (sorghum),1.063599944114685,1100.0,154000.0,154000.0,0.5317999720573425,0.5317999720573425,0.0,0.5,0.5,0.5317999720573425,0.5317999720573425,0.0,0.0,2.2213099598884583,2.2213099598884583,2.2213099598884583,178.0,42.0,38.5,74.0,350.0,250.0,600.0,7400.0,4.0,5.0,1.0,1.0,1.0,0.0,1815000.0,0.0,60.0,62.0,0.0,122.0,1,,,27.10302003328213,58.50566033026113,81.70833333333333,,,0.0,0.0,0.0,0.0,0.0
150070,north east,gombe,billiri,rural,634.0,2019,1070,guinea corn (sorghum),0.9250900149345398,700.0,98000.0,98000.0,0.4625450074672699,0.4625450074672699,0.0,0.5,0.5,0.4625450074672699,0.4625450074672699,0.0,0.0,1.2907600104808807,1.2907600104808807,1.2907600104808807,73.0,18.0,16.5,15.0,150.0,100.0,250.0,1500.0,0.0,3.0,1.0,0.0,1.0,0.0,0.0,0.0,81.0,10.0,0.0,91.0,1,,,27.10302003328213,58.50566033026113,81.70833333333333,,,0.0,0.0,0.0,0.0,0.0
159001,north east,gombe,balanga,rural,1386.0,2019,1070,guinea corn (sorghum),0.5336700081825256,1700.0,238000.0,238000.0,0.2668350040912628,0.2668350040912628,0.0,0.5,0.5,0.2668350040912628,0.2668350040912628,0.0,0.0,1.3613200187683105,1.3613200187683105,1.3613200187683105,82.0,24.0,22.0,0.0,200.0,100.0,300.0,0.0,2.0,6.0,1.0,1.0,1.0,240000.0,0.0,0.0,110.0,61.0,0.0,171.0,1,,,26.55906412532296,64.52221526442385,103.43658069024184,,,0.0,0.0,0.0,0.0,0.0
159002,north east,gombe,balanga,rural,1386.0,2019,1070,guinea corn (sorghum),1.252079963684082,1600.0,224000.0,224000.0,0.5319199860095978,0.5319199860095978,0.0,0.8333333432674408,0.8333333432674408,0.5319199860095978,0.5319199860095978,0.0,0.0,1.252079963684082,1.252079963684082,1.252079963684082,0.0,0.0,0.0,0.0,0.0,0.0,0.0,0.0,3.0,4.0,0.0,0.0,1.0,248400.0,0.0,0.0,110.0,54.0,18.0,182.0,1,,,26.55906412532296,64.52221526442385,103.43658069024184,,,0.0,0.0,0.0,0.0,0.0
159003,north east,gombe,balanga,rural,1386.0,2019,1070,guinea corn (sorghum),0.8761199712753296,600.0,84000.0,84000.0,0.8761199712753296,0.8761199712753296,0.0,1.0,1.0,0.8761199712753296,0.8761199712753296,0.0,0.0,2.4440199732780457,2.4440199732780457,2.4440199732780457,46.0,0.0,0.0,0.0,0.0,100.0,100.0,0.0,2.0,8.0,1.0,1.0,1.0,372000.0,0.0,0.0,55.0,19.0,20.0,94.0,1,,,26.55906412532296,64.52221526442385,103.43658069024184,,,0.0,0.0,0.0,0.0,0.0
159004,north east,gombe,balanga,rural,1386.0,2019,1070,guinea corn (sorghum),1.1411000490188599,400.0,56000.0,48000.0,0.5705500245094299,0.5705500245094299,0.0,0.5,0.5,0.5705500245094299,0.5705500245094299,12000.0,200.0,1.6764700412750244,1.6764700412750244,1.6764700412750244,55.0,6.0,5.5,30.0,50.0,100.0,150.0,3000.0,2.0,5.0,1.0,1.0,1.0,0.0,0.0,0.0,40.0,11.0,6.0,57.0,1,,,26.55906412532296,64.52221526442385,103.43658069024184,,,0.0,0.0,0.0,0.0,0.0
159005,north east,gombe,balanga,rural,1386.0,2019,1070,guinea corn (sorghum),0.5057500004768372,350.0,49000.0,42000.0,0.2528750002384186,0.2528750002384186,0.0,0.5,0.5,0.2528750002384186,0.2528750002384186,12000.0,200.0,0.7446500062942505,0.7446500062942505,0.7446500062942505,42.96,8.4,7.7,0.0,70.0,66.0,136.0,0.0,1.5,5.0,1.0,1.0,1.0,90000.0,0.0,0.0,55.0,4.0,0.0,59.0,1,,,26.55906412532296,64.52221526442385,103.43658069024184,,,0.0,0.0,0.0,0.0,0.0
159006,north east,gombe,balanga,rural,1386.0,2019,1070,guinea corn (sorghum),0.7511000037193298,1100.0,154000.0,154000.0,0.3755500018596649,0.3755500018596649,0.0,0.5,0.5,0.3755500018596649,0.3755500018596649,0.0,0.0,1.699429988861084,1.699429988861084,1.699429988861084,224.0,42.0,38.5,45.0,350.0,350.0,700.0,4500.0,12.0,12.0,1.0,1.0,1.0,0.0,0.0,0.0,75.0,1.0,0.0,76.0,1,,,26.55906412532296,64.52221526442385,103.43658069024184,,,0.0,0.0,0.0,0.0,0.0
159010,north east,gombe,balanga,rural,1386.0,2019,1070,guinea corn (sorghum),0.9617699682712555,800.0,112000.0,112000.0,0.7931899726390839,0.7931899726390839,0.0,1.3333333432674408,1.3333333432674408,0.7931899726390839,0.7931899726390839,0.0,0.0,0.9617699682712555,0.9617699682712555,0.9617699682712555,59.0,24.0,22.0,0.0,200.0,50.0,250.0,0.0,0.0,3.0,1.0,0.0,1.0,0.0,0.0,0.0,181.0,6.0,0.0,187.0,1,,,26.55906412532296,64.52221526442385,103.43658069024184,,,0.0,0.0,0.0,0.0,0.0
159012,north east,gombe,balanga,rural,1386.0,2019,1070,guinea corn (sorghum),1.7454999685287476,400.0,56000.0,56000.0,0.5818333625793457,0.5818333625793457,0.0,0.3333333432674408,0.3333333432674408,0.5818333625793457,0.5818333625793457,0.0,0.0,3.086479961872101,2.606479972600937,3.086479961872101,99.22,18.0,16.5,0.0,150.0,157.0,307.0,0.0,4.0,1.0,1.0,1.0,1.0,0.0,0.0,0.0,72.0,0.0,0.0,72.0,1,,,26.55906412532296,64.52221526442385,103.43658069024184,,,0.0,0.0,0.0,0.0,0.0
159013,north east,gombe,billiri,rural,864.0,2019,1070,guinea corn (sorghum),0.4852699935436249,700.0,98000.0,98000.0,0.24263499677181244,0.24263499677181244,0.0,0.5,0.5,0.24263499677181244,0.24263499677181244,0.0,0.0,2.340909957885742,2.340909957885742,2.340909957885742,138.0,0.0,0.0,2.5,0.0,300.0,300.0,250.0,0.0,6.0,1.0,0.0,1.0,36000.0,0.0,0.0,101.0,9.0,38.0,148.0,1,,,27.10302003328213,58.50566033026113,81.70833333333333,,,0.0,0.0,0.0,0.0,0.0
159014,north east,gombe,billiri,rural,864.0,2019,1070,guinea corn (sorghum),0.712440013885498,400.0,56000.0,56000.0,0.2374800145626068,0.2374800145626068,0.0,0.3333333432674408,0.3333333432674408,0.2374800145626068,0.2374800145626068,0.0,0.0,1.5631099939346313,1.5631099939346313,1.5631099939346313,82.0,24.0,22.0,7.0,200.0,100.0,300.0,700.0,0.0,1.0,1.0,0.0,1.0,216000.0,0.0,0.0,80.0,15.0,30.0,125.0,1,,,27.10302003328213,58.50566033026113,81.70833333333333,,,0.0,0.0,0.0,0.0,0.0
159015,north east,gombe,billiri,rural,864.0,2019,1070,guinea corn (sorghum),0.7996000051498413,300.0,42000.0,42000.0,0.7996000051498413,0.7996000051498413,0.0,1.0,1.0,0.7996000051498413,0.7996000051498413,0.0,0.0,2.18095999956131,2.18095999956131,2.18095999956131,18.0,12.0,11.0,0.0,100.0,0.0,100.0,0.0,0.0,3.0,1.0,0.0,1.0,0.0,0.0,0.0,57.0,35.0,9.0,101.0,1,,,27.10302003328213,58.50566033026113,81.70833333333333,,,0.0,0.0,0.0,0.0,0.0
159017,north east,gombe,billiri,rural,864.0,2019,1070,guinea corn (sorghum),0.8077200055122375,500.0,70000.0,55000.0,0.33311501145362854,0.33311501145362854,0.0,0.8333333432674408,0.8333333432674408,0.33311501145362854,0.33311501145362854,5500.0,100.0,0.9389500021934509,0.9389500021934509,0.9389500021934509,75.04,12.0,11.0,20.0,100.0,124.0,224.0,2000.0,3.0,3.0,1.0,1.0,1.0,69600.0,0.0,0.0,130.0,15.0,42.0,187.0,1,,,27.10302003328213,58.50566033026113,81.70833333333333,,,0.0,0.0,0.0,0.0,0.0
159019,north east,gombe,billiri,rural,864.0,2019,1070,guinea corn (sorghum),0.9034899771213531,300.0,42000.0,42000.0,0.38007666170597076,0.38007666170597076,0.0,0.8333333432674408,0.8333333432674408,0.38007666170597076,0.38007666170597076,0.0,0.0,0.9731369763612747,0.9731369763612747,0.9731369763612747,53.36,0.0,0.0,20.0,0.0,116.0,116.0,2000.0,0.0,2.0,1.0,0.0,1.0,0.0,0.0,0.0,76.0,18.0,46.0,140.0,1,,,27.10302003328213,58.50566033026113,81.70833333333333,,,0.0,0.0,0.0,0.0,0.0
159021,north east,gombe,billiri,rural,864.0,2019,1070,guinea corn (sorghum),1.8353999853134155,500.0,70000.0,70000.0,1.8353999853134155,1.8353999853134155,0.0,1.0,1.0,1.8353999853134155,1.8353999853134155,0.0,0.0,5.367529988288879,5.367529988288879,5.367529988288879,128.0,24.0,22.0,0.0,200.0,200.0,400.0,0.0,3.0,6.0,1.0,1.0,1.0,0.0,0.0,0.0,80.0,0.0,40.0,120.0,1,,,27.10302003328213,58.50566033026113,81.70833333333333,,,0.0,0.0,0.0,0.0,0.0
159023,north east,gombe,billiri,rural,864.0,2019,1070,guinea corn (sorghum),0.8502500057220459,600.0,84000.0,84000.0,0.8502500057220459,0.8502500057220459,0.0,1.0,1.0,0.8502500057220459,0.8502500057220459,0.0,0.0,3.5953500270843506,3.5953500270843506,3.5953500270843506,96.0,18.0,16.5,0.0,150.0,150.0,300.0,0.0,0.0,0.0,1.0,0.0,0.0,168000.0,0.0,0.0,98.0,15.0,12.0,125.0,1,,,27.10302003328213,58.50566033026113,81.70833333333333,,,0.0,0.0,0.0,0.0,0.0
159034,north east,gombe,billiri,rural,1076.0,2019,1070,guinea corn (sorghum),1.7660000324249268,500.0,70000.0,70000.0,0.6367788910865784,0.6367788910865784,0.0,0.36057692766189575,0.36057692766189575,0.6367788910865784,0.6367788910865784,0.0,0.0,2.910250037908554,2.910250037908554,2.910250037908554,87.0,12.0,11.0,0.0,100.0,150.0,250.0,0.0,2.0,4.0,1.0,1.0,1.0,174000.0,380000.0,0.0,160.0,66.0,32.0,258.0,1,,,27.10302003328213,58.50566033026113,81.70833333333333,,,0.0,0.0,0.0,0.0,0.0
159055,north east,gombe,gombe,urban,458.0,2019,1070,guinea corn (sorghum),0.44641000032424927,300.0,42000.0,36000.0,0.22320500016212463,0.22320500016212463,0.0,0.5,0.5,0.22320500016212463,0.22320500016212463,6000.0,100.0,0.44641000032424927,0.44641000032424927,0.44641000032424927,32.0,6.0,5.5,5.0,50.0,50.0,100.0,500.0,2.0,2.0,1.0,1.0,1.0,378600.0,365000.0,0.0,26.0,32.0,0.0,58.0,1,,,26.55906412532296,64.52221526442385,103.43658069024184,,,0.0,0.0,0.0,0.0,0.0
159056,north east,gombe,gombe,urban,458.0,2019,1070,guinea corn (sorghum),1.4012999534606934,600.0,84000.0,84000.0,0.7006499767303467,0.7006499767303467,0.0,0.5,0.5,0.7006499767303467,0.7006499767303467,0.0,0.0,1.4012999534606934,1.4012999534606934,1.4012999534606934,64.0,12.0,11.0,0.0,100.0,100.0,200.0,0.0,0.0,4.0,1.0,0.0,1.0,564000.0,0.0,0.0,189.0,46.0,8.0,243.0,1,,,26.55906412532296,64.52221526442385,103.43658069024184,,,0.0,0.0,0.0,0.0,0.0
159057,north east,gombe,gombe,urban,458.0,2019,1070,guinea corn (sorghum),1.330299973487854,300.0,42000.0,42000.0,0.44343334436416626,0.44343334436416626,0.0,0.3333333432674408,0.3333333432674408,0.44343334436416626,0.44343334436416626,0.0,0.0,1.337099973578006,1.330299973487854,1.337099973578006,123.0,36.0,33.0,15.0,300.0,150.0,450.0,1500.0,2.0,6.0,1.0,1.0,1.0,0.0,40000.0,0.0,100.0,41.0,2.0,143.0,1,,,26.55906412532296,64.52221526442385,103.43658069024184,,,0.0,0.0,0.0,0.0,0.0
159065,north east,gombe,gombe,urban,1328.0,2019,1070,guinea corn (sorghum),0.6213099956512451,600.0,84000.0,84000.0,0.31065499782562256,0.31065499782562256,0.0,0.5,0.5,0.31065499782562256,0.31065499782562256,0.0,0.0,2.6275699734687805,2.6275699734687805,2.6275699734687805,333.0,84.0,77.0,15.0,700.0,450.0,1150.0,1500.0,13.0,31.5,1.0,1.0,1.0,0.0,71250.0,0.0,19.0,494.0,0.0,513.0,1,,,26.55906412532296,64.52221526442385,103.43658069024184,,,0.0,0.0,0.0,0.0,0.0
159072,north east,gombe,nafada,rural,388.0,2019,1070,guinea corn (sorghum),0.6239200234413147,1000.0,140000.0,140000.0,0.20797334611415863,0.20797334611415863,0.0,0.3333333432674408,0.3333333432674408,0.20797334611415863,0.20797334611415863,0.0,0.0,1.1971800327301025,1.1971800327301025,1.1971800327301025,0.0,0.0,0.0,20.0,0.0,0.0,0.0,2000.0,4.0,4.0,0.0,1.0,1.0,0.0,0.0,0.0,118.0,6.0,5.0,129.0,1,,,26.55906412532296,64.52221526442385,103.43658069024184,,,0.0,0.0,0.0,0.0,0.0
159073,north east,gombe,nafada,rural,388.0,2019,1070,guinea corn (sorghum),0.8987500071525574,1200.0,168000.0,168000.0,0.22468750178813934,0.22468750178813934,0.0,0.25,0.25,0.22468750178813934,0.22468750178813934,0.0,0.0,0.8987500071525574,0.8987500071525574,0.8987500071525574,0.0,0.0,0.0,12.0,0.0,0.0,0.0,1200.0,0.0,0.0,0.0,0.0,0.0,0.0,0.0,0.0,69.0,15.0,3.0,87.0,1,,,26.55906412532296,64.52221526442385,103.43658069024184,,,0.0,0.0,0.0,0.0,0.0
159074,north east,gombe,nafada,rural,388.0,2019,1070,guinea corn (sorghum),1.2297999858856201,300.0,42000.0,42000.0,1.2297999858856201,0.9223499894142151,0.0,1.0,1.0,0.9223499894142151,1.2297999858856201,0.0,0.0,1.961679995059967,1.961679995059967,1.961679995059967,0.0,0.0,0.0,18.0,0.0,0.0,0.0,1800.0,0.0,0.0,0.0,0.0,0.0,0.0,0.0,0.0,220.0,7.0,10.0,237.0,1,,,26.55906412532296,64.52221526442385,103.43658069024184,,,0.0,0.0,0.0,0.0,0.0
159076,north east,gombe,nafada,rural,388.0,2019,1070,guinea corn (sorghum),0.4673500061035156,400.0,56000.0,45600.0,0.2336750030517578,0.2336750030517578,0.0,0.5,0.5,0.2336750030517578,0.2336750030517578,22800.0,400.0,0.8349699974060059,0.8349699974060059,0.8349699974060059,46.0,0.0,0.0,37.0,0.0,100.0,100.0,3700.0,0.0,5.0,1.0,0.0,1.0,234000.0,222000.0,0.0,52.0,24.0,0.0,76.0,1,,,26.55906412532296,64.52221526442385,103.43658069024184,,,0.0,0.0,0.0,0.0,0.0
159078,north east,gombe,nafada,rural,388.0,2019,1070,guinea corn (sorghum),0.7539299726486206,1200.0,168000.0,134400.0,0.3769649863243103,0.3769649863243103,0.0,0.5,0.5,0.3769649863243103,0.3769649863243103,11200.0,200.0,1.5355399549007416,1.5355399549007416,1.5355399549007416,34.5,0.0,0.0,25.0,0.0,75.0,75.0,2500.0,1.0,2.0,1.0,1.0,1.0,22250.0,64000.0,0.0,91.0,29.0,66.0,186.0,1,,,26.55906412532296,64.52221526442385,103.43658069024184,,,0.0,0.0,0.0,0.0,0.0
159079,north east,gombe,nafada,rural,388.0,2019,1070,guinea corn (sorghum),0.9433000087738037,1000.0,140000.0,140000.0,0.15642663836479187,0.1173199787735939,0.0,0.1658291518688202,0.1658291518688202,0.1173199787735939,0.15642663836479187,0.0,0.0,0.9433000087738037,0.9433000087738037,0.9433000087738037,46.0,0.0,0.0,48.0,0.0,100.0,100.0,4800.0,3.0,3.0,1.0,1.0,1.0,38400.0,0.0,0.0,177.0,18.0,0.0,195.0,1,,,26.55906412532296,64.52221526442385,103.43658069024184,,,0.0,0.0,0.0,0.0,0.0
159081,north east,gombe,nafada,rural,388.0,2019,1070,guinea corn (sorghum),0.6304399967193604,450.0,63000.0,63000.0,0.6304399967193604,0.6304399967193604,0.0,1.0,1.0,0.6304399967193604,0.6304399967193604,0.0,0.0,2.125939965248108,2.125939965248108,2.125939965248108,0.0,0.0,0.0,1.5,0.0,0.0,0.0,150.0,2.0,0.0,0.0,1.0,0.0,324000.0,0.0,0.0,31.0,22.0,0.0,53.0,1,,,26.55906412532296,64.52221526442385,103.43658069024184,,,0.0,0.0,0.0,0.0,0.0
159083,north east,gombe,nafada,rural,388.0,2019,1070,guinea corn (sorghum),1.493399977684021,700.0,98000.0,98000.0,1.493399977684021,1.493399977684021,0.0,1.0,1.0,1.493399977684021,1.493399977684021,0.0,0.0,2.1440799832344055,2.1440799832344055,2.1440799832344055,34.5,0.0,0.0,0.0,0.0,75.0,75.0,0.0,1.0,3.0,1.0,1.0,1.0,65400.0,148000.0,0.0,29.0,41.0,0.0,70.0,1,,,26.55906412532296,64.52221526442385,103.43658069024184,,,0.0,0.0,0.0,0.0,0.0
159086,north east,gombe,shongom,rural,838.0,2019,1070,guinea corn (sorghum),1.4967000484466553,300.0,42000.0,42000.0,1.4967000484466553,1.4967000484466553,0.0,1.0,1.0,1.4967000484466553,1.4967000484466553,0.0,0.0,3.945900082588196,3.945900082588196,3.945900082588196,0.0,0.0,0.0,0.0,0.0,0.0,0.0,0.0,0.0,0.0,0.0,0.0,0.0,0.0,0.0,0.0,31.0,28.0,20.0,79.0,1,,,26.55906412532296,64.52221526442385,103.43658069024184,,,0.0,0.0,0.0,0.0,0.0
159088,north east,gombe,shongom,rural,838.0,2019,1070,guinea corn (sorghum),0.7544000148773193,150.0,21000.0,21000.0,0.25020304322242737,0.0825670063495636,0.0,0.3316583037376404,0.3316583037376404,0.0825670063495636,0.25020304322242737,0.0,0.0,2.4829800128936768,2.4829800128936768,2.4829800128936768,0.0,0.0,0.0,0.0,0.0,0.0,0.0,0.0,5.0,6.0,0.0,1.0,1.0,0.0,0.0,0.0,101.0,6.0,4.0,111.0,1,,,26.55906412532296,64.52221526442385,103.43658069024184,,,0.0,0.0,0.0,0.0,0.0
159089,north east,gombe,shongom,rural,838.0,2019,1070,guinea corn (sorghum),1.009600043296814,500.0,70000.0,55000.0,0.504800021648407,0.504800021648407,0.0,0.5,0.5,0.504800021648407,0.504800021648407,16500.0,300.0,1.5316400527954102,1.5316400527954102,1.5316400527954102,0.0,0.0,0.0,35.0,0.0,0.0,0.0,3500.0,5.0,10.0,0.0,1.0,1.0,0.0,0.0,0.0,132.0,18.0,10.0,160.0,1,,,26.55906412532296,64.52221526442385,103.43658069024184,,,0.0,0.0,0.0,0.0,0.0
159090,north east,gombe,shongom,rural,838.0,2019,1070,guinea corn (sorghum),0.6149700284004211,300.0,42000.0,42000.0,0.26355859637260437,0.26355859637260437,0.0,0.4285714328289032,0.4285714328289032,0.26355859637260437,0.26355859637260437,0.0,0.0,1.2389700412750244,1.2389700412750244,1.2389700412750244,0.0,0.0,0.0,0.0,0.0,0.0,0.0,0.0,0.0,0.0,0.0,0.0,0.0,80800.0,0.0,0.0,70.0,0.0,7.0,77.0,1,,,26.55906412532296,64.52221526442385,103.43658069024184,,,0.0,0.0,0.0,0.0,0.0
159093,north east,gombe,shongom,rural,838.0,2019,1070,guinea corn (sorghum),0.33500000834465027,300.0,42000.0,42000.0,0.33500000834465027,0.33500000834465027,0.0,1.0,1.0,0.33500000834465027,0.33500000834465027,0.0,0.0,1.3350000083446503,0.33500000834465027,1.3350000083446503,0.0,0.0,0.0,2.0,0.0,0.0,0.0,200.0,0.0,0.0,0.0,0.0,0.0,0.0,0.0,0.0,220.0,0.0,13.0,233.0,1,,,26.55906412532296,64.52221526442385,103.43658069024184,,,0.0,0.0,0.0,0.0,0.0
159095,north east,gombe,shongom,rural,838.0,2019,1070,guinea corn (sorghum),0.9450100064277649,800.0,112000.0,112000.0,0.31500333547592163,0.31500333547592163,0.0,0.3333333432674408,0.3333333432674408,0.31500333547592163,0.31500333547592163,0.0,0.0,1.3050100207328796,0.9450100064277649,1.3050100207328796,0.0,0.0,0.0,8.0,0.0,0.0,0.0,800.0,3.0,0.0,0.0,1.0,0.0,0.0,0.0,0.0,425.0,30.0,41.0,496.0,1,,,26.55906412532296,64.52221526442385,103.43658069024184,,,0.0,0.0,0.0,0.0,0.0
159097,north east,gombe,yamaltu deba,rural,1498.0,2019,1070,guinea corn (sorghum),0.4895699918270111,400.0,56000.0,56000.0,0.4895699918270111,0.4895699918270111,0.0,1.0,1.0,0.4895699918270111,0.4895699918270111,0.0,0.0,1.3455299735069275,1.3455299735069275,1.3455299735069275,27.5,3.0,2.75,0.0,25.0,50.0,75.0,0.0,0.5,0.0,1.0,1.0,0.0,0.0,204000.0,0.0,85.0,2.0,8.0,95.0,1,,,26.55906412532296,64.52221526442385,103.43658069024184,,,0.0,0.0,0.0,0.0,0.0
159098,north east,gombe,yamaltu deba,rural,1498.0,2019,1070,guinea corn (sorghum),0.9853600263595581,500.0,70000.0,70000.0,0.3284533619880676,0.3284533619880676,0.0,0.3333333432674408,0.3333333432674408,0.3284533619880676,0.3284533619880676,0.0,0.0,1.3816100358963013,1.3816100358963013,1.3816100358963013,0.0,0.0,0.0,0.0,0.0,0.0,0.0,0.0,2.0,2.0,0.0,1.0,1.0,0.0,0.0,0.0,164.0,4.0,0.0,168.0,1,,,26.55906412532296,64.52221526442385,103.43658069024184,,,0.0,0.0,0.0,0.0,0.0
159099,north east,gombe,yamaltu deba,rural,1498.0,2019,1070,guinea corn (sorghum),2.1624999046325684,1000.0,140000.0,140000.0,0.6151939034461975,0.6151939034461975,0.0,0.2844827473163605,0.28448277711868286,0.6151939034461975,0.6151939034461975,0.0,0.0,13.614199876785278,13.614199876785278,13.614199876785278,18.0,12.0,11.0,0.0,100.0,0.0,100.0,0.0,0.0,0.0,1.0,0.0,0.0,0.0,660000.0,0.0,145.0,6.0,0.0,151.0,1,,,26.55906412532296,64.52221526442385,103.43658069024184,,,0.0,0.0,0.0,0.0,0.0
159100,north east,gombe,yamaltu deba,rural,1498.0,2019,1070,guinea corn (sorghum),0.24988999962806702,700.0,98000.0,98000.0,0.12494499981403351,0.12494499981403351,0.0,0.5,0.5,0.12494499981403351,0.12494499981403351,7000.0,100.0,0.7678999900817871,0.7678999900817871,0.7678999900817871,2.16,1.44,1.32,0.0,12.0,0.0,12.0,0.0,1.0,0.0,1.0,1.0,0.0,14400.0,0.0,0.0,31.0,10.0,0.0,41.0,1,,,26.55906412532296,64.52221526442385,103.43658069024184,,,0.0,0.0,0.0,0.0,0.0
159102,north east,gombe,yamaltu deba,rural,1498.0,2019,1070,guinea corn (sorghum),0.669510006904602,1000.0,140000.0,140000.0,0.20085300505161285,0.20085300505161285,0.0,0.30000001192092896,0.30000001192092896,0.20085300505161285,0.20085300505161285,0.0,0.0,0.9839999973773956,0.9839999973773956,0.9839999973773956,41.0,12.0,11.0,15.0,100.0,50.0,150.0,1500.0,0.0,2.0,1.0,0.0,1.0,0.0,0.0,0.0,205.0,4.0,18.0,227.0,1,,,26.55906412532296,64.52221526442385,103.43658069024184,,,0.0,0.0,0.0,0.0,0.0
159105,north east,gombe,yamaltu deba,rural,1498.0,2019,1070,guinea corn (sorghum),0.36028000712394714,600.0,84000.0,84000.0,0.18014000356197357,0.18014000356197357,0.0,0.5,0.5,0.18014000356197357,0.18014000356197357,0.0,0.0,1.0192700326442719,1.0192700326442719,1.0192700326442719,448.0,84.0,77.0,0.0,700.0,700.0,1400.0,0.0,6.0,6.0,1.0,1.0,1.0,156000.0,176000.0,0.0,64.0,18.0,25.0,107.0,1,,,26.55906412532296,64.52221526442385,103.43658069024184,,,0.0,0.0,0.0,0.0,0.0
159106,north east,gombe,yamaltu deba,rural,1498.0,2019,1070,guinea corn (sorghum),0.7326200008392334,500.0,70000.0,70000.0,0.7326200008392334,0.7326200008392334,0.0,1.0,1.0,0.7326200008392334,0.7326200008392334,0.0,0.0,2.1450799703598022,2.1450799703598022,2.1450799703598022,27.0,18.0,16.5,0.0,150.0,0.0,150.0,0.0,5.0,0.0,1.0,1.0,0.0,15600.0,0.0,0.0,24.0,86.0,20.0,130.0,1,,,26.55906412532296,64.52221526442385,103.43658069024184,,,0.0,0.0,0.0,0.0,0.0
159119,north east,gombe,nafada,rural,388.0,2019,1070,guinea corn (sorghum),2.7325000762939453,300.0,42000.0,42000.0,0.7943314909934998,0.7943314909934998,0.0,0.29069769382476807,0.2906976640224457,0.7943314909934998,0.7943314909934998,0.0,0.0,2.7325000762939453,2.7325000762939453,2.7325000762939453,0.0,0.0,0.0,3.0,0.0,0.0,0.0,300.0,0.0,0.0,0.0,0.0,0.0,271200.0,0.0,0.0,203.0,21.0,8.0,232.0,1,,,26.55906412532296,64.52221526442385,103.43658069024184,,,0.0,0.0,0.0,0.0,0.0
170041,north west,jigawa,miga,rural,96.0,2019,1070,guinea corn (sorghum),1.817190021276474,1100.0,165000.0,165000.0,0.9711900055408478,0.9711900055408478,0.0,2.25,2.25,0.9711900055408478,0.9711900055408478,0.0,0.0,2.019533023238182,1.817190021276474,1.817190021276474,0.0,0.0,0.0,0.0,0.0,0.0,0.0,0.0,0.0,0.0,0.0,0.0,0.0,54000.0,0.0,0.0,16.0,0.0,15.0,31.0,1,,,26.55906412532296,64.52221526442385,103.43658069024184,,,0.0,0.0,0.0,0.0,0.0
170043,north west,jigawa,miga,rural,96.0,2019,1070,guinea corn (sorghum),1.674299955368042,650.0,97500.0,97500.0,0.4185749888420105,0.4185749888420105,0.0,0.25,0.25,0.4185749888420105,0.4185749888420105,0.0,0.0,2.234789952635765,1.9877899587154388,1.9877899587154388,32.0,6.0,5.5,14.0,50.0,50.0,100.0,1400.0,1.0,4.0,1.0,1.0,1.0,0.0,0.0,0.0,90.0,0.0,14.0,104.0,1,,,26.55906412532296,64.52221526442385,103.43658069024184,,,0.0,0.0,0.0,0.0,0.0
170044,north west,jigawa,miga,rural,96.0,2019,1070,guinea corn (sorghum),1.3250999450683594,500.0,75000.0,75000.0,0.33127498626708984,0.33127498626708984,0.0,0.25,0.25,0.33127498626708984,0.33127498626708984,0.0,0.0,1.6214999556541443,1.3250999450683594,1.3250999450683594,0.0,0.0,0.0,10.0,0.0,0.0,0.0,1000.0,0.0,0.0,0.0,0.0,0.0,1260000.0,40000.0,0.0,130.0,0.0,0.0,130.0,1,,,26.55906412532296,64.52221526442385,103.43658069024184,,,0.0,0.0,0.0,0.0,0.0
170045,north west,jigawa,miga,rural,96.0,2019,1070,guinea corn (sorghum),0.7128499746322632,200.0,30000.0,30000.0,0.3564249873161316,0.1782124936580658,0.0,0.5,0.5,0.1782124936580658,0.3564249873161316,0.0,0.0,0.7128499746322632,0.7128499746322632,0.7128499746322632,9.0,6.0,5.5,0.0,50.0,0.0,50.0,0.0,0.0,0.0,1.0,0.0,0.0,0.0,0.0,0.0,50.0,12.0,0.0,62.0,1,,,26.55906412532296,64.52221526442385,103.43658069024184,,,0.0,0.0,0.0,0.0,0.0
170050,north west,jigawa,miga,rural,96.0,2019,1070,guinea corn (sorghum),0.6179400086402893,200.0,30000.0,30000.0,0.30897000432014465,0.30897000432014465,0.0,0.5,0.5,0.30897000432014465,0.30897000432014465,0.0,0.0,1.388940004631877,1.3589400053024292,1.3589400053024292,0.0,0.0,0.0,0.0,0.0,0.0,0.0,0.0,0.0,3.0,0.0,0.0,1.0,0.0,0.0,0.0,70.0,0.0,4.0,74.0,1,,,26.55906412532296,64.52221526442385,103.43658069024184,,,0.0,0.0,0.0,0.0,0.0
170081,north west,jigawa,kaugama,rural,1452.0,2019,1070,guinea corn (sorghum),0.656790018081665,200.0,30000.0,30000.0,0.18684542179107666,0.18684542179107666,0.0,0.2844827473163605,0.28448277711868286,0.18684542179107666,0.18684542179107666,0.0,0.0,0.906790018081665,0.656790018081665,0.656790018081665,0.0,0.0,0.0,0.0,0.0,0.0,0.0,0.0,1.0,0.0,0.0,1.0,0.0,396000.0,0.0,0.0,48.0,80.0,9.0,137.0,1,,,27.627901625704045,40.93019630056323,49.821666666666665,,,0.0,0.0,0.0,0.0,0.0
170082,north west,jigawa,kaugama,rural,1452.0,2019,1070,guinea corn (sorghum),1.0157999992370605,250.0,37500.0,37500.0,0.25394999980926514,0.25394999980926514,0.0,0.25,0.3012048006057739,0.25394999980926514,0.25394999980926514,0.0,0.0,1.2158000022172928,1.0157999992370605,1.0157999992370605,0.0,0.0,0.0,25.0,0.0,0.0,0.0,2500.0,0.0,0.0,0.0,0.0,0.0,244800.0,0.0,0.0,92.0,0.0,11.0,103.0,1,,,27.627901625704045,40.93019630056323,49.821666666666665,,,0.0,0.0,0.0,0.0,0.0
170083,north west,jigawa,kaugama,rural,1452.0,2019,1070,guinea corn (sorghum),0.8138599991798401,200.0,30000.0,30000.0,0.15435276925563812,0.15435276925563812,0.0,0.18965518474578857,0.18965518474578857,0.15435276925563812,0.15435276925563812,0.0,0.0,0.9088599979877472,0.8138599991798401,0.8138599991798401,0.0,0.0,0.0,18.0,0.0,0.0,0.0,1800.0,0.0,0.0,0.0,0.0,0.0,18000.0,0.0,0.0,136.0,0.0,0.0,136.0,1,,,27.627901625704045,40.93019630056323,49.821666666666665,,,0.0,0.0,0.0,0.0,0.0
170085,north west,jigawa,kaugama,rural,1452.0,2019,1070,guinea corn (sorghum),1.7338500022888184,500.0,75000.0,75000.0,0.7172791063785553,0.7172791063785553,0.0,0.8300000131130219,0.8333333432674408,0.7172791063785553,0.7172791063785553,0.0,0.0,1.7738500013947487,1.7338500022888184,1.7338500022888184,0.0,0.0,0.0,12.5,0.0,0.0,0.0,1250.0,0.0,0.0,0.0,0.0,0.0,9600.0,0.0,0.0,99.0,0.0,0.0,99.0,1,,,27.627901625704045,40.93019630056323,49.821666666666665,,,0.0,0.0,0.0,0.0,0.0
170087,north west,jigawa,kaugama,rural,1452.0,2019,1070,guinea corn (sorghum),0.7238699793815613,200.0,30000.0,30000.0,0.36193498969078064,0.36193498969078064,0.0,0.5,0.5,0.36193498969078064,0.36193498969078064,0.0,0.0,1.3542799949645996,1.3156999945640564,1.3156999945640564,0.0,0.0,0.0,0.0,0.0,0.0,0.0,0.0,2.5,0.0,0.0,1.0,0.0,1323000.0,0.0,0.0,35.0,0.0,0.0,35.0,1,,,27.627901625704045,40.93019630056323,49.821666666666665,,,0.0,0.0,0.0,0.0,0.0
170088,north west,jigawa,kaugama,rural,1452.0,2019,1070,guinea corn (sorghum),2.9666099548339844,653.0,97950.0,90000.0,1.5873064696788788,1.5873064696788788,0.0,2.1500000059604645,2.1500000059604645,1.5873064696788788,1.5873064696788788,0.0,0.0,4.4606959372758865,4.05600993335247,4.05600993335247,0.0,0.0,0.0,120.0,0.0,0.0,0.0,12000.0,0.0,0.0,0.0,0.0,0.0,425600.0,0.0,0.0,357.0,0.0,0.0,357.0,1,,,27.627901625704045,40.93019630056323,49.821666666666665,,,0.0,0.0,0.0,0.0,0.0
170089,north west,jigawa,kaugama,rural,1452.0,2019,1070,guinea corn (sorghum),1.5590699911117554,600.0,90000.0,90000.0,0.698391005396843,0.698391005396843,0.0,0.8500000238418579,0.8500000238418579,0.698391005396843,0.698391005396843,0.0,0.0,1.7489899918437004,1.6748899891972542,1.6748899891972542,3.1924,0.0,0.0,10.0,0.0,6.94,6.94,1000.0,1.5,1.0,1.0,1.0,1.0,307100.0,0.0,0.0,130.0,0.0,0.0,130.0,1,,,27.627901625704045,40.93019630056323,49.821666666666665,,,0.0,0.0,0.0,0.0,0.0
170090,north west,jigawa,kaugama,rural,1452.0,2019,1070,guinea corn (sorghum),4.233829945325851,200.0,30000.0,30000.0,0.9849260151386261,0.9849260151386261,0.0,0.7000000178813934,0.7000000178813934,0.9849260151386261,0.9849260151386261,0.0,0.0,5.524295926094055,5.119609922170639,5.119609922170639,12.9744,8.6496,7.9287996,42.0,72.08,0.0,72.08,4200.0,5.5,0.0,1.0,1.0,0.0,76000.0,0.0,0.0,165.0,28.0,200.0,393.0,1,,,27.627901625704045,40.93019630056323,49.821666666666665,,,0.0,0.0,0.0,0.0,0.0
179001,north west,jigawa,auyo,rural,10.0,2019,1070,guinea corn (sorghum),2.7562500834465027,0.0,0.0,0.0,0.6462215185165405,0.0,0.0,0.5300000160932541,0.533333346247673,0.0,0.6462215185165405,0.0,0.0,3.250250071287155,2.7562500834465027,2.7562500834465027,18.0,12.0,11.0,4.0,100.0,0.0,100.0,400.0,0.0,7.0,1.0,0.0,1.0,384000.0,0.0,0.0,101.0,10.0,21.0,132.0,1,,,26.55906412532296,64.52221526442385,103.43658069024184,,,0.0,0.0,0.0,0.0,0.0
179002,north west,jigawa,auyo,rural,10.0,2019,1070,guinea corn (sorghum),5.445160061120987,1150.0,172500.0,172500.0,0.9265650287270546,0.8703450299799442,0.0,0.6000000089406967,0.6000000089406967,0.8703450299799442,0.9265650287270546,0.0,0.0,5.647503063082695,5.445160061120987,5.445160061120987,23.0,0.0,0.0,7.0,0.0,50.0,50.0,700.0,0.0,3.0,1.0,0.0,1.0,384000.0,0.0,0.0,95.0,0.0,0.0,95.0,1,,,26.55906412532296,64.52221526442385,103.43658069024184,,,0.0,0.0,0.0,0.0,0.0
179003,north west,jigawa,auyo,rural,10.0,2019,1070,guinea corn (sorghum),2.644200086593628,500.0,75000.0,75000.0,0.661050021648407,0.4362930357456207,0.0,0.25,0.25,0.4362930357456207,0.661050021648407,0.0,0.0,2.7042000852525234,2.644200086593628,2.644200086593628,0.0,0.0,0.0,35.0,0.0,0.0,0.0,3500.0,0.0,0.0,0.0,0.0,0.0,42000.0,0.0,0.0,154.0,0.0,76.0,230.0,1,,,26.55906412532296,64.52221526442385,103.43658069024184,,,0.0,0.0,0.0,0.0,0.0
179004,north west,jigawa,auyo,rural,10.0,2019,1070,guinea corn (sorghum),0.7620599865913391,400.0,60000.0,60000.0,0.202806293964386,0.06692607700824738,0.0,0.2661290466785431,0.2661290466785431,0.06692607700824738,0.202806293964386,0.0,0.0,0.9120599925518036,0.7620599865913391,0.7620599865913391,11.5,0.0,0.0,22.0,0.0,25.0,25.0,2200.0,0.0,0.0,1.0,0.0,0.0,-30000.0,0.0,0.0,168.0,0.0,77.0,245.0,1,,,26.55906412532296,64.52221526442385,103.43658069024184,,,0.0,0.0,0.0,0.0,0.0
179005,north west,jigawa,auyo,rural,10.0,2019,1070,guinea corn (sorghum),0.5560600161552429,500.0,75000.0,75000.0,0.18349981307983398,0.18349981307983398,0.0,0.33000001311302185,0.3333333432674408,0.18349981307983398,0.18349981307983398,0.0,0.0,0.6210600137710571,0.5560600161552429,0.5560600161552429,69.0,0.0,0.0,50.0,0.0,150.0,150.0,5000.0,0.0,0.0,1.0,0.0,0.0,9600.0,0.0,0.0,171.0,15.0,10.0,196.0,1,,,26.55906412532296,64.52221526442385,103.43658069024184,,,0.0,0.0,0.0,0.0,0.0
179006,north west,jigawa,auyo,rural,10.0,2019,1070,guinea corn (sorghum),2.2116000652313232,700.0,105000.0,105000.0,1.1058000326156616,0.8293499946594238,0.0,0.5,0.5,0.8293499946594238,1.1058000326156616,0.0,0.0,4.850500021129847,4.815500020980835,4.815500020980835,0.0,0.0,0.0,35.0,0.0,0.0,0.0,3500.0,0.0,0.0,0.0,0.0,0.0,27600.0,0.0,0.0,243.0,0.0,0.0,243.0,1,,,26.55906412532296,64.52221526442385,103.43658069024184,,,0.0,0.0,0.0,0.0,0.0
179008,north west,jigawa,auyo,rural,10.0,2019,1070,guinea corn (sorghum),4.345889985561371,500.0,75000.0,75000.0,1.2178950011730194,1.2178950011730194,0.0,0.75,0.75,1.2178950011730194,1.2178950011730194,0.0,0.0,8.862889979034662,8.82788997888565,8.82788997888565,164.0,48.0,44.0,85.0,400.0,200.0,600.0,8500.0,0.0,4.0,1.0,0.0,1.0,912000.0,0.0,0.0,130.0,100.0,0.0,230.0,1,,,26.55906412532296,64.52221526442385,103.43658069024184,,,0.0,0.0,0.0,0.0,0.0
179012,north west,jigawa,auyo,rural,10.0,2019,1070,guinea corn (sorghum),6.303540050983429,1500.0,225000.0,225000.0,2.2511284053325653,2.2511284053325653,0.0,1.5000000298023224,1.5000000298023224,2.2511284053325653,2.2511284053325653,0.0,0.0,6.349340051412582,6.303540050983429,6.303540050983429,0.0,0.0,0.0,0.0,0.0,0.0,0.0,0.0,0.0,0.0,0.0,0.0,0.0,774400.0,0.0,0.0,26.0,11.0,0.0,37.0,1,,,26.55906412532296,64.52221526442385,103.43658069024184,,,0.0,0.0,0.0,0.0,0.0
179013,north west,jigawa,gagarawa,rural,284.0,2019,1070,guinea corn (sorghum),3.678600013256073,800.0,120000.0,120000.0,0.995511032640934,0.995511032640934,0.0,1.4000000432133675,1.4000000432133675,0.995511032640934,0.995511032640934,0.0,0.0,3.9396800147369504,3.934680014848709,3.934680014848709,41.0,12.0,11.0,102.0,100.0,50.0,150.0,10200.0,4.0,0.0,1.0,1.0,0.0,34400.0,180000.0,0.0,63.0,0.0,0.0,63.0,1,,,26.55906412532296,64.52221526442385,103.43658069024184,,,0.0,0.0,0.0,0.0,0.0
179017,north west,jigawa,gagarawa,rural,284.0,2019,1070,guinea corn (sorghum),1.745639979839325,1000.0,150000.0,150000.0,0.548119992017746,0.548119992017746,0.0,0.75,0.75,0.548119992017746,0.548119992017746,0.0,0.0,1.8256399780511856,1.745639979839325,1.745639979839325,27.0,18.0,16.5,140.0,150.0,0.0,150.0,14000.0,2.5,0.0,1.0,1.0,0.0,960000.0,0.0,0.0,15.0,72.0,0.0,87.0,1,,,26.55906412532296,64.52221526442385,103.43658069024184,,,0.0,0.0,0.0,0.0,0.0
179018,north west,jigawa,gagarawa,rural,284.0,2019,1070,guinea corn (sorghum),1.0814000368118286,200.0,30000.0,30000.0,0.27035000920295715,0.27035000920295715,0.0,0.25,0.25,0.27035000920295715,0.27035000920295715,0.0,0.0,1.1294000372290611,1.0814000368118286,1.0814000368118286,0.0,0.0,0.0,120.0,0.0,0.0,0.0,12000.0,0.0,0.0,0.0,0.0,0.0,27600.0,0.0,0.0,34.0,99.0,4.0,137.0,1,,,26.55906412532296,64.52221526442385,103.43658069024184,,,0.0,0.0,0.0,0.0,0.0
179019,north west,jigawa,gagarawa,rural,284.0,2019,1070,guinea corn (sorghum),3.430999994277954,800.0,120000.0,120000.0,0.9943900108337402,0.9943900108337402,0.0,0.5800000131130219,0.5833333432674408,0.9943900108337402,0.9943900108337402,0.0,0.0,5.095460005104542,5.0554600059986115,5.0554600059986115,253.0,0.0,0.0,0.0,0.0,550.0,550.0,0.0,0.0,0.0,1.0,0.0,0.0,109200.0,2160000.0,0.0,50.0,60.0,0.0,110.0,1,,,26.55906412532296,64.52221526442385,103.43658069024184,,,0.0,0.0,0.0,0.0,0.0
179020,north west,jigawa,gagarawa,rural,284.0,2019,1070,guinea corn (sorghum),6.168240070343018,500.0,75000.0,75000.0,1.9875401258468628,1.9875401258468628,0.0,0.5800000131130219,0.5833333432674408,1.9875401258468628,1.9875401258468628,0.0,0.0,6.198240069672465,6.168240070343018,6.168240070343018,0.0,0.0,0.0,62.5,0.0,0.0,0.0,6250.0,0.0,0.0,0.0,0.0,0.0,64800.0,0.0,0.0,40.0,50.0,0.0,90.0,1,,,26.55906412532296,64.52221526442385,103.43658069024184,,,0.0,0.0,0.0,0.0,0.0
179021,north west,jigawa,gagarawa,rural,284.0,2019,1070,guinea corn (sorghum),1.4357000589370728,200.0,30000.0,30000.0,0.4737810492515564,0.4737810492515564,0.0,0.33000001311302185,0.3333333432674408,0.4737810492515564,0.4737810492515564,0.0,0.0,1.475700058043003,1.4357000589370728,1.4357000589370728,92.0,0.0,0.0,100.0,0.0,200.0,200.0,10000.0,0.0,0.0,1.0,0.0,0.0,40800.0,0.0,0.0,67.0,72.0,0.0,139.0,1,,,26.55906412532296,64.52221526442385,103.43658069024184,,,0.0,0.0,0.0,0.0,0.0
179022,north west,jigawa,gagarawa,rural,284.0,2019,1070,guinea corn (sorghum),1.1651999950408936,100.0,15000.0,15000.0,0.38840001821517944,0.09710000455379486,0.0,0.3333333432674408,0.3333333432674408,0.09710000455379486,0.38840001821517944,0.0,0.0,1.762699969112873,1.7066999673843384,1.7066999673843384,459.0,306.0,280.5,0.0,2550.0,0.0,2550.0,0.0,3.0,0.0,1.0,1.0,0.0,23400.0,0.0,0.0,30.0,56.0,0.0,86.0,1,,,26.55906412532296,64.52221526442385,103.43658069024184,,,0.0,0.0,0.0,0.0,0.0
179025,north west,jigawa,giwa,rural,126.0,2019,1070,guinea corn (sorghum),0.8381800055503845,1000.0,150000.0,150000.0,0.41909000277519226,0.41909000277519226,0.0,0.5,0.5,0.41909000277519226,0.41909000277519226,0.0,0.0,1.4646800234913826,1.3411800265312195,1.3411800265312195,0.0,0.0,0.0,10.0,0.0,0.0,0.0,1000.0,0.0,0.0,0.0,0.0,0.0,216000.0,0.0,0.0,133.0,0.0,0.0,133.0,1,,,26.55906412532296,64.52221526442385,103.43658069024184,,,0.0,0.0,0.0,0.0,0.0
179026,north west,jigawa,giwa,rural,126.0,2019,1070,guinea corn (sorghum),0.6009399890899658,300.0,45000.0,45000.0,0.15023499727249146,0.15023499727249146,0.0,0.25,0.25,0.15023499727249146,0.15023499727249146,0.0,0.0,0.8781899958848953,0.7793899923563004,0.7793899923563004,15.962,0.0,0.0,5.0,0.0,34.7,34.7,500.0,0.0,0.0,1.0,0.0,0.0,19200.0,0.0,0.0,65.0,8.0,0.0,73.0,1,,,26.55906412532296,64.52221526442385,103.43658069024184,,,0.0,0.0,0.0,0.0,0.0
179028,north west,jigawa,giwa,rural,126.0,2019,1070,guinea corn (sorghum),2.277899980545044,800.0,120000.0,144000.0,0.5963088274002075,0.5963088274002075,0.0,0.2617800831794739,0.26178011298179626,0.5963088274002075,0.5963088274002075,36000.0,400.0,2.3228999823331833,2.277899980545044,2.277899980545044,0.0,0.0,0.0,50.0,0.0,0.0,0.0,5000.0,0.5,0.0,0.0,1.0,0.0,0.0,0.0,0.0,60.0,0.0,4.0,64.0,1,,,26.55906412532296,64.52221526442385,103.43658069024184,,,0.0,0.0,0.0,0.0,0.0
179031,north west,jigawa,giwa,rural,126.0,2019,1070,guinea corn (sorghum),0.5014899969100952,500.0,75000.0,75000.0,0.3761174976825714,0.3761174976825714,0.0,0.75,0.75,0.3761174976825714,0.3761174976825714,0.0,0.0,2.6721898801624775,2.6221898794174194,2.6221898794174194,0.0,0.0,0.0,12.0,0.0,0.0,0.0,1200.0,0.0,0.0,0.0,0.0,0.0,469000.0,0.0,0.0,153.0,120.0,100.0,373.0,1,,,26.55906412532296,64.52221526442385,103.43658069024184,,,0.0,0.0,0.0,0.0,0.0
179032,north west,jigawa,giwa,rural,126.0,2019,1070,guinea corn (sorghum),0.8362600207328796,500.0,75000.0,75000.0,0.2759658098220825,0.18213744461536407,0.0,0.33000001311302185,0.3333333432674408,0.18213744461536407,0.2759658098220825,0.0,0.0,0.8362600207328796,0.8362600207328796,0.8362600207328796,0.0,0.0,0.0,0.0,0.0,0.0,0.0,0.0,0.0,0.0,0.0,0.0,0.0,0.0,0.0,0.0,21.0,0.0,30.0,51.0,1,,,26.55906412532296,64.52221526442385,103.43658069024184,,,0.0,0.0,0.0,0.0,0.0
179033,north west,jigawa,giwa,rural,126.0,2019,1070,guinea corn (sorghum),0.5660399794578552,300.0,45000.0,0.0,0.2830199897289276,0.2830199897289276,0.0,0.5,0.5,0.2830199897289276,0.2830199897289276,0.0,0.0,1.5947559773921967,1.1900699734687805,1.1900699734687805,0.0,0.0,0.0,40.0,0.0,0.0,0.0,4000.0,0.0,0.0,0.0,0.0,0.0,0.0,0.0,0.0,42.0,0.0,6.0,48.0,1,,,26.55906412532296,64.52221526442385,103.43658069024184,,,0.0,0.0,0.0,0.0,0.0
179034,north west,jigawa,giwa,rural,126.0,2019,1070,guinea corn (sorghum),0.8926399946212769,300.0,45000.0,45000.0,0.2975466847419739,0.2975466847419739,0.0,0.3333333432674408,0.3333333432674408,0.2975466847419739,0.2975466847419739,0.0,0.0,0.9166399948298931,0.8926399946212769,0.8926399946212769,9.0,6.0,5.5,50.0,50.0,0.0,50.0,5000.0,2.0,0.0,1.0,1.0,0.0,34200.0,0.0,0.0,80.0,7.0,0.0,87.0,1,,,26.55906412532296,64.52221526442385,103.43658069024184,,,0.0,0.0,0.0,0.0,0.0
179036,north west,jigawa,giwa,rural,126.0,2019,1070,guinea corn (sorghum),0.7346299886703491,450.0,74250.0,74250.0,0.36731499433517456,0.25685355067253113,0.0,1.0,1.0,0.25685355067253113,0.36731499433517456,0.0,0.0,1.2597499676048756,1.2397499680519104,1.2397499680519104,23.0,0.0,0.0,5.0,0.0,50.0,50.0,500.0,7.0,0.0,1.0,1.0,0.0,504000.0,0.0,0.0,22.0,0.0,0.0,22.0,1,,,26.55906412532296,64.52221526442385,103.43658069024184,,,0.0,0.0,0.0,0.0,0.0
179037,north west,jigawa,kahin hausa,rural,3064.0,2019,1070,guinea corn (sorghum),0.32479000091552734,150.0,22500.0,22500.0,0.1299159973859787,0.1299159973859787,0.0,0.4000000059604645,0.4000000059604645,0.1299159973859787,0.1299159973859787,0.0,0.0,0.4259615018963814,0.32479000091552734,0.32479000091552734,0.0,0.0,0.0,40.0,0.0,0.0,0.0,4000.0,0.0,0.0,0.0,0.0,0.0,21600.0,0.0,0.0,108.0,6.0,0.0,114.0,1,,,26.55906412532296,64.52221526442385,103.43658069024184,,,0.0,0.0,0.0,0.0,0.0
179041,north west,jigawa,kahin hausa,rural,3064.0,2019,1070,guinea corn (sorghum),0.2562299966812134,300.0,45000.0,45000.0,0.1281149983406067,0.1281149983406067,0.0,0.5,0.5,0.1281149983406067,0.1281149983406067,0.0,0.0,1.5040299445390701,1.429029941558838,1.429029941558838,0.0,0.0,0.0,15.0,0.0,0.0,0.0,1500.0,0.0,0.0,0.0,0.0,0.0,748800.0,204000.0,0.0,58.0,0.0,19.0,77.0,1,,,26.55906412532296,64.52221526442385,103.43658069024184,,,0.0,0.0,0.0,0.0,0.0
179044,north west,jigawa,kahin hausa,rural,3064.0,2019,1070,guinea corn (sorghum),0.7740499973297119,200.0,30000.0,30000.0,0.33364221453666687,0.33364221453666687,0.0,0.4310344457626343,0.43103447556495667,0.33364221453666687,0.33364221453666687,0.0,0.0,1.278309989720583,1.228309988975525,1.228309988975525,0.0,0.0,0.0,15.0,0.0,0.0,0.0,1500.0,0.0,0.0,0.0,0.0,0.0,-66000.0,40000.0,0.0,44.0,27.0,11.0,82.0,1,,,26.55906412532296,64.52221526442385,103.43658069024184,,,0.0,0.0,0.0,0.0,0.0
179046,north west,jigawa,kahin hausa,rural,3064.0,2019,1070,guinea corn (sorghum),0.482340008020401,100.0,15000.0,15000.0,0.1591722071170807,0.1591722071170807,0.0,0.33000001311302185,0.3333333432674408,0.1591722071170807,0.1591722071170807,0.0,0.0,0.7034100033342838,0.6834100037813187,0.6834100037813187,57.5,0.0,0.0,80.0,0.0,125.0,125.0,8000.0,0.0,0.0,1.0,0.0,0.0,181200.0,0.0,0.0,30.0,16.0,0.0,46.0,1,,,26.55906412532296,64.52221526442385,103.43658069024184,,,0.0,0.0,0.0,0.0,0.0
179047,north west,jigawa,kahin hausa,rural,3064.0,2019,1070,guinea corn (sorghum),0.3577600121498108,100.0,15000.0,15000.0,0.11925333738327026,0.11925333738327026,0.0,0.3333333432674408,0.3333333432674408,0.11925333738327026,0.11925333738327026,0.0,0.0,0.40554001182317734,0.3577600121498108,0.3577600121498108,9.0,6.0,5.5,0.0,50.0,0.0,50.0,0.0,0.0,0.0,1.0,0.0,0.0,487200.0,0.0,0.0,32.0,0.0,0.0,32.0,1,,,26.55906412532296,64.52221526442385,103.43658069024184,,,0.0,0.0,0.0,0.0,0.0
179049,north west,jigawa,kaugama,rural,1344.0,2019,1070,guinea corn (sorghum),1.2548900246620178,550.0,82500.0,82500.0,0.39933500811457634,0.39933500811457634,0.0,1.75,1.75,0.39933500811457634,0.39933500811457634,0.0,0.0,1.4589890241622925,1.3354890272021294,1.3354890272021294,18.5772,6.0,5.5,21.0,50.0,20.82,70.82,2100.0,0.0,0.0,1.0,0.0,0.0,278400.0,0.0,0.0,89.0,0.0,4.0,93.0,1,,,27.627901625704045,40.93019630056323,49.821666666666665,,,0.0,0.0,0.0,0.0,0.0
179050,north west,jigawa,kaugama,rural,1344.0,2019,1070,guinea corn (sorghum),0.32923999428749084,600.0,90000.0,90000.0,0.10864920169115067,0.10864920169115067,0.0,0.33000001311302185,0.36263737082481384,0.10864920169115067,0.10864920169115067,0.0,0.0,0.39423999190330505,0.32923999428749084,0.32923999428749084,6.3848,0.0,0.0,25.0,0.0,13.88,13.88,2500.0,0.0,0.0,1.0,0.0,0.0,0.0,0.0,0.0,40.0,210.0,6.0,256.0,1,,,27.627901625704045,40.93019630056323,49.821666666666665,,,0.0,0.0,0.0,0.0,0.0
179053,north west,jigawa,kaugama,rural,1344.0,2019,1070,guinea corn (sorghum),0.2992599904537201,600.0,90000.0,90000.0,0.07481499761343002,0.07481499761343002,0.0,0.25,0.25,0.07481499761343002,0.07481499761343002,0.0,0.0,0.32925998978316784,0.2992599904537201,0.2992599904537201,0.0,0.0,0.0,25.0,0.0,0.0,0.0,2500.0,0.0,0.0,0.0,0.0,0.0,27000.0,0.0,0.0,115.0,12.0,0.0,127.0,1,,,27.627901625704045,40.93019630056323,49.821666666666665,,,0.0,0.0,0.0,0.0,0.0
179054,north west,jigawa,kaugama,rural,1344.0,2019,1070,guinea corn (sorghum),0.7848899960517883,200.0,30000.0,30000.0,0.25901371240615845,0.25901371240615845,0.0,0.33000001311302185,0.3333333432674408,0.25901371240615845,0.25901371240615845,0.0,0.0,0.8048899956047535,0.7848899960517883,0.7848899960517883,0.0,0.0,0.0,20.0,0.0,0.0,0.0,2000.0,0.0,0.0,0.0,0.0,0.0,282000.0,0.0,0.0,55.0,80.0,0.0,135.0,1,,,27.627901625704045,40.93019630056323,49.821666666666665,,,0.0,0.0,0.0,0.0,0.0
179055,north west,jigawa,kaugama,rural,1344.0,2019,1070,guinea corn (sorghum),3.231630027294159,1300.0,195000.0,195000.0,0.9781099259853363,0.7028140127658844,0.0,0.9100000262260437,0.9166666865348816,0.7028140127658844,0.9781099259853363,0.0,0.0,3.899998012930155,3.864998012781143,3.864998012781143,64.0,12.0,11.0,65.0,100.0,100.0,200.0,6500.0,2.0,2.0,1.0,1.0,1.0,84000.0,0.0,0.0,121.0,35.0,0.0,156.0,1,,,27.627901625704045,40.93019630056323,49.821666666666665,,,0.0,0.0,0.0,0.0,0.0
179056,north west,jigawa,kaugama,rural,1344.0,2019,1070,guinea corn (sorghum),2.328419879078865,700.0,105000.0,105000.0,0.5821049697697163,0.5821049697697163,0.0,0.5,0.5,0.5475999712944031,0.5475999712944031,0.0,0.0,2.686079889535904,2.5378798842430115,2.5378798842430115,64.0,12.0,11.0,5.0,100.0,100.0,200.0,500.0,4.0,0.0,1.0,1.0,0.0,67000.0,46000.0,0.0,155.0,22.0,18.0,195.0,1,,,27.627901625704045,40.93019630056323,49.821666666666665,,,0.0,0.0,0.0,0.0,0.0
179058,north west,jigawa,kaugama,rural,1344.0,2019,1070,guinea corn (sorghum),0.741349995136261,500.0,75000.0,75000.0,0.24711667001247406,0.24711667001247406,0.0,0.3333333432674408,0.3333333432674408,0.24711667001247406,0.24711667001247406,0.0,0.0,0.7798499949276447,0.741349995136261,0.741349995136261,0.0,0.0,0.0,40.0,0.0,0.0,0.0,4000.0,0.0,0.0,0.0,0.0,0.0,0.0,0.0,0.0,80.0,35.0,0.0,115.0,1,,,27.627901625704045,40.93019630056323,49.821666666666665,,,0.0,0.0,0.0,0.0,0.0
179060,north west,jigawa,kaugama,rural,1344.0,2019,1070,guinea corn (sorghum),0.18355000019073486,200.0,30000.0,30000.0,0.06118333339691162,0.06118333339691162,0.0,0.3333333432674408,0.3333333432674408,0.06118333339691162,0.06118333339691162,0.0,0.0,0.22345000132918358,0.18355000019073486,0.18355000019073486,0.0,0.0,0.0,0.0,0.0,0.0,0.0,0.0,0.0,0.0,0.0,0.0,0.0,372000.0,0.0,0.0,46.0,2.0,0.0,48.0,1,,,27.627901625704045,40.93019630056323,49.821666666666665,,,0.0,0.0,0.0,0.0,0.0
179061,north west,jigawa,kazaure,rural,378.0,2019,1070,guinea corn (sorghum),5.26199996471405,1250.0,187500.0,187500.0,2.2161499857902527,2.2161499857902527,0.0,0.9000000059604645,0.9000000059604645,2.2161499857902527,2.2161499857902527,0.0,0.0,6.077009931206703,5.830009937286377,5.830009937286377,9.0,6.0,5.5,140.0,50.0,0.0,50.0,14000.0,0.0,0.0,1.0,0.0,0.0,27600.0,0.0,0.0,415.0,26.0,0.0,441.0,1,,,26.55906412532296,64.52221526442385,103.43658069024184,,,0.0,0.0,0.0,0.0,0.0
179063,north west,jigawa,kazaure,rural,378.0,2019,1070,guinea corn (sorghum),2.975600004196167,50.0,7500.0,7500.0,1.0414600372314453,0.5207300186157227,0.0,0.3499999940395355,0.3499999940395355,0.5207300186157227,1.0414600372314453,0.0,0.0,3.4902900084853172,3.1938899978995323,3.1938899978995323,0.0,0.0,0.0,29.0,0.0,0.0,0.0,2900.0,0.0,0.0,0.0,0.0,0.0,0.0,0.0,70000.0,170.0,0.0,0.0,170.0,1,,,26.55906412532296,64.52221526442385,103.43658069024184,,,0.0,0.0,0.0,0.0,0.0
179064,north west,jigawa,kazaure,rural,378.0,2019,1070,guinea corn (sorghum),1.6043000221252441,400.0,60000.0,60000.0,0.6875571608543396,0.6875571608543396,0.0,0.4285714328289032,0.4285714328289032,0.6875571608543396,0.6875571608543396,0.0,0.0,1.6543000228703022,1.6043000221252441,1.6043000221252441,3.8159997,2.544,2.3319998,42.0,21.199999,0.0,21.199999,4200.0,0.0,0.0,1.0,0.0,0.0,0.0,0.0,0.0,143.0,2.0,10.0,155.0,1,,,26.55906412532296,64.52221526442385,103.43658069024184,,,0.0,0.0,0.0,0.0,0.0
179065,north west,jigawa,kazaure,rural,378.0,2019,1070,guinea corn (sorghum),0.5575299859046936,500.0,75000.0,75000.0,0.22849589586257935,0.22849589586257935,0.0,0.4098360538482666,0.4098360538482666,0.22849589586257935,0.22849589586257935,0.0,0.0,0.602529987692833,0.5575299859046936,0.5575299859046936,0.0,0.0,0.0,12.0,0.0,0.0,0.0,1200.0,0.5,0.0,0.0,1.0,0.0,0.0,0.0,0.0,151.0,6.0,25.0,182.0,1,,,26.55906412532296,64.52221526442385,103.43658069024184,,,0.0,0.0,0.0,0.0,0.0
179067,north west,jigawa,kazaure,rural,378.0,2019,1070,guinea corn (sorghum),0.21292999386787415,200.0,30000.0,30000.0,0.21292999386787415,0.21292999386787415,0.0,1.0,1.0,0.21292999386787415,0.21292999386787415,0.0,0.0,0.6829699873924255,0.6029699891805649,0.6029699891805649,0.0,0.0,0.0,0.0,0.0,0.0,0.0,0.0,0.0,0.0,0.0,0.0,0.0,0.0,0.0,28000.0,118.0,0.0,48.0,166.0,1,,,26.55906412532296,64.52221526442385,103.43658069024184,,,0.0,0.0,0.0,0.0,0.0
179068,north west,jigawa,kazaure,rural,378.0,2019,1070,guinea corn (sorghum),1.3370000123977661,400.0,60000.0,60000.0,0.6685000061988831,0.6685000061988831,0.0,0.5,0.5,0.6685000061988831,0.6685000061988831,0.0,0.0,2.0172060132026672,1.612520009279251,1.612520009279251,0.0,0.0,0.0,120.0,0.0,0.0,0.0,12000.0,0.0,0.0,0.0,0.0,0.0,20000.0,0.0,0.0,25.0,0.0,9.0,34.0,1,,,26.55906412532296,64.52221526442385,103.43658069024184,,,0.0,0.0,0.0,0.0,0.0
179069,north west,jigawa,kazaure,rural,378.0,2019,1070,guinea corn (sorghum),1.3006000518798828,60.95000076293945,9142.5,0.0,0.4291980266571045,0.4291980266571045,0.0,0.33000001311302185,0.3333333432674408,0.4291980266571045,0.4291980266571045,0.0,0.0,1.705286055803299,1.3006000518798828,1.3006000518798828,0.0,0.0,0.0,20.0,0.0,0.0,0.0,2000.0,1.0,0.0,0.0,1.0,0.0,99120.0,0.0,0.0,75.0,0.0,6.0,81.0,1,,,26.55906412532296,64.52221526442385,103.43658069024184,,,0.0,0.0,0.0,0.0,0.0
179070,north west,jigawa,kazaure,rural,378.0,2019,1070,guinea corn (sorghum),1.0157999992370605,200.0,30000.0,30000.0,0.3386000096797943,0.3386000096797943,0.0,0.3333333432674408,0.3333333432674408,0.3386000096797943,0.3386000096797943,0.0,0.0,1.0435999985784292,1.0157999992370605,1.0157999992370605,23.0,0.0,0.0,0.0,0.0,50.0,50.0,0.0,0.0,0.0,1.0,0.0,0.0,0.0,0.0,0.0,28.0,67.0,0.0,95.0,1,,,26.55906412532296,64.52221526442385,103.43658069024184,,,0.0,0.0,0.0,0.0,0.0
179072,north west,jigawa,kazaure,rural,378.0,2019,1070,guinea corn (sorghum),1.5295000076293945,200.0,30000.0,30000.0,0.5098333358764648,0.1274583339691162,0.0,0.3333333432674408,0.3333333432674408,0.1274583339691162,0.5098333358764648,0.0,0.0,1.5545000080019236,1.5295000076293945,1.5295000076293945,0.0,0.0,0.0,0.0,0.0,0.0,0.0,0.0,0.0,0.0,0.0,0.0,0.0,79800.0,120000.0,0.0,59.0,0.0,0.0,59.0,1,,,26.55906412532296,64.52221526442385,103.43658069024184,,,0.0,0.0,0.0,0.0,0.0
179074,north west,jigawa,malam madori,urban,1272.0,2019,1070,guinea corn (sorghum),1.0217000246047974,150.0,22500.0,22500.0,0.20434001088142395,0.20434001088142395,0.0,0.20000000298023224,0.20000000298023224,0.20434001088142395,0.20434001088142395,0.0,0.0,1.0287000248208642,1.0217000246047974,1.0217000246047974,0.0,0.0,0.0,25.0,0.0,0.0,0.0,2500.0,0.0,0.0,0.0,0.0,0.0,282000.0,9375.0,0.0,35.0,22.0,21.0,78.0,1,,,26.55906412532296,64.52221526442385,103.43658069024184,,,0.0,0.0,0.0,0.0,0.0
179079,north west,jigawa,malam madori,urban,1272.0,2019,1070,guinea corn (sorghum),1.356600046157837,1300.0,195000.0,195000.0,0.6783000230789185,0.6783000230789185,0.0,0.5,0.5,0.6783000230789185,0.6783000230789185,0.0,0.0,2.2174100521951914,2.1924100518226624,2.1924100518226624,23.0,0.0,0.0,275.0,0.0,50.0,50.0,27500.0,0.0,0.0,1.0,0.0,0.0,20400.0,0.0,0.0,171.0,0.0,0.0,171.0,1,,,26.55906412532296,64.52221526442385,103.43658069024184,,,0.0,0.0,0.0,0.0,0.0
179089,north west,jigawa,rigim,urban,668.0,2019,1070,guinea corn (sorghum),1.8684200048446655,200.0,30000.0,30000.0,0.8265286087989807,0.20902860164642334,0.0,0.8300000131130219,0.8333333432674408,0.20902860164642334,0.8265286087989807,0.0,0.0,1.8934200052171946,1.8684200048446655,1.8684200048446655,64.0,12.0,11.0,0.0,100.0,100.0,200.0,0.0,0.0,2.0,1.0,0.0,1.0,174000.0,0.0,0.0,15.0,12.0,0.0,27.0,1,,,26.55906412532296,64.52221526442385,103.43658069024184,,,0.0,0.0,0.0,0.0,0.0
179097,north west,jigawa,sule tankar kar,rural,200.0,2019,1070,guinea corn (sorghum),1.4378000497817993,53.0,7950.0,0.0,0.28756001591682434,0.28756001591682434,0.0,0.20000000298023224,0.20000000298023224,0.28756001591682434,0.28756001591682434,0.0,0.0,1.8330000638961792,1.4378000497817993,1.4378000497817993,0.0,0.0,0.0,25.0,0.0,0.0,0.0,2500.0,0.0,0.0,0.0,0.0,0.0,144600.0,0.0,0.0,175.0,0.0,0.0,175.0,1,,,26.55906412532296,64.52221526442385,103.43658069024184,,,0.0,0.0,0.0,0.0,0.0
179098,north west,jigawa,sule tankar kar,rural,200.0,2019,1070,guinea corn (sorghum),2.307909995317459,700.0,105000.0,105000.0,1.015022799372673,1.015022799372673,0.0,0.9526402652263641,0.9526402652263641,1.015022799372673,1.015022799372673,0.0,0.0,2.3679099939763546,2.307909995317459,2.307909995317459,2.3594,0.50879997,0.46639997,30.0,4.24,3.47,7.71,3000.0,0.35,0.0,1.0,1.0,0.0,15600.0,0.0,0.0,84.0,0.0,56.0,140.0,1,,,26.55906412532296,64.52221526442385,103.43658069024184,,,0.0,0.0,0.0,0.0,0.0
179100,north west,jigawa,sule tankar kar,rural,200.0,2019,1070,guinea corn (sorghum),2.8160000443458557,700.0,127500.0,127500.0,1.258689045906067,1.258689045906067,0.0,0.8300000131130219,0.8333333432674408,1.258689045906067,1.258689045906067,0.0,0.0,4.820976048707962,4.416290044784546,4.416290044784546,23.0,0.0,0.0,40.0,0.0,50.0,50.0,4000.0,8.0,0.0,1.0,1.0,0.0,477200.0,0.0,0.0,72.0,15.0,0.0,87.0,1,,,26.55906412532296,64.52221526442385,103.43658069024184,,,0.0,0.0,0.0,0.0,0.0
179101,north west,jigawa,sule tankar kar,rural,200.0,2019,1070,guinea corn (sorghum),2.915800094604492,400.0,60000.0,60000.0,0.9622140526771545,0.9622140526771545,0.0,0.33000001311302185,0.3333333432674408,0.9622140526771545,0.9622140526771545,0.0,0.0,3.3204860985279083,2.915800094604492,2.915800094604492,0.0,0.0,0.0,0.0,0.0,0.0,0.0,0.0,0.0,0.0,0.0,0.0,0.0,145200.0,0.0,0.0,63.0,0.0,0.0,63.0,1,,,26.55906412532296,64.52221526442385,103.43658069024184,,,0.0,0.0,0.0,0.0,0.0
179103,north west,jigawa,sule tankar kar,rural,200.0,2019,1070,guinea corn (sorghum),1.9824999570846558,500.0,75000.0,75000.0,0.7929999828338623,0.7929999828338623,0.0,0.4000000059604645,0.4000000059604645,0.7929999828338623,0.7929999828338623,0.0,0.0,1.9924999568611383,1.9824999570846558,1.9824999570846558,0.0,0.0,0.0,50.0,0.0,0.0,0.0,5000.0,0.0,0.0,0.0,0.0,0.0,96000.0,0.0,0.0,132.0,6.0,69.0,207.0,1,,,26.55906412532296,64.52221526442385,103.43658069024184,,,0.0,0.0,0.0,0.0,0.0
179104,north west,jigawa,sule tankar kar,rural,200.0,2019,1070,guinea corn (sorghum),1.9537999629974365,400.0,60000.0,60000.0,0.48844999074935913,0.48844999074935913,0.0,0.25,0.25,0.48844999074935913,0.48844999074935913,0.0,0.0,2.0525999665260315,1.9537999629974365,1.9537999629974365,0.0,0.0,0.0,20.0,0.0,0.0,0.0,2000.0,0.0,0.0,0.0,0.0,0.0,7400.0,0.0,0.0,31.0,0.0,60.0,91.0,1,,,26.55906412532296,64.52221526442385,103.43658069024184,,,0.0,0.0,0.0,0.0,0.0
179105,north west,jigawa,sule tankar kar,rural,200.0,2019,1070,guinea corn (sorghum),1.1478999853134155,300.0,45000.0,45000.0,0.3826333284378052,0.3826333284378052,0.0,0.3333333432674408,0.3333333432674408,0.3826333284378052,0.3826333284378052,0.0,0.0,1.1778999846428633,1.1478999853134155,1.1478999853134155,0.0,0.0,0.0,30.0,0.0,0.0,0.0,3000.0,1.0,0.0,0.0,1.0,0.0,114000.0,0.0,0.0,65.0,0.0,0.0,65.0,1,,,26.55906412532296,64.52221526442385,103.43658069024184,,,0.0,0.0,0.0,0.0,0.0
179106,north west,jigawa,sule tankar kar,rural,200.0,2019,1070,guinea corn (sorghum),2.3272599577903748,1000.0,150000.0,150000.0,1.3039266467094421,1.3039266467094421,0.0,1.3333333432674408,1.3333333432674408,1.3039266467094421,1.3039266467094421,0.0,0.0,2.3542599584907293,2.3272599577903748,2.3272599577903748,0.0,0.0,0.0,20.0,0.0,0.0,0.0,2000.0,0.0,0.0,0.0,0.0,0.0,92400.0,0.0,0.0,128.0,0.0,20.0,148.0,1,,,26.55906412532296,64.52221526442385,103.43658069024184,,,0.0,0.0,0.0,0.0,0.0
179108,north west,jigawa,sule tankar kar,rural,200.0,2019,1070,guinea corn (sorghum),1.4983999729156494,400.0,60000.0,60000.0,0.4994666576385498,0.4994666576385498,0.0,0.3333333432674408,0.3333333432674408,0.4994666576385498,0.4994666576385498,0.0,0.0,3.1314999368041754,3.104499936103821,3.104499936103821,0.0,0.0,0.0,34.0,0.0,0.0,0.0,3400.0,0.0,0.0,0.0,0.0,0.0,2300.0,0.0,0.0,23.0,4.0,0.0,27.0,1,,,26.55906412532296,64.52221526442385,103.43658069024184,,,0.0,0.0,0.0,0.0,0.0
180033,north west,kaduna,giwa,rural,840.0,2019,1070,guinea corn (sorghum),0.425790011882782,200.0,28000.0,28000.0,0.212895005941391,0.212895005941391,0.0,0.5,0.5,0.212895005941391,0.212895005941391,0.0,0.0,0.8304760158061981,0.425790011882782,0.8304760158061981,18.0,12.0,11.0,10.0,100.0,0.0,100.0,1000.0,0.0,0.0,1.0,0.0,0.0,97200.0,0.0,0.0,38.0,0.0,3.0,41.0,1,,,24.68063376856119,58.67372996671787,96.29416666666668,,,0.0,0.0,0.0,0.0,0.0
180035,north west,kaduna,giwa,rural,840.0,2019,1070,guinea corn (sorghum),1.0,600.0,84000.0,84000.0,0.5,0.5,0.0,0.5,0.5,0.5,0.5,42000.0,600.0,1.5,1.5,1.5,393.0,78.0,71.5,11.0,650.0,600.0,1250.0,1100.0,10.0,13.0,1.0,1.0,1.0,112080.0,0.0,0.0,19.0,25.0,0.0,44.0,1,,,24.68063376856119,58.67372996671787,96.29416666666668,,,0.0,0.0,0.0,0.0,0.0
180037,north west,kaduna,giwa,rural,840.0,2019,1070,guinea corn (sorghum),8.367760002613068,400.0,76000.0,76000.0,2.5568155646324158,2.4106500148773193,0.0,0.6111111044883728,0.6111111044883728,2.4106500148773193,2.5568155646324158,0.0,0.0,8.367760002613068,8.367760002613068,8.367760002613068,54.0,36.0,33.0,10.0,300.0,0.0,300.0,1000.0,0.0,5.0,1.0,0.0,1.0,0.0,0.0,0.0,190.0,153.0,0.0,343.0,1,,,24.68063376856119,58.67372996671787,96.29416666666668,,,0.0,0.0,0.0,0.0,0.0
180041,north west,kaduna,kudan,urban,378.0,2019,1070,guinea corn (sorghum),0.7586400061845779,1500.0,210000.0,210000.0,0.24438049644231796,0.24438049644231796,0.0,0.7481203079223633,0.7481203079223633,0.24438049644231796,0.24438049644231796,0.0,0.0,1.7687300257384777,1.7687300257384777,1.7687300257384777,357.0,54.0,49.5,25.0,450.0,600.0,1050.0,2500.0,0.0,11.0,1.0,0.0,1.0,422000.0,0.0,0.0,60.0,63.0,0.0,123.0,1,,,25.21678641833077,52.72644687660011,75.81,,,0.0,0.0,0.0,0.0,0.0
180043,north west,kaduna,kudan,urban,378.0,2019,1070,guinea corn (sorghum),0.054721999913454056,1000.0,140000.0,140000.0,0.054721999913454056,0.054721999913454056,0.0,1.0,1.0,0.054721999913454056,0.054721999913454056,0.0,0.0,0.054721999913454056,0.054721999913454056,0.054721999913454056,55.0,6.0,5.5,10.0,50.0,100.0,150.0,1000.0,0.0,1.0,1.0,0.0,1.0,138000.0,120000.0,0.0,40.0,0.0,24.0,64.0,1,,,25.21678641833077,52.72644687660011,75.81,,,0.0,0.0,0.0,0.0,0.0
180049,north west,kaduna,kudan,urban,378.0,2019,1070,guinea corn (sorghum),0.19609999656677246,500.0,70000.0,80000.0,0.19609999656677246,0.19609999656677246,0.0,1.0,1.0,0.19609999656677246,0.19609999656677246,40000.0,500.0,0.3435000032186508,0.3435000032186508,0.3435000032186508,92.0,0.0,0.0,0.0,0.0,200.0,200.0,0.0,0.0,0.0,1.0,0.0,0.0,0.0,1800000.0,0.0,0.0,19.0,0.0,19.0,1,,,25.21678641833077,52.72644687660011,75.81,,,0.0,0.0,0.0,0.0,0.0
180092,north west,kaduna,sanga,rural,450.0,2019,1070,guinea corn (sorghum),3.536600112915039,25.0,3500.0,0.0,1.7683000564575195,1.7683000564575195,0.0,0.5,0.5,1.7683000564575195,1.7683000564575195,0.0,0.0,3.536600112915039,3.536600112915039,3.536600112915039,0.0,0.0,0.0,0.0,0.0,0.0,0.0,0.0,4.0,15.0,0.0,1.0,1.0,0.0,0.0,0.0,132.0,0.0,6.0,138.0,1,,,26.69429422683052,63.405721070148495,97.99833333333332,2019.0,kaduna communal militia (nigeria),1.0,5.0,5.0,2.0,0.0
180093,north west,kaduna,sanga,rural,450.0,2019,1070,guinea corn (sorghum),0.19889000058174133,500.0,70000.0,80000.0,0.19889000058174133,0.19889000058174133,0.0,1.0,1.0,0.19889000058174133,0.19889000058174133,16000.0,200.0,0.44830000400543213,0.44830000400543213,0.44830000400543213,0.0,0.0,0.0,16.0,0.0,0.0,0.0,1600.0,9.0,6.0,0.0,1.0,1.0,0.0,0.0,0.0,50.0,0.0,12.0,62.0,1,,,26.69429422683052,63.405721070148495,97.99833333333332,2019.0,kaduna communal militia (nigeria),1.0,5.0,5.0,2.0,0.0
180099,north west,kaduna,sanga,rural,450.0,2019,1070,guinea corn (sorghum),0.7487900257110596,200.0,28000.0,28000.0,0.12563590705394745,0.12563590705394745,0.0,0.16778522729873657,0.16778522729873657,0.12563590705394745,0.12563590705394745,0.0,0.0,0.7487900257110596,0.7487900257110596,0.7487900257110596,0.0,0.0,0.0,0.0,0.0,0.0,0.0,0.0,0.0,12.0,0.0,0.0,1.0,72000.0,0.0,0.0,440.0,30.0,0.0,470.0,1,,,26.69429422683052,63.405721070148495,97.99833333333332,2019.0,kaduna communal militia (nigeria),1.0,5.0,5.0,2.0,0.0
180100,north west,kaduna,sanga,rural,450.0,2019,1070,guinea corn (sorghum),0.7541800141334534,200.0,28000.0,28000.0,0.3770900070667267,0.3770900070667267,0.0,0.5,0.5,0.3770900070667267,0.3770900070667267,0.0,0.0,1.070030003786087,1.070030003786087,1.070030003786087,0.0,0.0,0.0,0.0,0.0,0.0,0.0,0.0,6.0,6.0,0.0,1.0,1.0,1696800.0,0.0,0.0,208.0,0.0,15.0,223.0,1,,,26.69429422683052,63.405721070148495,97.99833333333332,2019.0,kaduna communal militia (nigeria),1.0,5.0,5.0,2.0,0.0
189011,north west,kaduna,chikun,rural,1040.0,2019,1070,guinea corn (sorghum),2.0,300.0,42000.0,42000.0,1.0,1.0,0.0,0.5,0.5,1.0,1.0,0.0,0.0,2.061514001339674,2.061514001339674,2.061514001339674,238.0,36.0,33.0,0.0,300.0,400.0,700.0,0.0,0.0,0.0,1.0,0.0,0.0,0.0,540000.0,0.0,2.0,20.0,0.0,22.0,1,,,24.64214880952381,67.51151158474143,135.94,2019.0,fulani ethnic militia (nigeria),1.0,24.0,24.0,4.0,0.0
189011,north west,kaduna,chikun,rural,1040.0,2019,1070,guinea corn (sorghum),2.0,300.0,42000.0,42000.0,1.0,1.0,0.0,0.5,0.5,1.0,1.0,0.0,0.0,2.061514001339674,2.061514001339674,2.061514001339674,238.0,36.0,33.0,0.0,300.0,400.0,700.0,0.0,0.0,0.0,1.0,0.0,0.0,0.0,540000.0,0.0,2.0,20.0,0.0,22.0,1,,,24.64214880952381,67.51151158474143,135.94,2019.0,kaduna communal militia (nigeria),1.0,0.0,0.0,3.0,0.0
189016,north west,kaduna,chikun,rural,1554.0,2019,1070,guinea corn (sorghum),0.2709999978542328,0.0,0.0,0.0,0.1354999989271164,0.0,0.0,0.5,0.5,0.0,0.1354999989271164,0.0,0.0,1.2709999978542328,1.2709999978542328,1.2709999978542328,105.0,24.0,22.0,0.0,200.0,150.0,350.0,0.0,8.0,0.0,1.0,1.0,0.0,24000.0,0.0,0.0,190.0,18.0,14.0,222.0,1,,,24.64214880952381,67.51151158474143,135.94,2019.0,fulani ethnic militia (nigeria),1.0,24.0,24.0,4.0,0.0
189016,north west,kaduna,chikun,rural,1554.0,2019,1070,guinea corn (sorghum),0.2709999978542328,0.0,0.0,0.0,0.1354999989271164,0.0,0.0,0.5,0.5,0.0,0.1354999989271164,0.0,0.0,1.2709999978542328,1.2709999978542328,1.2709999978542328,105.0,24.0,22.0,0.0,200.0,150.0,350.0,0.0,8.0,0.0,1.0,1.0,0.0,24000.0,0.0,0.0,190.0,18.0,14.0,222.0,1,,,24.64214880952381,67.51151158474143,135.94,2019.0,kaduna communal militia (nigeria),1.0,0.0,0.0,3.0,0.0
189045,north west,kaduna,ikara,rural,674.0,2019,1070,guinea corn (sorghum),0.1741500049829483,300.0,42000.0,42000.0,0.043537501245737076,0.043537501245737076,0.0,0.25,0.25,0.0,0.0,0.0,0.0,0.5068100169301033,0.5068100169301033,0.5068100169301033,143.5,42.0,38.5,0.0,350.0,175.0,525.0,0.0,0.0,0.0,1.0,0.0,0.0,108600.0,0.0,0.0,66.0,8.0,0.0,74.0,1,,,26.55906412532296,64.52221526442385,103.43658069024184,,,0.0,0.0,0.0,0.0,0.0
189047,north west,kaduna,ikara,rural,674.0,2019,1070,guinea corn (sorghum),0.2003300040960312,100.0,14000.0,14000.0,0.0500825010240078,0.0500825010240078,0.0,0.25,0.25,0.0500825010240078,0.0500825010240078,0.0,0.0,1.2557400315999985,1.2557400315999985,1.2557400315999985,40.5984,1.5264,1.3992,10.0,12.719999,83.28,96.0,1000.0,0.0,0.0,1.0,0.0,0.0,298400.0,0.0,0.0,22.0,12.0,3.0,37.0,1,,,26.55906412532296,64.52221526442385,103.43658069024184,,,0.0,0.0,0.0,0.0,0.0
189048,north west,kaduna,ikara,rural,674.0,2019,1070,guinea corn (sorghum),0.47071000933647156,153.0,21420.0,14000.0,0.11767750233411789,0.11767750233411789,0.0,0.5,0.5,0.07746750116348267,0.07746750116348267,0.0,0.0,0.6088100075721741,0.6088100075721741,0.6088100075721741,38.6532,6.6144,6.0631995,0.0,55.119995,62.46,117.58,0.0,1.0,0.0,1.0,1.0,0.0,148500.0,0.0,0.0,58.0,3.0,0.0,61.0,1,,,26.55906412532296,64.52221526442385,103.43658069024184,,,0.0,0.0,0.0,0.0,0.0
189052,north west,kaduna,ikara,rural,792.0,2019,1070,guinea corn (sorghum),0.4228940084576607,800.0,112000.0,112000.0,0.19792133942246437,0.19792133942246437,0.0,1.3333333432674408,1.3333333432674408,0.17087000608444214,0.17087000608444214,0.0,0.0,0.4605860076844692,0.44191600754857063,0.44191600754857063,147.0,6.0,5.5,17.0,50.0,300.0,350.0,1700.0,6.0,4.0,1.0,1.0,1.0,207600.0,0.0,0.0,31.0,4.0,0.0,35.0,1,,,26.55906412532296,64.52221526442385,103.43658069024184,,,0.0,0.0,0.0,0.0,0.0
189055,north west,kaduna,ikara,rural,792.0,2019,1070,guinea corn (sorghum),0.3116700053215027,1000.0,140000.0,140000.0,0.3116700053215027,0.3116700053215027,0.0,1.0,1.0,0.3116700053215027,0.3116700053215027,0.0,0.0,0.3116700053215027,0.3116700053215027,0.3116700053215027,32.0,6.0,5.5,0.0,50.0,50.0,100.0,0.0,0.0,0.0,1.0,0.0,0.0,900000.0,0.0,0.0,100.0,23.0,0.0,123.0,1,,,26.55906412532296,64.52221526442385,103.43658069024184,,,0.0,0.0,0.0,0.0,0.0
189057,north west,kaduna,ikara,rural,792.0,2019,1070,guinea corn (sorghum),0.1281300038099289,200.0,28000.0,32000.0,0.032032500952482224,0.032032500952482224,0.0,0.25,0.25,0.0,0.0,8000.0,100.0,0.21560900658369064,0.21560900658369064,0.21560900658369064,73.0,18.0,16.5,0.0,150.0,100.0,250.0,0.0,0.0,0.0,1.0,0.0,0.0,75600.0,0.0,0.0,91.0,8.0,0.0,99.0,1,,,26.55906412532296,64.52221526442385,103.43658069024184,,,0.0,0.0,0.0,0.0,0.0
189058,north west,kaduna,ikara,rural,792.0,2019,1070,guinea corn (sorghum),0.08388400077819824,300.0,42000.0,42000.0,0.08388400077819824,0.08388400077819824,0.0,1.0,1.0,0.08388400077819824,0.08388400077819824,0.0,0.0,0.4440729981288314,0.4322329983115196,0.4322329983115196,99.099396,9.667199,8.861599,15.0,80.56,183.91,264.47,1500.0,1.0,1.0,1.0,1.0,1.0,859000.0,0.0,0.0,24.0,7.0,0.0,31.0,1,,,26.55906412532296,64.52221526442385,103.43658069024184,,,0.0,0.0,0.0,0.0,0.0
189109,north west,kaduna,kajuru,rural,42.0,2019,1070,guinea corn (sorghum),0.6675199866294861,700.0,98000.0,98000.0,0.6675199866294861,0.6675199866294861,0.0,1.0,1.0,0.6675199866294861,0.6675199866294861,14000.0,200.0,0.6675199866294861,0.6675199866294861,0.6675199866294861,91.0,30.0,27.5,0.0,250.0,100.0,350.0,0.0,3.0,8.0,1.0,1.0,1.0,179400.0,462000.0,0.0,181.0,63.0,0.0,244.0,1,,,26.55906412532296,64.52221526442385,103.43658069024184,,,0.0,0.0,0.0,0.0,0.0
189116,north west,kaduna,kajuru,rural,42.0,2019,1070,guinea corn (sorghum),0.6051499843597412,500.0,70000.0,70000.0,0.3025749921798706,0.3025749921798706,0.0,0.5,0.5,0.3025749921798706,0.3025749921798706,7000.0,100.0,0.7793099880218506,0.7793099880218506,0.7793099880218506,34.5,0.0,0.0,0.0,0.0,75.0,75.0,0.0,0.0,2.0,1.0,0.0,1.0,82560.0,0.0,0.0,67.0,0.0,6.0,73.0,1,,,26.55906412532296,64.52221526442385,103.43658069024184,,,0.0,0.0,0.0,0.0,0.0
189118,north west,kaduna,kajuru,rural,42.0,2019,1070,guinea corn (sorghum),3.24429988861084,200.0,28000.0,32000.0,0.8049767017364502,0.8049767017364502,0.0,0.24812030792236328,0.24812030792236328,0.8049767017364502,0.8049767017364502,16000.0,200.0,3.7682198882102966,3.7682198882102966,3.7682198882102966,128.0,24.0,22.0,0.0,200.0,200.0,400.0,0.0,0.0,0.0,1.0,0.0,0.0,0.0,0.0,0.0,312.0,65.0,0.0,377.0,1,,,26.55906412532296,64.52221526442385,103.43658069024184,,,0.0,0.0,0.0,0.0,0.0
189130,north west,kaduna,kajuru,rural,522.0,2019,1070,guinea corn (sorghum),0.27324000000953674,100.0,14000.0,14000.0,0.06831000000238419,0.05123250186443329,0.0,0.25,0.25,0.05123250186443329,0.06831000000238419,0.0,0.0,0.6426799893379211,0.6426799893379211,0.6426799893379211,334.0,54.0,49.5,0.0,450.0,550.0,1000.0,0.0,7.0,8.0,1.0,1.0,1.0,10000.0,0.0,0.0,74.0,0.0,0.0,74.0,1,,,26.55906412532296,64.52221526442385,103.43658069024184,,,0.0,0.0,0.0,0.0,0.0
189144,north west,kaduna,lere,rural,572.0,2019,1070,guinea corn (sorghum),1.2350000143051147,400.0,56000.0,60000.0,0.6175000071525574,0.6175000071525574,0.0,0.5,0.5,0.6175000071525574,0.6175000071525574,22500.0,300.0,2.8575100004673004,2.496639996767044,2.8575100004673004,288.0,54.0,49.5,5.0,450.0,450.0,900.0,500.0,0.0,12.0,1.0,0.0,1.0,121000.0,0.0,0.0,85.0,0.0,0.0,85.0,1,,,26.55906412532296,64.52221526442385,103.43658069024184,,,0.0,0.0,0.0,0.0,0.0
189147,north west,kaduna,lere,rural,726.0,2019,1070,guinea corn (sorghum),0.6183599829673767,1000.0,140000.0,140000.0,0.15458999574184418,0.15458999574184418,0.0,0.25,0.25,0.15458999574184418,0.15458999574184418,0.0,0.0,0.6183599829673767,0.6183599829673767,0.6183599829673767,27.0,18.0,16.5,0.0,150.0,0.0,150.0,0.0,0.0,2.0,1.0,0.0,1.0,180000.0,0.0,0.0,40.0,22.0,8.0,70.0,1,,,26.55906412532296,64.52221526442385,103.43658069024184,,,0.0,0.0,0.0,0.0,0.0
189156,north west,kaduna,lere,rural,726.0,2019,1070,guinea corn (sorghum),1.2140580415725708,600.0,84000.0,84000.0,0.3035145103931427,0.3035145103931427,0.0,0.25,0.25,0.3035145103931427,0.3035145103931427,0.0,0.0,3.237488090991974,3.237488090991974,3.237488090991974,1389.0,144.0,132.0,26.0,1200.0,2550.0,3750.0,2600.0,14.0,34.0,1.0,1.0,1.0,6038400.0,0.0,0.0,13.0,46.0,0.0,59.0,1,,,26.55906412532296,64.52221526442385,103.43658069024184,,,0.0,0.0,0.0,0.0,0.0
189162,north west,kaduna,lere,rural,880.0,2019,1070,guinea corn (sorghum),0.40468600392341614,1000.0,140000.0,140000.0,0.13489533960819244,0.13489533960819244,0.0,0.3333333432674408,0.3333333432674408,0.13489533960819244,0.13489533960819244,0.0,0.0,0.5118260011076927,0.5118260011076927,0.5118260011076927,117.0,78.0,71.5,0.0,650.0,0.0,650.0,0.0,0.0,10.0,1.0,0.0,1.0,0.0,756000.0,0.0,52.0,204.0,0.0,256.0,1,,,26.55906412532296,64.52221526442385,103.43658069024184,,,0.0,0.0,0.0,0.0,0.0
189167,north west,kaduna,lere,rural,880.0,2019,1070,guinea corn (sorghum),1.1755000352859497,1200.0,84000.0,84000.0,0.3918333649635315,0.2938750386238098,0.0,0.3333333432674408,0.3333333432674408,0.2938750386238098,0.3918333649635315,7000.0,100.0,2.1755000352859497,2.1755000352859497,2.1755000352859497,54.0,36.0,33.0,0.0,300.0,0.0,300.0,0.0,0.0,8.0,1.0,0.0,1.0,67800.0,232400.0,0.0,24.0,17.0,0.0,41.0,1,,,26.55906412532296,64.52221526442385,103.43658069024184,,,0.0,0.0,0.0,0.0,0.0
189169,north west,kaduna,makarfi,rural,76.0,2019,1070,guinea corn (sorghum),1.4408999681472778,1200.0,168000.0,168000.0,0.7240703701972961,0.7240703701972961,0.0,0.5025125741958618,0.5025125741958618,0.7240703701972961,0.7240703701972961,0.0,0.0,2.1777139753103256,2.1376639753580093,2.1376639753580093,325.0,48.0,44.0,15.5,400.0,550.0,950.0,1550.0,1.0,10.0,1.0,1.0,1.0,294000.0,0.0,0.0,62.0,30.0,0.0,92.0,1,,,26.55906412532296,64.52221526442385,103.43658069024184,,,0.0,0.0,0.0,0.0,0.0
189170,north west,kaduna,makarfi,rural,76.0,2019,1070,guinea corn (sorghum),0.10728000104427338,400.0,56000.0,56000.0,0.10728000104427338,0.10728000104427338,0.0,1.0,1.0,0.10728000104427338,0.10728000104427338,0.0,0.0,0.7838739976286888,0.7838739976286888,0.7838739976286888,119.0,18.0,16.5,17.0,150.0,200.0,350.0,1700.0,3.0,2.0,1.0,1.0,1.0,51600.0,0.0,0.0,69.0,14.0,0.0,83.0,1,,,26.55906412532296,64.52221526442385,103.43658069024184,,,0.0,0.0,0.0,0.0,0.0
189175,north west,kaduna,makarfi,rural,76.0,2019,1070,guinea corn (sorghum),0.11146999895572662,500.0,70000.0,70000.0,0.11146999895572662,0.11146999895572662,0.0,1.0,1.0,0.11146999895572662,0.11146999895572662,0.0,0.0,1.0742999911308289,1.0742999911308289,1.0742999911308289,36.5,9.0,8.25,23.5,75.0,50.0,125.0,2350.0,0.0,24.0,1.0,0.0,1.0,552000.0,0.0,0.0,75.0,153.0,0.0,228.0,1,,,26.55906412532296,64.52221526442385,103.43658069024184,,,0.0,0.0,0.0,0.0,0.0
189179,north west,kaduna,makarfi,rural,76.0,2019,1070,guinea corn (sorghum),0.29607999324798584,800.0,112000.0,112000.0,0.29607999324798584,0.29607999324798584,0.0,1.0,1.0,0.29607999324798584,0.29607999324798584,35000.0,500.0,0.9988540187478065,0.9988540187478065,0.9988540187478065,147.0,6.0,5.5,25.0,50.0,300.0,350.0,2500.0,0.0,2.0,1.0,0.0,1.0,756000.0,0.0,0.0,35.0,5.0,2.0,42.0,1,,,26.55906412532296,64.52221526442385,103.43658069024184,,,0.0,0.0,0.0,0.0,0.0
189192,north west,kaduna,sabon gari,urban,818.0,2019,1070,guinea corn (sorghum),0.34558001160621643,700.0,98000.0,98000.0,0.17279000580310822,0.17279000580310822,0.0,0.5,0.5,0.17279000580310822,0.17279000580310822,0.0,0.0,0.34558001160621643,0.34558001160621643,0.34558001160621643,73.0,18.0,16.5,40.0,150.0,100.0,250.0,4000.0,0.0,0.0,1.0,0.0,0.0,558000.0,0.0,0.0,70.0,22.0,2.0,94.0,1,,,26.55906412532296,64.52221526442385,103.43658069024184,,,0.0,0.0,0.0,0.0,0.0
189193,north west,kaduna,soba,rural,24.0,2019,1070,guinea corn (sorghum),0.7282399833202362,400.0,56000.0,56000.0,0.31724607944488525,0.31724607944488525,0.0,0.8975903689861298,0.8975903689861298,0.31724607944488525,0.31724607944488525,0.0,0.0,1.3700199648737907,1.3700199648737907,1.3700199648737907,217.5,30.0,27.5,20.0,250.0,375.0,625.0,2000.0,0.0,4.0,1.0,0.0,1.0,86400.0,0.0,0.0,115.0,0.0,3.0,118.0,1,,,26.55906412532296,64.52221526442385,103.43658069024184,,,0.0,0.0,0.0,0.0,0.0
189194,north west,kaduna,soba,rural,24.0,2019,1070,guinea corn (sorghum),0.4890500046312809,600.0,84000.0,84000.0,0.12226250115782022,0.12226250115782022,0.0,0.5,0.5,0.11038000136613846,0.11038000136613846,0.0,0.0,1.3187199868261814,1.3187199868261814,1.3187199868261814,159.0676,34.0704,31.2312,5.0,283.91998,234.7,518.62,500.0,3.0,11.0,1.0,1.0,1.0,254400.0,0.0,0.0,103.0,3.0,8.0,114.0,1,,,26.55906412532296,64.52221526442385,103.43658069024184,,,0.0,0.0,0.0,0.0,0.0
189195,north west,kaduna,soba,rural,24.0,2019,1070,guinea corn (sorghum),0.4106089919805527,800.0,112000.0,112000.0,0.17950226366519928,0.17950226366519928,0.0,1.7481203079223633,1.7481203079223633,0.1378917619585991,0.1378917619585991,0.0,0.0,0.889458991587162,0.8747389912605286,0.8747389912605286,102.5,30.0,27.5,23.0,250.0,125.0,375.0,2300.0,0.0,4.0,1.0,0.0,1.0,73400.0,0.0,0.0,95.0,5.0,0.0,100.0,1,,,26.55906412532296,64.52221526442385,103.43658069024184,,,0.0,0.0,0.0,0.0,0.0
189199,north west,kaduna,soba,rural,24.0,2019,1070,guinea corn (sorghum),0.15425999462604523,400.0,56000.0,56000.0,0.15425999462604523,0.15425999462604523,0.0,1.0,1.0,0.15425999462604523,0.15425999462604523,0.0,0.0,0.5094999969005585,0.5094999969005585,0.5094999969005585,210.0,48.0,44.0,0.0,400.0,300.0,700.0,0.0,3.0,18.0,1.0,1.0,1.0,0.0,0.0,0.0,50.0,29.0,0.0,79.0,1,,,26.55906412532296,64.52221526442385,103.43658069024184,,,0.0,0.0,0.0,0.0,0.0
189200,north west,kaduna,soba,rural,24.0,2019,1070,guinea corn (sorghum),0.5036399960517883,700.0,98000.0,98000.0,0.16620120406150818,0.16620120406150818,0.0,0.33000001311302185,0.3333333432674408,0.16620120406150818,0.16620120406150818,14000.0,200.0,1.4013599753379822,1.4013599753379822,1.4013599753379822,197.0,24.0,22.0,8.0,200.0,350.0,550.0,800.0,0.0,0.0,1.0,0.0,0.0,74400.0,0.0,0.0,66.0,40.0,0.0,106.0,1,,,26.55906412532296,64.52221526442385,103.43658069024184,,,0.0,0.0,0.0,0.0,0.0
189202,north west,kaduna,soba,rural,24.0,2019,1070,guinea corn (sorghum),0.24699999392032623,500.0,70000.0,65000.0,0.24699999392032623,0.24699999392032623,0.0,1.0,1.0,0.24699999392032623,0.24699999392032623,32500.0,500.0,0.6200100034475327,0.6200100034475327,0.6200100034475327,82.0,24.0,22.0,17.0,200.0,100.0,300.0,1700.0,0.0,3.0,1.0,0.0,1.0,82200.0,0.0,0.0,95.0,0.0,0.0,95.0,1,,,26.55906412532296,64.52221526442385,103.43658069024184,,,0.0,0.0,0.0,0.0,0.0
189203,north west,kaduna,soba,rural,24.0,2019,1070,guinea corn (sorghum),0.152879998087883,100.0,14000.0,16000.0,0.152879998087883,0.152879998087883,0.0,1.0,1.0,0.152879998087883,0.152879998087883,4000.0,50.0,1.1546999961137772,1.1546999961137772,1.1546999961137772,5.94,3.96,3.63,10.0,33.0,0.0,33.0,1000.0,0.0,0.5,1.0,0.0,1.0,181200.0,0.0,0.0,17.0,4.0,4.0,25.0,1,,,26.55906412532296,64.52221526442385,103.43658069024184,,,0.0,0.0,0.0,0.0,0.0
189209,north west,kaduna,zongon kataf,rural,1898.0,2019,1070,guinea corn (sorghum),0.19825999438762665,25.0,3500.0,0.0,0.06608666479587555,0.06608666479587555,0.0,0.3333333432674408,0.3333333432674408,0.06608666479587555,0.06608666479587555,0.0,0.0,0.19825999438762665,0.19825999438762665,0.19825999438762665,22.5,15.0,13.75,0.0,125.0,0.0,125.0,0.0,0.0,4.0,1.0,0.0,1.0,0.0,540000.0,0.0,5.0,20.0,25.0,50.0,1,,,26.55906412532296,64.52221526442385,103.43658069024184,,,0.0,0.0,0.0,0.0,0.0
189213,north west,kaduna,zongon kataf,rural,1898.0,2019,1070,guinea corn (sorghum),0.2124200016260147,100.0,14000.0,14000.0,0.10621000081300735,0.05310500040650368,0.0,0.5,0.5,0.05310500040650368,0.10621000081300735,0.0,0.0,0.2124200016260147,0.2124200016260147,0.2124200016260147,32.0,6.0,5.5,0.0,50.0,50.0,100.0,0.0,1.0,2.0,1.0,1.0,1.0,13500.0,1008000.0,0.0,90.0,25.0,10.0,125.0,1,,,26.55906412532296,64.52221526442385,103.43658069024184,,,0.0,0.0,0.0,0.0,0.0
189216,north west,kaduna,zongon kataf,rural,1898.0,2019,1070,guinea corn (sorghum),0.5757399797439575,300.0,42000.0,42000.0,0.28786998987197876,0.28786998987197876,0.0,0.5,0.5,0.28786998987197876,0.28786998987197876,0.0,0.0,0.88673996925354,0.88673996925354,0.88673996925354,100.0,36.0,33.0,0.0,300.0,100.0,400.0,0.0,0.0,15.0,1.0,0.0,1.0,0.0,0.0,0.0,118.0,40.0,0.0,158.0,1,,,26.55906412532296,64.52221526442385,103.43658069024184,,,0.0,0.0,0.0,0.0,0.0
190081,north west,kano,garko,rural,934.0,2019,1070,guinea corn (sorghum),1.1418900191783905,694.3000030517578,111088.0,0.0,0.43134940415620804,0.2924929056316614,0.0,1.5164835304021835,1.5164835304021835,0.2924929056316614,0.43134940415620804,0.0,0.0,1.1539900191128254,1.1418900191783905,1.1418900191783905,13.5,9.0,8.25,32.5,75.0,0.0,75.0,3250.0,11.0,0.0,1.0,1.0,0.0,133500.0,0.0,0.0,44.0,4.0,0.0,48.0,1,,,26.64172843061956,46.21020218894009,51.020833333333336,,,0.0,0.0,0.0,0.0,0.0
190082,north west,kano,garko,rural,934.0,2019,1070,guinea corn (sorghum),0.48288198560476303,520.0,83200.0,83200.0,0.09947249852120876,0.09947249852120876,0.0,0.45000000298023224,0.45000000298023224,0.08499199897050858,0.08499199897050858,0.0,0.0,0.8632419798523188,0.8419019803404808,0.8419019803404808,68.0,30.0,27.5,72.5,250.0,50.0,300.0,7250.0,6.0,0.0,1.0,1.0,0.0,137200.0,0.0,0.0,15.0,2.0,5.0,22.0,1,,,26.64172843061956,46.21020218894009,51.020833333333336,,,0.0,0.0,0.0,0.0,0.0
190083,north west,kano,garko,rural,934.0,2019,1070,guinea corn (sorghum),0.3241499960422516,450.0,72000.0,72000.0,0.0810374990105629,0.0810374990105629,0.0,0.25,0.3333333432674408,0.0810374990105629,0.0810374990105629,0.0,0.0,0.5304999966174364,0.5093899965286255,0.5093899965286255,18.0,12.0,11.0,60.0,100.0,0.0,100.0,6000.0,2.0,0.0,1.0,1.0,0.0,48000.0,0.0,0.0,14.0,0.0,6.0,20.0,1,,,26.64172843061956,46.21020218894009,51.020833333333336,,,0.0,0.0,0.0,0.0,0.0
190084,north west,kano,garko,rural,934.0,2019,1070,guinea corn (sorghum),0.48659999668598175,600.0,96000.0,96000.0,0.21508663520216942,0.21508663520216942,0.0,0.7844827473163605,0.7844827771186829,0.17784500122070312,0.17784500122070312,0.0,0.0,0.7061699908226728,0.6761699914932251,0.6761699914932251,18.0,12.0,11.0,17.5,100.0,0.0,100.0,1750.0,0.0,1.0,1.0,0.0,1.0,456000.0,0.0,0.0,33.0,0.0,0.0,33.0,1,,,26.64172843061956,46.21020218894009,51.020833333333336,,,0.0,0.0,0.0,0.0,0.0
190085,north west,kano,garko,rural,934.0,2019,1070,guinea corn (sorghum),0.7607900202274323,250.0,40000.0,40000.0,0.25106072425842285,0.25106072425842285,0.0,0.6600000262260437,0.6959707140922546,0.25106072425842285,0.25106072425842285,0.0,0.0,1.1954760234802961,1.1654760241508484,1.1654760241508484,4.5,3.0,2.75,120.0,25.0,0.0,25.0,12000.0,3.0,0.0,1.0,1.0,0.0,750000.0,0.0,0.0,44.0,0.0,0.0,44.0,1,,,26.64172843061956,46.21020218894009,51.020833333333336,,,0.0,0.0,0.0,0.0,0.0
190086,north west,kano,garko,rural,934.0,2019,1070,guinea corn (sorghum),1.9130999743938446,700.0,112000.0,112000.0,1.092695191502571,1.092695191502571,0.0,1.5800000131130219,1.5833333432674408,1.092695191502571,1.092695191502571,0.0,0.0,2.7113800030201674,2.6813800036907196,2.6813800036907196,9.0,6.0,5.5,15.0,50.0,0.0,50.0,1500.0,3.0,0.0,1.0,1.0,0.0,510000.0,0.0,0.0,52.0,0.0,0.0,52.0,1,,,26.64172843061956,46.21020218894009,51.020833333333336,,,0.0,0.0,0.0,0.0,0.0
190087,north west,kano,garko,rural,934.0,2019,1070,guinea corn (sorghum),0.3035145029425621,250.0,40000.0,40000.0,0.16861917078495026,0.16861917078495026,0.0,1.3333333432674408,1.3333333432674408,0.16861917078495026,0.16861917078495026,0.0,0.0,0.42788600362837315,0.40468600392341614,0.40468600392341614,0.0,0.0,0.0,30.0,0.0,0.0,0.0,3000.0,1.0,0.0,0.0,1.0,0.0,60000.0,0.0,0.0,18.0,25.0,0.0,43.0,1,,,26.64172843061956,46.21020218894009,51.020833333333336,,,0.0,0.0,0.0,0.0,0.0
190088,north west,kano,garko,rural,934.0,2019,1070,guinea corn (sorghum),0.6988099962472916,1000.0,160000.0,160000.0,0.3063766658306122,0.3063766658306122,0.0,1.3333333432674408,1.3333333432674408,0.3063766658306122,0.3063766658306122,0.0,0.0,0.7212099954485893,0.6988099962472916,0.6988099962472916,26.25,6.0,5.5,30.0,50.0,37.5,87.5,3000.0,1.5,1.5,1.0,1.0,1.0,0.0,0.0,0.0,29.0,20.0,0.0,49.0,1,,,26.64172843061956,46.21020218894009,51.020833333333336,,,0.0,0.0,0.0,0.0,0.0
190089,north west,kano,garko,rural,934.0,2019,1070,guinea corn (sorghum),0.7385200262069702,800.0,128000.0,128000.0,0.3692600131034851,0.3692600131034851,0.0,0.5,0.5,0.3692600131034851,0.3692600131034851,0.0,0.0,0.7507200259715319,0.7385200262069702,0.7385200262069702,4.5,3.0,2.75,10.0,25.0,0.0,25.0,1000.0,3.0,0.0,1.0,1.0,0.0,350000.0,0.0,0.0,18.0,26.0,0.0,44.0,1,,,26.64172843061956,46.21020218894009,51.020833333333336,,,0.0,0.0,0.0,0.0,0.0
190090,north west,kano,garko,rural,934.0,2019,1070,guinea corn (sorghum),0.5867739915847778,700.0,116000.0,116000.0,0.2645203322172165,0.1363203376531601,0.0,1.8333333432674408,1.8333333432674408,0.057733334600925446,0.18593332916498184,0.0,0.0,0.6726679876446724,0.6502679884433746,0.6502679884433746,94.484,0.0,0.0,20.0,0.0,205.4,205.4,2000.0,0.0,0.0,1.0,0.0,0.0,33000.0,0.0,0.0,28.0,0.0,0.0,28.0,1,,,26.64172843061956,46.21020218894009,51.020833333333336,,,0.0,0.0,0.0,0.0,0.0
190131,north west,kano,dawakin tofa,rural,808.0,2019,1070,guinea corn (sorghum),0.47874999046325684,1300.0,208000.0,208000.0,0.47874999046325684,0.47874999046325684,0.0,1.0,1.0,0.47874999046325684,0.47874999046325684,0.0,0.0,1.5677300095558167,0.8877300024032593,0.8877300024032593,82.0,24.0,22.0,106.0,200.0,100.0,300.0,10600.0,0.0,0.0,1.0,0.0,0.0,0.0,0.0,0.0,25.0,16.0,16.0,57.0,1,,,26.55906412532296,64.52221526442385,103.43658069024184,,,0.0,0.0,0.0,0.0,0.0
190132,north west,kano,dawakin tofa,rural,808.0,2019,1070,guinea corn (sorghum),0.6614999771118164,500.0,80000.0,80000.0,0.3307499885559082,0.3307499885559082,0.0,0.5,0.5,0.3307499885559082,0.3307499885559082,0.0,0.0,0.6614999771118164,0.6614999771118164,0.6614999771118164,87.0,12.0,11.0,200.0,100.0,150.0,250.0,20000.0,0.0,0.0,1.0,0.0,0.0,888300.0,0.0,0.0,138.0,57.0,30.0,225.0,1,,,26.55906412532296,64.52221526442385,103.43658069024184,,,0.0,0.0,0.0,0.0,0.0
190133,north west,kano,dawakin tofa,rural,808.0,2019,1070,guinea corn (sorghum),0.4355600029230118,106.0,16960.0,0.0,0.19726700335741043,0.19726700335741043,0.0,0.9000000059604645,0.9000000059604645,0.19726700335741043,0.19726700335741043,0.0,0.0,0.6855600029230118,0.4355600029230118,0.4355600029230118,46.0,0.0,0.0,15.0,0.0,100.0,200.0,1500.0,0.0,0.0,1.0,0.0,0.0,34400.0,216000.0,0.0,104.0,19.0,0.0,123.0,1,,,26.55906412532296,64.52221526442385,103.43658069024184,,,0.0,0.0,0.0,0.0,0.0
190134,north west,kano,dawakin tofa,rural,808.0,2019,1070,guinea corn (sorghum),0.483800008893013,450.0,72000.0,72000.0,0.1680700033903122,0.1680700033903122,0.0,0.75,0.75,0.1680700033903122,0.1680700033903122,0.0,0.0,1.5431720167398453,1.2931720167398453,1.2931720167398453,81.0,54.0,49.5,17.5,450.0,0.0,450.0,1750.0,5.0,2.0,1.0,1.0,1.0,75000.0,368000.0,0.0,18.0,18.0,0.0,36.0,1,,,26.55906412532296,64.52221526442385,103.43658069024184,,,0.0,0.0,0.0,0.0,0.0
190135,north west,kano,dawakin tofa,rural,808.0,2019,1070,guinea corn (sorghum),0.2522999942302704,100.0,16000.0,16000.0,0.1261499971151352,0.1261499971151352,0.0,0.5,0.5,0.1261499971151352,0.1261499971151352,0.0,0.0,0.901539996266365,0.40153999626636505,0.40153999626636505,0.0,0.0,0.0,3.5,0.0,0.0,0.0,350.0,0.0,0.0,0.0,0.0,0.0,19200.0,0.0,0.0,8.0,6.0,6.0,20.0,1,,,26.55906412532296,64.52221526442385,103.43658069024184,,,0.0,0.0,0.0,0.0,0.0
190136,north west,kano,dawakin tofa,rural,808.0,2019,1070,guinea corn (sorghum),0.5479199886322021,200.0,32000.0,32000.0,0.15654857456684113,0.15654857456684113,0.0,0.2857142984867096,0.2857142984867096,0.15654857456684113,0.15654857456684113,0.0,0.0,0.5479199886322021,0.5479199886322021,0.5479199886322021,4.5,3.0,2.75,10.0,25.0,0.0,25.0,1000.0,0.5,0.0,1.0,1.0,0.0,33600.0,628800.0,0.0,130.0,0.0,6.0,136.0,1,,,26.55906412532296,64.52221526442385,103.43658069024184,,,0.0,0.0,0.0,0.0,0.0
190137,north west,kano,dawakin tofa,rural,808.0,2019,1070,guinea corn (sorghum),0.22232000529766083,100.0,16000.0,16000.0,0.11116000264883041,0.11116000264883041,0.0,0.5,0.5,0.11116000264883041,0.11116000264883041,0.0,0.0,0.47715000808238983,0.47715000808238983,0.47715000808238983,0.0,0.0,0.0,0.0,0.0,0.0,0.0,0.0,0.0,0.0,0.0,0.0,0.0,223200.0,0.0,0.0,42.0,0.0,0.0,42.0,1,,,26.55906412532296,64.52221526442385,103.43658069024184,,,0.0,0.0,0.0,0.0,0.0
190138,north west,kano,dawakin tofa,rural,808.0,2019,1070,guinea corn (sorghum),0.4159800112247467,200.0,32000.0,32000.0,0.34665000438690186,0.34665000438690186,0.0,0.8333333134651184,0.8333333134651184,0.34665000438690186,0.34665000438690186,0.0,0.0,0.8273670077323914,0.5773670077323914,0.5773670077323914,43.797,8.544,7.832,110.0,71.2,67.35,138.55,11000.0,0.5,0.5,1.0,1.0,1.0,0.0,0.0,0.0,10.0,1.0,1.0,12.0,1,,,26.55906412532296,64.52221526442385,103.43658069024184,,,0.0,0.0,0.0,0.0,0.0
190139,north west,kano,dawakin tofa,rural,808.0,2019,1070,guinea corn (sorghum),1.1311599910259247,600.0,96000.0,96000.0,0.444263331592083,0.444263331592083,0.0,1.6666666865348816,1.6666666865348816,0.444263331592083,0.444263331592083,0.0,0.0,1.8643999993801117,1.7393999993801117,1.7393999993801117,160.0,30.0,27.5,120.0,250.0,250.0,500.0,12000.0,0.0,0.0,1.0,0.0,0.0,0.0,178200.0,0.0,88.0,0.0,0.0,88.0,1,,,26.55906412532296,64.52221526442385,103.43658069024184,,,0.0,0.0,0.0,0.0,0.0
190161,north west,kano,gwarzo,rural,366.0,2019,1070,guinea corn (sorghum),2.4392130076885223,1300.0,208000.0,208000.0,0.4665228072553873,0.4665228072553873,0.0,1.050000011920929,1.1128968372941017,0.4409565068781376,0.4409565068781376,40000.0,500.0,2.6392130106687546,2.4392130076885223,2.4392130076885223,256.0,48.0,44.0,22.5,400.0,400.0,900.0,2250.0,0.0,0.0,1.0,0.0,0.0,192000.0,0.0,0.0,3.0,63.0,6.0,72.0,1,,,26.55906412532296,64.52221526442385,103.43658069024184,,,0.0,0.0,0.0,0.0,0.0
190162,north west,kano,gwarzo,rural,366.0,2019,1070,guinea corn (sorghum),0.4655200019478798,350.0,56000.0,56000.0,0.20983799919486046,0.20983799919486046,0.0,1.4000000059604645,1.4000000059604645,0.20983799919486046,0.20983799919486046,0.0,0.0,0.6956960037350655,0.6956960037350655,0.6956960037350655,23.0,0.0,0.0,55.5,0.0,50.0,50.0,5550.0,0.0,0.0,1.0,0.0,0.0,89600.0,0.0,0.0,24.0,30.0,0.0,54.0,1,,,26.55906412532296,64.52221526442385,103.43658069024184,,,0.0,0.0,0.0,0.0,0.0
190163,north west,kano,gwarzo,rural,366.0,2019,1070,guinea corn (sorghum),1.0843769907951355,600.0,96000.0,96000.0,0.5961184948682785,0.5961184948682785,0.0,3.0,3.0,0.5548749938607216,0.5548749938607216,0.0,0.0,1.0969669912010431,1.0843769907951355,1.0843769907951355,23.0,0.0,0.0,43.0,0.0,50.0,50.0,4300.0,0.0,0.0,1.0,0.0,0.0,356000.0,0.0,0.0,46.0,0.0,0.0,46.0,1,,,26.55906412532296,64.52221526442385,103.43658069024184,,,0.0,0.0,0.0,0.0,0.0
190164,north west,kano,gwarzo,rural,366.0,2019,1070,guinea corn (sorghum),0.7664999961853027,700.0,112000.0,112000.0,0.48836500197649,0.48836500197649,0.0,2.0,2.25,0.48836500197649,0.48836500197649,0.0,0.0,1.2005999982357025,1.2005999982357025,1.2005999982357025,87.0,12.0,11.0,43.0,100.0,150.0,250.0,4300.0,0.0,0.0,1.0,0.0,0.0,19800.0,0.0,0.0,21.0,32.0,0.0,53.0,1,,,26.55906412532296,64.52221526442385,103.43658069024184,,,0.0,0.0,0.0,0.0,0.0
190165,north west,kano,gwarzo,rural,366.0,2019,1070,guinea corn (sorghum),2.1251900270581245,1050.0,168000.0,168000.0,0.9377745166420937,0.9377745166420937,0.0,3.6500000059604645,3.6500000059604645,0.9377745166420937,0.9377745166420937,32000.0,400.0,2.446008026599884,2.196008026599884,2.196008026599884,41.0,12.0,11.0,125.0,100.0,50.0,150.0,12500.0,0.0,0.0,1.0,0.0,0.0,0.0,0.0,0.0,24.0,0.0,15.0,39.0,1,,,26.55906412532296,64.52221526442385,103.43658069024184,,,0.0,0.0,0.0,0.0,0.0
190166,north west,kano,gwarzo,rural,366.0,2019,1070,guinea corn (sorghum),0.7623199820518494,500.0,80000.0,80000.0,0.3811599910259247,0.3811599910259247,0.0,0.5,0.5,0.3811599910259247,0.3811599910259247,0.0,0.0,3.3698379397392273,3.1198379397392273,3.1198379397392273,128.0,24.0,22.0,145.5,200.0,200.0,400.0,14550.0,0.0,0.0,1.0,0.0,0.0,0.0,0.0,0.0,13.0,4.0,10.0,27.0,1,,,26.55906412532296,64.52221526442385,103.43658069024184,,,0.0,0.0,0.0,0.0,0.0
190167,north west,kano,gwarzo,rural,366.0,2019,1070,guinea corn (sorghum),2.899135895073414,350.0,56000.0,56000.0,0.8872183375060558,0.8872183375060558,0.0,1.9100000262260437,2.0000000298023224,0.8872183375060558,0.8872183375060558,0.0,0.0,3.2496959045529366,3.099695898592472,3.099695898592472,73.0,18.0,16.5,7.5,150.0,100.0,250.0,750.0,0.0,0.0,1.0,0.0,0.0,183600.0,0.0,0.0,21.0,1.0,4.0,26.0,1,,,26.55906412532296,64.52221526442385,103.43658069024184,,,0.0,0.0,0.0,0.0,0.0
190168,north west,kano,gwarzo,rural,366.0,2019,1070,guinea corn (sorghum),0.40306998789310455,250.0,40000.0,40000.0,0.10076749697327614,0.10076749697327614,0.0,0.5,0.5,0.06047999858856201,0.06047999858856201,0.0,0.0,1.0516099780797958,0.8016099780797958,0.8016099780797958,52.5,12.0,11.0,10.0,100.0,75.0,175.0,1000.0,1.0,0.0,1.0,1.0,0.0,279000.0,0.0,0.0,23.0,7.0,7.0,37.0,1,,,26.55906412532296,64.52221526442385,103.43658069024184,,,0.0,0.0,0.0,0.0,0.0
190170,north west,kano,gwarzo,rural,366.0,2019,1070,guinea corn (sorghum),0.1510699987411499,400.0,64000.0,64000.0,0.1510699987411499,0.1510699987411499,0.0,1.0,1.0,0.1510699987411499,0.1510699987411499,0.0,0.0,2.208261039108038,1.833261039108038,1.833261039108038,160.0,30.0,27.5,75.0,250.0,250.0,500.0,7500.0,0.0,0.0,1.0,0.0,0.0,996000.0,0.0,0.0,20.0,56.0,0.0,76.0,1,,,26.55906412532296,64.52221526442385,103.43658069024184,,,0.0,0.0,0.0,0.0,0.0
190171,north west,kano,madobi,rural,526.0,2019,1070,guinea corn (sorghum),0.3121900111436844,450.0,72000.0,72000.0,0.1560950055718422,0.1560950055718422,0.0,1.0,1.0,0.1560950055718422,0.1560950055718422,0.0,0.0,0.9831000119447708,0.9831000119447708,0.9831000119447708,132.5,27.0,24.75,81.0,225.0,200.0,425.0,8100.0,10.0,1.0,1.0,1.0,1.0,0.0,240000.0,0.0,19.0,20.0,4.0,43.0,1,,,26.55906412532296,64.52221526442385,103.43658069024184,,,0.0,0.0,0.0,0.0,0.0
190172,north west,kano,madobi,rural,526.0,2019,1070,guinea corn (sorghum),0.620169997215271,300.0,48000.0,48000.0,0.15504249930381775,0.15504249930381775,0.0,0.25,0.25,0.15504249930381775,0.15504249930381775,0.0,0.0,1.6797800306230783,1.6596300303936005,1.6596300303936005,55.0,6.0,5.5,20.0,50.0,100.0,150.0,2000.0,0.5,3.0,1.0,1.0,1.0,1020000.0,0.0,0.0,28.0,24.0,21.0,73.0,1,,,26.55906412532296,64.52221526442385,103.43658069024184,,,0.0,0.0,0.0,0.0,0.0
190173,north west,kano,madobi,rural,526.0,2019,1070,guinea corn (sorghum),0.14891000092029572,200.0,32000.0,32000.0,0.059564001858234406,0.059564001858234406,0.0,0.4000000059604645,0.4000000059604645,0.059564001858234406,0.059564001858234406,0.0,0.0,0.28835999593138695,0.27597999572753906,0.27597999572753906,22.5,15.0,13.75,11.25,125.0,0.0,125.0,1125.0,0.0,1.0,1.0,0.0,1.0,480000.0,0.0,0.0,33.0,0.0,40.0,73.0,1,,,26.55906412532296,64.52221526442385,103.43658069024184,,,0.0,0.0,0.0,0.0,0.0
190174,north west,kano,madobi,rural,526.0,2019,1070,guinea corn (sorghum),0.23521000146865845,400.0,64000.0,64000.0,0.11760500073432922,0.11760500073432922,0.0,0.5,0.5,0.11760500073432922,0.11760500073432922,0.0,0.0,0.24771000165492296,0.23521000146865845,0.23521000146865845,3.3119998,0.0,0.0,5.0,0.0,7.2,7.2,500.0,0.0,0.0,1.0,0.0,0.0,0.0,0.0,0.0,16.0,24.0,4.0,44.0,1,,,26.55906412532296,64.52221526442385,103.43658069024184,,,0.0,0.0,0.0,0.0,0.0
190175,north west,kano,madobi,rural,526.0,2019,1070,guinea corn (sorghum),0.24352800101041794,320.0,51200.0,51200.0,0.13381744548678398,0.12168435007333755,0.0,1.7216117978096008,1.721611738204956,0.06269048154354095,0.06269048154354095,0.0,0.0,0.5375980027019978,0.49119800329208374,0.49119800329208374,51.3572,23.5968,21.6304,29.5,196.64,34.7,231.34,2950.0,3.0,0.5,1.0,1.0,1.0,108000.0,0.0,0.0,62.0,6.0,0.0,68.0,1,,,26.55906412532296,64.52221526442385,103.43658069024184,,,0.0,0.0,0.0,0.0,0.0
190176,north west,kano,madobi,rural,526.0,2019,1070,guinea corn (sorghum),0.6665400117635727,600.0,96000.0,96000.0,0.4140300080180168,0.4140300080180168,0.0,2.0,2.0,0.4140300080180168,0.4140300080180168,0.0,0.0,0.6893800124526024,0.6665400117635727,0.6665400117635727,57.5,0.0,0.0,20.0,0.0,125.0,125.0,2000.0,0.0,0.0,1.0,0.0,0.0,420000.0,0.0,0.0,12.0,20.0,0.0,32.0,1,,,26.55906412532296,64.52221526442385,103.43658069024184,,,0.0,0.0,0.0,0.0,0.0
190177,north west,kano,madobi,rural,526.0,2019,1070,guinea corn (sorghum),0.1876630038022995,350.0,56000.0,56000.0,0.16063550300896168,0.16063550300896168,0.0,2.5,2.5,0.13360800221562386,0.13360800221562386,0.0,0.0,0.3200190030038357,0.297179002314806,0.297179002314806,54.0,36.0,33.0,55.0,300.0,0.0,300.0,5500.0,0.0,2.0,1.0,0.0,1.0,444000.0,0.0,0.0,15.0,0.0,0.0,15.0,1,,,26.55906412532296,64.52221526442385,103.43658069024184,,,0.0,0.0,0.0,0.0,0.0
190178,north west,kano,madobi,rural,0.0,2019,1070,guinea corn (sorghum),0.023211000487208366,400.0,64000.0,64000.0,0.005802750121802092,0.005802750121802092,0.0,0.25,0.25,0.0,0.0,0.0,0.0,0.1387419980019331,0.11753199808299541,0.11753199808299541,27.0,18.0,16.5,16.25,150.0,0.0,150.0,1625.0,0.0,2.0,1.0,0.0,1.0,386400.0,0.0,0.0,8.0,23.0,2.0,33.0,1,,,26.55906412532296,64.52221526442385,103.43658069024184,,,0.0,0.0,0.0,0.0,0.0
190179,north west,kano,madobi,rural,526.0,2019,1070,guinea corn (sorghum),0.2709999978542328,800.0,128000.0,128000.0,0.1354999989271164,0.1354999989271164,0.0,1.0,1.0,0.1354999989271164,0.1354999989271164,0.0,0.0,0.2830999977886677,0.2709999978542328,0.2709999978542328,9.0,6.0,5.5,0.0,50.0,0.0,50.0,0.0,2.0,0.0,1.0,1.0,0.0,72000.0,0.0,0.0,22.0,0.0,6.0,28.0,1,,,26.55906412532296,64.52221526442385,103.43658069024184,,,0.0,0.0,0.0,0.0,0.0
190180,north west,kano,madobi,rural,526.0,2019,1070,guinea corn (sorghum),0.6416589990258217,190.80000066757202,30528.0,0.0,0.17567967902868986,0.16692251106724143,0.0,1.661111131310463,1.661111131310463,0.10117150098085403,0.10117150098085403,0.0,0.0,0.6759589985013008,0.6416589990258217,0.6416589990258217,27.135399,0.0,0.0,10.5,0.0,58.989998,58.989998,1050.0,0.0,0.0,1.0,0.0,0.0,183600.0,36750.0,0.0,64.0,0.0,0.0,64.0,1,,,26.55906412532296,64.52221526442385,103.43658069024184,,,0.0,0.0,0.0,0.0,0.0
190192,north west,kano,kibiya,rural,284.0,2019,1070,guinea corn (sorghum),0.2155500054359436,200.0,32000.0,32000.0,0.08622000366449356,0.08622000366449356,0.0,0.4000000059604645,0.4000000059604645,0.08622000366449356,0.08622000366449356,0.0,0.0,1.2035499811172485,0.2155500054359436,0.2155500054359436,32.0,6.0,5.5,20.0,50.0,50.0,100.0,2000.0,0.0,0.0,1.0,0.0,0.0,0.0,996000.0,0.0,43.0,33.0,30.0,106.0,1,,,26.55906412532296,64.52221526442385,103.43658069024184,,,0.0,0.0,0.0,0.0,0.0
190193,north west,kano,kibiya,rural,284.0,2019,1070,guinea corn (sorghum),0.2720299959182739,800.0,128000.0,128000.0,0.13601499795913696,0.13601499795913696,0.0,0.5,0.5,0.13601499795913696,0.13601499795913696,0.0,0.0,0.2720299959182739,0.2720299959182739,0.2720299959182739,41.0,12.0,11.0,20.0,100.0,50.0,150.0,2000.0,3.0,4.0,1.0,1.0,1.0,348000.0,0.0,0.0,34.0,70.0,52.0,156.0,1,,,26.55906412532296,64.52221526442385,103.43658069024184,,,0.0,0.0,0.0,0.0,0.0
190194,north west,kano,kibiya,rural,284.0,2019,1070,guinea corn (sorghum),0.09835299849510193,200.0,32000.0,32000.0,0.024588249623775482,0.024588249623775482,0.0,0.25,0.25,0.0,0.0,0.0,0.0,0.2446759957820177,0.21967599540948868,0.21967599540948868,64.0,12.0,11.0,27.5,100.0,100.0,200.0,2750.0,3.0,3.0,1.0,1.0,1.0,0.0,276000.0,0.0,49.0,0.0,0.0,49.0,1,,,26.55906412532296,64.52221526442385,103.43658069024184,,,0.0,0.0,0.0,0.0,0.0
190196,north west,kano,kibiya,rural,284.0,2019,1070,guinea corn (sorghum),0.49399998784065247,400.0,64000.0,64000.0,0.16466666758060455,0.16466666758060455,0.0,0.3333333432674408,0.3333333432674408,0.16466666758060455,0.16466666758060455,0.0,0.0,2.5638300366699696,2.5174300372600555,2.5174300372600555,88.35,12.9,11.825,22.0,107.5,150.0,257.5,2200.0,4.0,2.5,1.0,1.0,1.0,292400.0,0.0,0.0,81.0,230.0,1.0,312.0,1,,,26.55906412532296,64.52221526442385,103.43658069024184,,,0.0,0.0,0.0,0.0,0.0
190199,north west,kano,kibiya,rural,284.0,2019,1070,guinea corn (sorghum),0.09246399998664856,950.0,190000.0,190000.0,0.09246399998664856,0.09246399998664856,0.0,2.0,2.0,0.0,0.0,0.0,0.0,0.26720400154590607,0.26720400154590607,0.26720400154590607,100.5,21.0,19.25,19.0,175.0,150.0,325.0,1900.0,0.0,10.0,1.0,0.0,1.0,0.0,0.0,0.0,55.0,28.0,0.0,83.0,1,,,26.55906412532296,64.52221526442385,103.43658069024184,,,0.0,0.0,0.0,0.0,0.0
199001,north west,kano,dawakin kudu,rural,1684.0,2019,1070,guinea corn (sorghum),0.5051199793815613,500.0,80000.0,80000.0,0.12627999484539032,0.12627999484539032,0.0,0.25,0.25,0.12627999484539032,0.12627999484539032,0.0,0.0,0.5162399793043733,0.5051199793815613,0.5051199793815613,46.0,0.0,0.0,20.0,0.0,100.0,100.0,2000.0,0.0,5.0,1.0,0.0,1.0,0.0,0.0,0.0,16.0,24.0,20.0,60.0,1,,,26.55906412532296,64.52221526442385,103.43658069024184,,,0.0,0.0,0.0,0.0,0.0
199002,north west,kano,dawakin kudu,rural,1684.0,2019,1070,guinea corn (sorghum),0.7625899910926819,350.0,56000.0,56000.0,0.2984191030263901,0.2984191030263901,0.0,0.7941176295280457,0.794117659330368,0.2984191030263901,0.2984191030263901,0.0,0.0,0.7857899907976389,0.7625899910926819,0.7625899910926819,11.5,0.0,0.0,15.0,0.0,25.0,25.0,1500.0,0.0,0.0,1.0,0.0,0.0,198000.0,0.0,0.0,52.0,0.0,55.0,107.0,1,,,26.55906412532296,64.52221526442385,103.43658069024184,,,0.0,0.0,0.0,0.0,0.0
199004,north west,kano,dawakin kudu,rural,1684.0,2019,1070,guinea corn (sorghum),0.6187899857759476,850.0,136000.0,136000.0,0.20626333355903625,0.20626333355903625,0.0,0.6666666865348816,0.6666666865348816,0.20626333355903625,0.20626333355903625,0.0,0.0,0.6419899854809046,0.6187899857759476,0.6187899857759476,35.25,12.0,11.0,45.0,100.0,37.5,137.5,4500.0,0.0,0.0,1.0,0.0,0.0,97200.0,21000.0,0.0,33.0,27.0,0.0,60.0,1,,,26.55906412532296,64.52221526442385,103.43658069024184,,,0.0,0.0,0.0,0.0,0.0
199005,north west,kano,dawakin kudu,rural,1684.0,2019,1070,guinea corn (sorghum),1.3442000150680542,800.0,128000.0,128000.0,0.5883640050888062,0.5883640050888062,0.0,0.9000000059604645,0.9000000059604645,0.5883640050888062,0.5883640050888062,0.0,0.0,1.3554300153627992,1.3442000150680542,1.3442000150680542,46.0,0.0,0.0,42.0,0.0,100.0,100.0,4200.0,0.0,0.0,1.0,0.0,0.0,1285200.0,0.0,0.0,12.0,39.0,2.0,53.0,1,,,26.55906412532296,64.52221526442385,103.43658069024184,,,0.0,0.0,0.0,0.0,0.0
199006,north west,kano,dawakin kudu,rural,1684.0,2019,1070,guinea corn (sorghum),1.1297100335359573,900.0,180000.0,180000.0,0.3743490166962147,0.3743490166962147,0.0,0.9000000059604645,0.9000000059604645,0.3743490166962147,0.3743490166962147,0.0,0.0,1.142020033672452,1.1297100335359573,1.1297100335359573,0.0,0.0,0.0,4.5,0.0,0.0,0.0,450.0,0.0,4.0,0.0,0.0,1.0,684000.0,0.0,0.0,26.0,0.0,28.0,54.0,1,,,26.55906412532296,64.52221526442385,103.43658069024184,,,0.0,0.0,0.0,0.0,0.0
199007,north west,kano,dawakin kudu,rural,1684.0,2019,1070,guinea corn (sorghum),1.6103529557585716,610.0,97600.0,97600.0,0.8051764778792858,0.8051764778792858,0.0,2.0,2.0,0.7664049789309502,0.7664049789309502,0.0,0.0,1.8266029581427574,1.8046029582619667,1.8046029582619667,52.0,27.0,24.75,33.0,225.0,25.0,250.0,3300.0,1.0,2.0,1.0,1.0,1.0,1800000.0,0.0,0.0,10.0,14.0,0.0,24.0,1,,,26.55906412532296,64.52221526442385,103.43658069024184,,,0.0,0.0,0.0,0.0,0.0
199008,north west,kano,dawakin kudu,rural,1684.0,2019,1070,guinea corn (sorghum),0.3508320152759552,600.0,96000.0,96000.0,0.11577457003295422,0.11577457003295422,0.0,0.6600000262260437,0.6666666865348816,0.09058500826358795,0.09058500826358795,0.0,0.0,0.37333201617002487,0.3508320152759552,0.3508320152759552,20.5,6.0,5.5,5.0,50.0,25.0,75.0,500.0,0.0,0.0,1.0,0.0,0.0,792000.0,0.0,0.0,10.0,30.0,0.0,40.0,1,,,26.55906412532296,64.52221526442385,103.43658069024184,,,0.0,0.0,0.0,0.0,0.0
199014,north west,kano,gwarzo,rural,596.0,2019,1070,guinea corn (sorghum),0.13027000427246094,200.0,32000.0,32000.0,0.032567501068115234,0.032567501068115234,0.0,0.25,0.25,0.0,0.0,0.0,0.0,0.4835900068283081,0.2335900068283081,0.2335900068283081,4.5,3.0,2.75,60.0,25.0,0.0,25.0,6000.0,0.0,0.0,1.0,0.0,0.0,0.0,60000.0,0.0,5.0,6.0,4.0,15.0,1,,,26.55906412532296,64.52221526442385,103.43658069024184,,,0.0,0.0,0.0,0.0,0.0
199016,north west,kano,gwarzo,rural,596.0,2019,1070,guinea corn (sorghum),2.3134400248527527,676.5,108240.0,104000.0,0.6430768221616745,0.6430768221616745,0.0,0.8275247663259506,0.8308580964803696,0.6430768221616745,0.6430768221616745,0.0,0.0,2.463440030813217,2.3134400248527527,2.3134400248527527,73.0,18.0,16.5,0.0,150.0,100.0,250.0,0.0,0.0,0.0,1.0,0.0,0.0,173400.0,0.0,0.0,21.0,23.0,0.0,44.0,1,,,26.55906412532296,64.52221526442385,103.43658069024184,,,0.0,0.0,0.0,0.0,0.0
199018,north west,kano,gwarzo,rural,596.0,2019,1070,guinea corn (sorghum),0.15307000279426575,150.0,24000.0,24000.0,0.028346296399831772,0.028346296399831772,0.0,0.18518517911434174,0.18518517911434174,0.0,0.0,0.0,0.0,0.25307000428438187,0.15307000279426575,0.15307000279426575,41.0,12.0,11.0,5.0,100.0,50.0,150.0,500.0,3.0,0.0,1.0,1.0,0.0,123600.0,0.0,0.0,21.0,2.0,0.0,23.0,1,,,26.55906412532296,64.52221526442385,103.43658069024184,,,0.0,0.0,0.0,0.0,0.0
199019,north west,kano,gwarzo,rural,596.0,2019,1070,guinea corn (sorghum),0.3187299966812134,200.0,32000.0,32000.0,0.1593649983406067,0.1593649983406067,0.0,0.5,0.5,0.1593649983406067,0.1593649983406067,0.0,0.0,0.3187299966812134,0.3187299966812134,0.3187299966812134,32.0,6.0,5.5,0.0,50.0,50.0,100.0,0.0,0.0,0.0,1.0,0.0,0.0,220800.0,0.0,0.0,30.0,18.0,2.0,50.0,1,,,26.55906412532296,64.52221526442385,103.43658069024184,,,0.0,0.0,0.0,0.0,0.0
199021,north west,kano,gwarzo,rural,596.0,2019,1070,guinea corn (sorghum),0.12658999860286713,250.0,40000.0,40000.0,0.12658999860286713,0.12658999860286713,0.0,1.0,1.0,0.12658999860286713,0.12658999860286713,0.0,0.0,0.28780999779701233,0.28780999779701233,0.28780999779701233,13.5,9.0,8.25,0.0,75.0,0.0,75.0,0.0,0.0,0.0,1.0,0.0,0.0,261600.0,0.0,0.0,19.0,26.0,3.0,48.0,1,,,26.55906412532296,64.52221526442385,103.43658069024184,,,0.0,0.0,0.0,0.0,0.0
199022,north west,kano,gwarzo,rural,596.0,2019,1070,guinea corn (sorghum),0.214819997549057,200.0,32000.0,32000.0,0.09547555446624756,0.09547555446624756,0.0,0.4444444477558136,0.4444444477558136,0.09547555446624756,0.09547555446624756,0.0,0.0,0.214819997549057,0.214819997549057,0.214819997549057,32.0,6.0,5.5,0.0,50.0,50.0,100.0,0.0,0.0,0.0,1.0,0.0,0.0,124200.0,0.0,0.0,39.0,14.0,12.0,65.0,1,,,26.55906412532296,64.52221526442385,103.43658069024184,,,0.0,0.0,0.0,0.0,0.0
199025,north west,kano,kiru,rural,356.0,2019,1070,guinea corn (sorghum),0.34631599485874176,600.0,96000.0,96000.0,0.14151649922132492,0.1255047507584095,0.0,1.75,1.75,0.03736075013875961,0.053372498601675034,0.0,0.0,0.5977159962058067,0.5622259974479675,0.5622259974479675,79.5,30.0,27.5,26.5,250.0,75.0,325.0,2650.0,0.0,1.0,1.0,0.0,1.0,105600.0,31500.0,0.0,15.0,0.0,10.0,25.0,1,,,26.55906412532296,64.52221526442385,103.43658069024184,,,0.0,0.0,0.0,0.0,0.0
199027,north west,kano,kiru,rural,356.0,2019,1070,guinea corn (sorghum),0.4009000062942505,400.0,64000.0,64000.0,0.16707000136375427,0.16707000136375427,0.0,0.75,0.75,0.1336899995803833,0.1336899995803833,0.0,0.0,0.42657000571489334,0.4009000062942505,0.4009000062942505,21.723999,4.0559998,3.718,35.0,33.8,34.0,67.8,3500.0,0.5,0.0,1.0,1.0,0.0,0.0,0.0,0.0,8.0,10.0,0.0,18.0,1,,,26.55906412532296,64.52221526442385,103.43658069024184,,,0.0,0.0,0.0,0.0,0.0
199030,north west,kano,kiru,rural,356.0,2019,1070,guinea corn (sorghum),0.5896599963307381,1100.0,176000.0,176000.0,0.44820862263441086,0.44820862263441086,0.0,2.075757533311844,2.075757533311844,0.4017719551920891,0.4017719551920891,0.0,0.0,0.833199992775917,0.8089999929070473,0.8089999929070473,126.0,15.0,13.75,34.5,125.0,225.0,350.0,3450.0,0.0,0.0,1.0,0.0,0.0,148200.0,0.0,0.0,33.0,0.0,13.0,46.0,1,,,26.55906412532296,64.52221526442385,103.43658069024184,,,0.0,0.0,0.0,0.0,0.0
199031,north west,kano,kiru,rural,356.0,2019,1070,guinea corn (sorghum),0.8040199875831604,1290.0,206400.0,206400.0,0.60292998701334,0.60292998701334,0.0,1.75,1.75,0.5568499863147736,0.5568499863147736,0.0,0.0,1.1110279969871044,1.0881479978561401,1.0881479978561401,79.75,22.5,20.625,15.0,187.5,100.0,287.5,1500.0,0.0,1.25,1.0,0.0,1.0,0.0,6000.0,3200.0,44.0,20.0,0.0,64.0,1,,,26.55906412532296,64.52221526442385,103.43658069024184,,,0.0,0.0,0.0,0.0,0.0
199032,north west,kano,kiru,rural,356.0,2019,1070,guinea corn (sorghum),2.23803997784853,1525.0,251000.0,251000.0,2.158787479624152,2.158787479624152,0.0,4.25,4.25,2.1323699802160263,2.1323699802160263,0.0,0.0,2.5168459862470627,2.494005985558033,2.494005985558033,96.8,49.2,45.1,32.5,410.0,50.0,460.0,3250.0,0.0,0.0,1.0,0.0,0.0,468000.0,0.0,0.0,14.0,0.0,20.0,34.0,1,,,26.55906412532296,64.52221526442385,103.43658069024184,,,0.0,0.0,0.0,0.0,0.0
199033,north west,kano,kiru,rural,356.0,2019,1070,guinea corn (sorghum),0.37744998931884766,1200.0,192000.0,192000.0,0.37744998931884766,0.37744998931884766,0.0,1.0,1.0,0.37744998931884766,0.37744998931884766,0.0,0.0,1.095600001513958,1.0727600008249283,1.0727600008249283,281.0,57.0,52.25,197.5,475.0,425.0,900.0,19750.0,2.0,5.0,1.0,1.0,1.0,0.0,0.0,0.0,31.0,0.0,0.0,31.0,1,,,26.55906412532296,64.52221526442385,103.43658069024184,,,0.0,0.0,0.0,0.0,0.0
199034,north west,kano,kiru,rural,356.0,2019,1070,guinea corn (sorghum),1.1022800151258707,1095.370002746582,175259.2001953125,140000.0,0.7373583437874913,0.7373583437874913,0.0,1.8333333432674408,1.8333333432674408,0.7257033437490463,0.7257033437490463,7000.0,100.0,1.2045600162819028,1.1910600159317255,1.1910600159317255,185.0,39.0,35.75,80.0,325.0,275.0,600.0,8000.0,2.0,0.0,1.0,1.0,0.0,0.0,0.0,0.0,24.0,3.0,10.0,37.0,1,,,26.55906412532296,64.52221526442385,103.43658069024184,,,0.0,0.0,0.0,0.0,0.0
199035,north west,kano,kiru,rural,356.0,2019,1070,guinea corn (sorghum),0.024731000885367393,1100.0,176000.0,176000.0,0.024731000885367393,0.024731000885367393,0.0,1.0,1.0,0.0,0.0,0.0,0.0,0.6175310220569372,0.6175310220569372,0.6175310220569372,100.5,21.0,19.25,12.5,175.0,150.0,325.0,1250.0,2.0,2.0,1.0,1.0,1.0,270000.0,0.0,0.0,12.0,22.0,0.0,34.0,1,,,26.55906412532296,64.52221526442385,103.43658069024184,,,0.0,0.0,0.0,0.0,0.0
199036,north west,kano,kiru,rural,356.0,2019,1070,guinea corn (sorghum),0.242126002907753,600.0,96000.0,96000.0,0.1547599993646145,0.1547599993646145,0.0,1.4000000059604645,1.4000000059604645,0.1547599993646145,0.1547599993646145,0.0,0.0,0.30026600137352943,0.28816600143909454,0.28816600143909454,34.25,7.5,6.875,20.0,62.5,50.0,112.5,2000.0,0.5,3.0,1.0,1.0,1.0,254400.0,0.0,0.0,9.0,10.0,1.0,20.0,1,,,26.55906412532296,64.52221526442385,103.43658069024184,,,0.0,0.0,0.0,0.0,0.0
199048,north west,kano,kura,rural,622.0,2019,1070,guinea corn (sorghum),1.6187440156936646,500.0,80000.0,80000.0,0.43466272950172424,0.43466272950172424,0.0,0.5370370298624039,0.5370370596647263,0.43466272950172424,0.43466272950172424,0.0,0.0,1.7013440150767565,1.6187440156936646,1.6187440156936646,9.0,6.0,5.5,10.0,50.0,0.0,50.0,1000.0,0.0,1.0,1.0,0.0,1.0,561600.0,3771324.0,0.0,41.0,92.0,0.0,133.0,1,,,26.55906412532296,64.52221526442385,103.43658069024184,,,0.0,0.0,0.0,0.0,0.0
199051,north west,kano,makoda,rural,108.0,2019,1070,guinea corn (sorghum),0.7600000202655792,1000.0,160000.0,200000.0,0.3800000101327896,0.3800000101327896,0.0,1.0,1.0,0.3800000101327896,0.3800000101327896,30000.0,300.0,1.3054060265421867,1.0554060265421867,1.0554060265421867,161.0,0.0,0.0,60.0,0.0,350.0,350.0,6000.0,0.0,0.0,1.0,0.0,0.0,0.0,0.0,0.0,16.0,28.0,12.0,56.0,1,,,26.55906412532296,64.52221526442385,103.43658069024184,,,0.0,0.0,0.0,0.0,0.0
199052,north west,kano,makoda,rural,108.0,2019,1070,guinea corn (sorghum),0.29951998591423035,650.0,104000.0,104000.0,0.22463998198509216,0.22463998198509216,0.0,0.75,0.75,0.22463998198509216,0.22463998198509216,8000.0,100.0,0.7487189918756485,0.5487189888954163,0.5487189888954163,130.5,87.0,79.75,20.0,725.0,0.0,725.0,2000.0,2.5,0.0,1.0,1.0,0.0,180000.0,0.0,0.0,8.0,18.0,0.0,26.0,1,,,26.55906412532296,64.52221526442385,103.43658069024184,,,0.0,0.0,0.0,0.0,0.0
199055,north west,kano,makoda,rural,108.0,2019,1070,guinea corn (sorghum),0.8347499966621399,500.0,80000.0,80000.0,0.8347499966621399,0.8347499966621399,0.0,2.0,2.0,0.8347499966621399,0.8347499966621399,0.0,0.0,3.297207985073328,3.047207985073328,3.047207985073328,105.0,24.0,22.0,53.0,200.0,150.0,350.0,5300.0,0.0,0.0,1.0,0.0,0.0,449400.0,0.0,0.0,15.0,3.0,9.0,27.0,1,,,26.55906412532296,64.52221526442385,103.43658069024184,,,0.0,0.0,0.0,0.0,0.0
199056,north west,kano,makoda,rural,108.0,2019,1070,guinea corn (sorghum),0.21705999970436096,800.0,128000.0,128000.0,0.21705999970436096,0.21705999970436096,0.0,1.0,1.0,0.21705999970436096,0.21705999970436096,0.0,0.0,2.3240900337696075,2.3240900337696075,2.3240900337696075,247.0,42.0,38.5,345.0,350.0,400.0,750.0,34500.0,1.0,0.0,1.0,1.0,0.0,31200.0,0.0,0.0,73.0,15.0,12.0,100.0,1,,,26.55906412532296,64.52221526442385,103.43658069024184,,,0.0,0.0,0.0,0.0,0.0
199061,north west,kano,rimin gado,rural,330.0,2019,1070,guinea corn (sorghum),0.5866890177130699,700.0,112000.0,128800.0,0.20639250427484512,0.20639250427484512,0.0,1.2000000029802322,1.2000000029802322,0.1656930036842823,0.1656930036842823,46000.0,500.0,0.6678090170025826,0.5866890177130699,0.5866890177130699,201.0,42.0,38.5,65.0,350.0,300.0,650.0,6500.0,0.0,0.0,1.0,0.0,0.0,1260000.0,480000.0,0.0,3.0,91.0,0.0,94.0,1,,,26.55906412532296,64.52221526442385,103.43658069024184,,,0.0,0.0,0.0,0.0,0.0
199062,north west,kano,rimin gado,rural,330.0,2019,1070,guinea corn (sorghum),1.5470600128173828,700.0,112000.0,112000.0,0.4902525022625923,0.4902525022625923,0.0,1.0,1.0,0.4902525022625923,0.4902525022625923,0.0,0.0,2.047060012817383,1.5470600128173828,1.5470600128173828,0.0,0.0,0.0,220.0,0.0,0.0,0.0,22000.0,0.0,0.0,0.0,0.0,0.0,0.0,0.0,0.0,22.0,154.0,0.0,176.0,1,,,26.55906412532296,64.52221526442385,103.43658069024184,,,0.0,0.0,0.0,0.0,0.0
199064,north west,kano,rimin gado,rural,330.0,2019,1070,guinea corn (sorghum),0.9994099736213684,1100.0,176000.0,176000.0,0.34694693237543106,0.34694693237543106,0.0,1.2875939905643463,1.2875939905643463,0.34694693237543106,0.34694693237543106,0.0,0.0,1.4091899693012238,1.1591899693012238,1.1591899693012238,283.0,66.0,60.5,280.0,550.0,400.0,950.0,28000.0,0.0,0.0,1.0,0.0,0.0,0.0,0.0,0.0,30.0,74.0,0.0,104.0,1,,,26.55906412532296,64.52221526442385,103.43658069024184,,,0.0,0.0,0.0,0.0,0.0
199065,north west,kano,rimin gado,rural,330.0,2019,1070,guinea corn (sorghum),0.5989799797534943,350.0,56000.0,56000.0,0.22698499262332916,0.22698499262332916,0.0,0.75,0.75,0.22698499262332916,0.22698499262332916,0.0,0.0,0.6221899800002575,0.5989799797534943,0.5989799797534943,0.0,0.0,0.0,20.0,0.0,0.0,0.0,2000.0,0.0,0.0,0.0,0.0,0.0,113600.0,0.0,0.0,59.0,6.0,12.0,77.0,1,,,26.55906412532296,64.52221526442385,103.43658069024184,,,0.0,0.0,0.0,0.0,0.0
199066,north west,kano,rimin gado,rural,330.0,2019,1070,guinea corn (sorghum),0.9936299622058868,353.0,56480.0,48000.0,0.14298749715089798,0.14298749715089798,0.0,0.3500000014901161,0.3500000014901161,0.14298749715089798,0.14298749715089798,4000.0,50.0,1.016109962016344,0.9936299622058868,0.9936299622058868,36.0,24.0,22.0,5.0,200.0,0.0,200.0,500.0,1.0,2.0,1.0,1.0,1.0,22800.0,1560000.0,0.0,6.0,24.0,0.0,30.0,1,,,26.55906412532296,64.52221526442385,103.43658069024184,,,0.0,0.0,0.0,0.0,0.0
199067,north west,kano,rimin gado,rural,330.0,2019,1070,guinea corn (sorghum),0.6518499851226807,550.0,88000.0,88000.0,0.3940594047307968,0.3940594047307968,0.0,1.1600000262260437,1.1666666865348816,0.3940594047307968,0.3940594047307968,0.0,0.0,1.5791699886322021,1.37916998565197,1.37916998565197,229.0,30.0,27.5,35.0,250.0,400.0,650.0,3500.0,1.0,2.0,1.0,1.0,1.0,43200.0,678000.0,0.0,42.0,42.0,0.0,84.0,1,,,26.55906412532296,64.52221526442385,103.43658069024184,,,0.0,0.0,0.0,0.0,0.0
199068,north west,kano,rimin gado,rural,330.0,2019,1070,guinea corn (sorghum),1.0603700280189514,400.0,64000.0,64000.0,0.3211861178278923,0.3211861178278923,0.0,0.9100000262260437,0.9166666865348816,0.3211861178278923,0.3211861178278923,0.0,0.0,2.0132100116461515,1.990770012140274,1.990770012140274,119.0,18.0,16.5,10.0,150.0,200.0,500.0,1000.0,2.0,1.0,1.0,1.0,1.0,234000.0,0.0,0.0,2.0,46.0,0.0,48.0,1,,,26.55906412532296,64.52221526442385,103.43658069024184,,,0.0,0.0,0.0,0.0,0.0
199069,north west,kano,rimin gado,rural,330.0,2019,1070,guinea corn (sorghum),0.6164000034332275,300.0,48000.0,48000.0,0.23657333850860596,0.23657333850860596,0.0,0.8333333432674408,0.8333333432674408,0.23657333850860596,0.23657333850860596,0.0,0.0,0.9546799920499325,0.9082199931144714,0.9082199931144714,13.5,9.0,8.25,19.0,75.0,0.0,75.0,1900.0,0.0,0.0,1.0,0.0,0.0,403200.0,0.0,0.0,87.0,22.0,28.0,137.0,1,,,26.55906412532296,64.52221526442385,103.43658069024184,,,0.0,0.0,0.0,0.0,0.0
199072,north west,kano,rimin gado,rural,330.0,2019,1070,guinea corn (sorghum),0.9303099811077118,650.0,104000.0,104000.0,0.37153832614421844,0.37153832614421844,0.0,1.6666666865348816,1.6666666865348816,0.3245549947023392,0.3245549947023392,16000.0,200.0,1.163209986872971,1.1507099866867065,1.1507099866867065,126.0,15.0,13.75,77.5,125.0,225.0,350.0,7750.0,1.0,0.0,1.0,1.0,0.0,250800.0,510000.0,0.0,24.0,56.0,0.0,80.0,1,,,26.55906412532296,64.52221526442385,103.43658069024184,,,0.0,0.0,0.0,0.0,0.0
199074,north west,kano,tsanyawa,rural,648.0,2019,1070,guinea corn (sorghum),0.5310900062322617,506.0,80960.0,64000.0,0.2409794507548213,0.2409794507548213,0.0,1.7400000393390656,1.7500000298023224,0.21682151034474373,0.21682151034474373,0.0,0.0,0.9198439940810204,0.5948440060019493,0.5948440060019493,50.0,18.0,16.5,70.0,150.0,50.0,200.0,7000.0,1.0,0.0,1.0,1.0,0.0,466800.0,0.0,0.0,21.0,12.0,0.0,33.0,1,,,26.55906412532296,64.52221526442385,103.43658069024184,,,0.0,0.0,0.0,0.0,0.0
199075,north west,kano,tsanyawa,rural,648.0,2019,1070,guinea corn (sorghum),0.681190013885498,200.0,32000.0,32000.0,0.5108925104141235,0.5108925104141235,0.0,0.75,0.75,0.5108925104141235,0.5108925104141235,0.0,0.0,1.5624099969863892,1.3124099969863892,1.3124099969863892,178.0,42.0,38.5,165.0,350.0,250.0,600.0,16500.0,0.0,1.0,1.0,0.0,1.0,27000.0,0.0,0.0,0.0,48.0,0.0,48.0,1,,,26.55906412532296,64.52221526442385,103.43658069024184,,,0.0,0.0,0.0,0.0,0.0
199077,north west,kano,tsanyawa,rural,648.0,2019,1070,guinea corn (sorghum),1.9875400066375732,1600.0,256000.0,256000.0,0.8024390190839767,0.8024390190839767,0.0,1.5628181993961334,1.5628181993961334,0.8024390190839767,0.8024390190839767,0.0,0.0,1.9875400066375732,1.9875400066375732,1.9875400066375732,130.5,18.0,16.5,130.0,150.0,225.0,375.0,13000.0,4.0,0.0,1.0,1.0,0.0,40800.0,0.0,0.0,100.0,8.0,20.0,128.0,1,,,26.55906412532296,64.52221526442385,103.43658069024184,,,0.0,0.0,0.0,0.0,0.0
199078,north west,kano,tsanyawa,rural,648.0,2019,1070,guinea corn (sorghum),1.6452000141143799,1000.0,160000.0,160000.0,0.8226000070571899,0.8226000070571899,0.0,0.5,0.5,0.8226000070571899,0.8226000070571899,0.0,0.0,2.027570021338761,2.0150700211524963,2.0150700211524963,32.0,6.0,5.5,1.0,50.0,50.0,100.0,100.0,0.0,0.0,1.0,0.0,0.0,126800.0,0.0,0.0,55.0,84.0,0.0,139.0,1,,,26.55906412532296,64.52221526442385,103.43658069024184,,,0.0,0.0,0.0,0.0,0.0
199080,north west,kano,tsanyawa,rural,648.0,2019,1070,guinea corn (sorghum),0.7652999758720398,200.0,32000.0,32000.0,0.19132499396800995,0.19132499396800995,0.0,0.25,0.25,0.19132499396800995,0.19132499396800995,0.0,0.0,2.1651699542999268,1.4151699542999268,1.4151699542999268,32.0,6.0,5.5,2.0,50.0,50.0,100.0,200.0,0.0,0.0,1.0,0.0,0.0,0.0,0.0,0.0,14.0,14.0,6.0,34.0,1,,,26.55906412532296,64.52221526442385,103.43658069024184,,,0.0,0.0,0.0,0.0,0.0
199081,north west,kano,tsanyawa,rural,648.0,2019,1070,guinea corn (sorghum),0.3957799971103668,200.0,32000.0,32000.0,0.1978899985551834,0.04947249963879585,0.0,0.5,0.5,0.04947249963879585,0.1978899985551834,0.0,0.0,1.0084199979901314,0.9084199965000153,0.9084199965000153,36.5,9.0,8.25,25.75,75.0,50.0,125.0,2575.0,0.0,2.0,1.0,0.0,1.0,160000.0,0.0,0.0,5.0,12.0,4.0,21.0,1,,,26.55906412532296,64.52221526442385,103.43658069024184,,,0.0,0.0,0.0,0.0,0.0
199082,north west,kano,tsanyawa,rural,648.0,2019,1070,guinea corn (sorghum),0.8690500110387802,850.0,136000.0,136000.0,0.4640570133924484,0.4640570133924484,0.0,1.9000000059604645,1.9000000059604645,0.4640570133924484,0.4640570133924484,16000.0,200.0,1.4921800121665,0.9921800121665001,0.9921800121665001,150.5,39.0,35.75,75.0,325.0,200.0,525.0,7500.0,0.0,0.0,1.0,0.0,0.0,264000.0,0.0,0.0,60.0,55.0,9.0,124.0,1,,,26.55906412532296,64.52221526442385,103.43658069024184,,,0.0,0.0,0.0,0.0,0.0
199083,north west,kano,tsanyawa,rural,648.0,2019,1070,guinea corn (sorghum),0.7436299920082092,300.0,48000.0,60000.0,0.3718149960041046,0.3718149960041046,0.0,0.5,0.5,0.3718149960041046,0.3718149960041046,10000.0,100.0,0.9436299949884415,0.7436299920082092,0.7436299920082092,43.5,6.0,5.5,20.0,50.0,75.0,125.0,2000.0,0.0,0.0,1.0,0.0,0.0,0.0,456000.0,0.0,35.0,13.0,0.0,48.0,1,,,26.55906412532296,64.52221526442385,103.43658069024184,,,0.0,0.0,0.0,0.0,0.0
199085,north west,kano,tudun wada,rural,1112.0,2019,1070,guinea corn (sorghum),2.0247599482536316,900.0,144000.0,126000.0,0.7980164736509323,0.7980164736509323,0.0,1.1500000059604645,1.1500000059604645,0.7980164736509323,0.7980164736509323,28000.0,400.0,2.036919948644936,2.0247599482536316,2.0247599482536316,46.981,3.0,2.75,60.0,25.0,92.35,117.35,6000.0,0.0,0.0,1.0,0.0,0.0,0.0,0.0,0.0,17.0,0.0,42.0,59.0,1,,,26.55906412532296,64.52221526442385,103.43658069024184,,,0.0,0.0,0.0,0.0,0.0
199086,north west,kano,tudun wada,rural,1112.0,2019,1070,guinea corn (sorghum),0.5233999937772751,1100.0,176000.0,176000.0,0.26169999688863754,0.26169999688863754,0.0,1.0,1.0,0.26169999688863754,0.26169999688863754,0.0,0.0,0.53549999371171,0.5233999937772751,0.5233999937772751,32.0,6.0,5.5,40.0,50.0,50.0,100.0,4000.0,0.0,2.0,1.0,0.0,1.0,24000.0,0.0,0.0,72.0,0.0,56.0,128.0,1,,,26.55906412532296,64.52221526442385,103.43658069024184,,,0.0,0.0,0.0,0.0,0.0
199087,north west,kano,tudun wada,rural,1112.0,2019,1070,guinea corn (sorghum),0.6457200050354004,300.0,48000.0,48000.0,0.1614300012588501,0.1614300012588501,0.0,0.25,0.25,0.1614300012588501,0.1614300012588501,8000.0,100.0,1.0906700091436505,1.0764200091362,1.0764200091362,55.0,6.0,5.5,15.0,50.0,100.0,150.0,1500.0,0.0,0.0,1.0,0.0,0.0,90000.0,0.0,0.0,83.0,1.0,28.0,112.0,1,,,26.55906412532296,64.52221526442385,103.43658069024184,,,0.0,0.0,0.0,0.0,0.0
199088,north west,kano,tudun wada,rural,1112.0,2019,1070,guinea corn (sorghum),0.10583999752998352,100.0,16000.0,16000.0,0.10583999752998352,0.10583999752998352,0.0,1.0,1.0,0.10583999752998352,0.10583999752998352,0.0,0.0,1.9341929852962494,0.4521929919719696,0.4521929919719696,27.0,18.0,16.5,35.0,150.0,0.0,150.0,3500.0,0.0,0.0,1.0,0.0,0.0,138000.0,0.0,0.0,36.0,0.0,0.0,36.0,1,,,26.55906412532296,64.52221526442385,103.43658069024184,,,0.0,0.0,0.0,0.0,0.0
199090,north west,kano,tudun wada,rural,1112.0,2019,1070,guinea corn (sorghum),0.18231000006198883,550.0,88000.0,88000.0,0.11952750012278557,0.11952750012278557,0.0,1.25,1.25,0.09860000014305115,0.09860000014305115,0.0,0.0,0.202309999614954,0.18231000006198883,0.18231000006198883,46.0,0.0,0.0,37.5,0.0,100.0,100.0,3750.0,0.0,0.0,1.0,0.0,0.0,393600.0,0.0,0.0,21.0,12.0,0.0,33.0,1,,,26.55906412532296,64.52221526442385,103.43658069024184,,,0.0,0.0,0.0,0.0,0.0
199091,north west,kano,tudun wada,rural,1112.0,2019,1070,guinea corn (sorghum),0.08679699897766113,79.5,12720.0,0.0,0.08679699897766113,0.024668000638484955,0.0,2.0,2.0,0.0,0.06212899833917618,0.0,0.0,0.101796998642385,0.08679699897766113,0.08679699897766113,3.8159997,2.544,2.3319998,0.0,21.199999,0.0,21.199999,0.0,0.0,0.0,1.0,0.0,0.0,84000.0,0.0,0.0,15.0,0.0,0.0,15.0,1,,,26.55906412532296,64.52221526442385,103.43658069024184,,,0.0,0.0,0.0,0.0,0.0
199093,north west,kano,tudun wada,rural,1112.0,2019,1070,guinea corn (sorghum),1.7856999635696411,400.0,64000.0,64000.0,1.7856999635696411,0.8928499817848206,0.0,1.0,1.0,0.8928499817848206,1.7856999635696411,16000.0,200.0,2.3913819678127766,2.3792819678783417,2.3792819678783417,97.2706,13.5264,12.3992,12.5,112.72,167.35,280.07,1250.0,0.0,0.0,1.0,0.0,0.0,220800.0,0.0,0.0,102.0,8.0,4.0,114.0,1,,,26.55906412532296,64.52221526442385,103.43658069024184,,,0.0,0.0,0.0,0.0,0.0
199097,north west,kano,dawakin kudu,rural,1684.0,2019,1070,guinea corn (sorghum),0.8980899900197983,650.0,104000.0,104000.0,0.2913075014948845,0.2913075014948845,0.0,1.0833333432674408,1.0833333432674408,0.2913075014948845,0.2913075014948845,0.0,0.0,0.9212899897247553,0.8980899900197983,0.8980899900197983,23.0,0.0,0.0,27.5,0.0,50.0,50.0,2750.0,2.0,0.0,1.0,1.0,0.0,325200.0,0.0,0.0,114.0,6.0,12.0,132.0,1,,,26.55906412532296,64.52221526442385,103.43658069024184,,,0.0,0.0,0.0,0.0,0.0
200011,north west,katsina,kaita,rural,1134.0,2019,1070,guinea corn (sorghum),1.7289999723434448,400.0,60000.0,60000.0,0.49153000116348267,0.49153000116348267,0.0,0.5800000131130219,0.6475903689861298,0.49153000116348267,0.49153000116348267,0.0,0.0,1.7319999723695219,1.7289999723434448,1.7289999723434448,73.0,18.0,16.5,60.0,150.0,100.0,250.0,6000.0,0.0,0.0,1.0,0.0,0.0,9600.0,0.0,0.0,165.0,10.0,0.0,175.0,1,,,27.360581093189964,39.44765200972862,48.9075,,,0.0,0.0,0.0,0.0,0.0
200013,north west,katsina,kaita,rural,1134.0,2019,1070,guinea corn (sorghum),0.17615999281406403,350.0,52500.0,52500.0,0.044039998203516006,0.044039998203516006,0.0,0.25,0.25,0.0,0.0,0.0,0.0,0.17615999281406403,0.17615999281406403,0.17615999281406403,32.0,6.0,5.5,60.0,50.0,50.0,100.0,6000.0,0.0,0.0,1.0,0.0,0.0,9000.0,0.0,0.0,32.0,94.0,70.0,196.0,1,,,27.360581093189964,39.44765200972862,48.9075,,,0.0,0.0,0.0,0.0,0.0
200014,north west,katsina,kaita,rural,1134.0,2019,1070,guinea corn (sorghum),0.9879999756813049,800.0,120000.0,120000.0,0.32603999972343445,0.32603999972343445,0.0,0.33000001311302185,0.3333333432674408,0.32603999972343445,0.32603999972343445,0.0,0.0,0.9899999757762998,0.9879999756813049,0.9879999756813049,18.0,12.0,11.0,15.0,100.0,0.0,100.0,1500.0,4.0,0.0,1.0,1.0,0.0,234000.0,360000.0,0.0,141.0,0.0,0.0,141.0,1,,,27.360581093189964,39.44765200972862,48.9075,,,0.0,0.0,0.0,0.0,0.0
200016,north west,katsina,kaita,rural,1134.0,2019,1070,guinea corn (sorghum),4.046860218048096,400.0,60000.0,60000.0,1.011715054512024,1.011715054512024,0.0,0.25,0.25,1.011715054512024,1.011715054512024,0.0,0.0,4.454546221997589,4.451546221971512,4.451546221971512,18.0,12.0,11.0,70.0,100.0,0.0,100.0,7000.0,3.0,0.0,1.0,1.0,0.0,115800.0,0.0,0.0,172.0,0.0,15.0,187.0,1,,,27.360581093189964,39.44765200972862,48.9075,,,0.0,0.0,0.0,0.0,0.0
200020,north west,katsina,kaita,rural,1134.0,2019,1070,guinea corn (sorghum),1.3009300231933594,600.0,90000.0,90000.0,0.46514952182769775,0.46514952182769775,0.0,0.6500000059604645,0.6500000059604645,0.46514952182769775,0.46514952182769775,0.0,0.0,1.3009300231933594,1.3009300231933594,1.3009300231933594,0.0,0.0,0.0,40.0,0.0,0.0,0.0,4000.0,2.0,0.0,0.0,1.0,0.0,102000.0,0.0,0.0,19.0,168.0,27.0,214.0,1,,,27.360581093189964,39.44765200972862,48.9075,,,0.0,0.0,0.0,0.0,0.0
200071,north west,katsina,ingawa,rural,1746.0,2019,1070,guinea corn (sorghum),0.71629998087883,150.0,22500.0,22500.0,0.3025749921798706,0.3025749921798706,0.0,0.75,0.8333333432674408,0.3025749921798706,0.3025749921798706,0.0,0.0,0.719299980904907,0.71629998087883,0.71629998087883,0.0,0.0,0.0,16.5,0.0,0.0,0.0,1650.0,0.0,0.0,0.0,0.0,0.0,25200.0,0.0,0.0,125.0,0.0,12.0,137.0,1,,,26.85641231438812,41.47032142857143,56.94083333333333,,,0.0,0.0,0.0,0.0,0.0
200072,north west,katsina,ingawa,rural,1746.0,2019,1070,guinea corn (sorghum),4.905709892511368,1200.0,180000.0,180000.0,3.2704732716083527,3.2704732716083527,0.0,1.3333333730697632,1.3333333730697632,3.2704732716083527,3.2704732716083527,0.0,0.0,4.905709892511368,4.905709892511368,4.905709892511368,61.5,18.0,16.5,30.0,150.0,75.0,225.0,3000.0,0.0,0.0,1.0,0.0,0.0,8400.0,0.0,0.0,54.0,175.0,0.0,229.0,1,,,26.85641231438812,41.47032142857143,56.94083333333333,,,0.0,0.0,0.0,0.0,0.0
200074,north west,katsina,ingawa,rural,1746.0,2019,1070,guinea corn (sorghum),0.3567500114440918,1100.0,165000.0,165000.0,0.214909628033638,0.214909628033638,0.0,1.2048192024230957,1.2048192024230957,0.214909628033638,0.214909628033638,0.0,0.0,0.3567500114440918,0.3567500114440918,0.3567500114440918,32.36,6.24,5.72,90.0,52.0,50.0,102.0,9000.0,2.0,0.0,1.0,1.0,0.0,19200.0,0.0,0.0,39.0,127.0,0.0,166.0,1,,,26.85641231438812,41.47032142857143,56.94083333333333,,,0.0,0.0,0.0,0.0,0.0
200075,north west,katsina,ingawa,rural,1746.0,2019,1070,guinea corn (sorghum),0.24699999392032623,500.0,75000.0,75000.0,0.12349999696016312,0.12349999696016312,0.0,0.5,0.5,0.12349999696016312,0.12349999696016312,0.0,0.0,0.2519999938085675,0.24699999392032623,0.24699999392032623,0.0,0.0,0.0,30.0,0.0,0.0,0.0,3000.0,1.0,0.0,0.0,1.0,0.0,0.0,0.0,0.0,20.0,20.0,0.0,40.0,1,,,26.85641231438812,41.47032142857143,56.94083333333333,,,0.0,0.0,0.0,0.0,0.0
200076,north west,katsina,ingawa,rural,1746.0,2019,1070,guinea corn (sorghum),0.49399998784065247,600.0,90000.0,90000.0,0.16301999986171722,0.16301999986171722,0.0,0.33000001311302185,0.3333333432674408,0.16301999986171722,0.16301999986171722,0.0,0.0,0.49899998772889376,0.49399998784065247,0.49399998784065247,41.0,12.0,11.0,32.5,100.0,50.0,150.0,3250.0,1.0,0.0,1.0,1.0,0.0,15000.0,0.0,0.0,34.0,45.0,0.0,79.0,1,,,26.85641231438812,41.47032142857143,56.94083333333333,,,0.0,0.0,0.0,0.0,0.0
200077,north west,katsina,ingawa,rural,1746.0,2019,1070,guinea corn (sorghum),2.175900012254715,900.0,135000.0,135000.0,1.8367411196231842,1.8367411196231842,0.0,2.444444417953491,2.444444417953491,1.8367411196231842,1.8367411196231842,0.0,0.0,2.1799000124447048,2.175900012254715,2.175900012254715,8.3952,5.5968,5.1303997,0.0,46.64,0.0,46.64,0.0,0.75,0.0,1.0,1.0,0.0,53900.0,0.0,0.0,38.0,0.0,8.0,46.0,1,,,26.85641231438812,41.47032142857143,56.94083333333333,,,0.0,0.0,0.0,0.0,0.0
200078,north west,katsina,ingawa,rural,1746.0,2019,1070,guinea corn (sorghum),1.1840500235557556,500.0,75000.0,75000.0,0.864726185798645,0.864726185798645,0.0,1.4944444298744202,1.4944444298744202,0.864726185798645,0.864726185798645,0.0,0.0,1.629230014514178,1.6252300143241882,1.6252300143241882,11.6574,4.5792,4.1975994,38.0,38.159996,10.41,48.57,3800.0,0.5,0.0,1.0,1.0,0.0,26400.0,0.0,0.0,69.0,0.0,13.0,82.0,1,,,26.85641231438812,41.47032142857143,56.94083333333333,,,0.0,0.0,0.0,0.0,0.0
200079,north west,katsina,ingawa,rural,1746.0,2019,1070,guinea corn (sorghum),1.0856000185012817,300.0,45000.0,45000.0,0.8142000436782837,0.8142000436782837,0.0,0.75,0.75,0.8142000436782837,0.8142000436782837,0.0,0.0,1.6205600420944393,1.6165600419044495,1.6165600419044495,20.4016,5.088,4.6639996,45.0,42.399998,27.76,70.159996,4500.0,0.25,0.0,1.0,1.0,0.0,51600.0,0.0,0.0,75.0,0.0,0.0,75.0,1,,,26.85641231438812,41.47032142857143,56.94083333333333,,,0.0,0.0,0.0,0.0,0.0
200107,north west,katsina,malunfashi,rural,760.0,2019,1070,guinea corn (sorghum),1.1985700130462646,900.0,135000.0,135000.0,0.3955281227827072,0.3955281227827072,0.0,0.6600000262260437,0.6666666865348816,0.3955281227827072,0.3955281227827072,0.0,0.0,1.4647900210693479,1.4597900211811066,1.4597900211811066,128.0,24.0,22.0,0.0,200.0,200.0,400.0,0.0,0.0,0.0,1.0,0.0,0.0,0.0,1176000.0,0.0,0.0,16.0,0.0,16.0,1,,,26.55906412532296,64.52221526442385,103.43658069024184,,,0.0,0.0,0.0,0.0,0.0
200108,north west,katsina,malunfashi,rural,760.0,2019,1070,guinea corn (sorghum),0.45941999554634094,800.0,120000.0,120000.0,0.14037832617759705,0.14037832617759705,0.0,0.3055555522441864,0.3055555522441864,0.14037832617759705,0.14037832617759705,0.0,0.0,1.2054199920967221,1.2004199922084808,1.2004199922084808,178.0,42.0,38.5,0.0,350.0,250.0,600.0,0.0,0.0,0.0,1.0,0.0,0.0,0.0,20000.0,0.0,0.0,361.0,0.0,361.0,1,,,26.55906412532296,64.52221526442385,103.43658069024184,,,0.0,0.0,0.0,0.0,0.0
200109,north west,katsina,malunfashi,rural,760.0,2019,1070,guinea corn (sorghum),0.11703000217676163,100.0,15000.0,15000.0,0.03861990198493004,0.01930995099246502,0.0,0.33000001311302185,0.3333333432674408,0.0,0.0,0.0,0.0,0.12203000206500292,0.11703000217676163,0.11703000217676163,32.0,6.0,5.5,0.0,50.0,50.0,100.0,0.0,0.0,0.0,1.0,0.0,0.0,522000.0,0.0,0.0,75.0,0.0,0.0,75.0,1,,,26.55906412532296,64.52221526442385,103.43658069024184,,,0.0,0.0,0.0,0.0,0.0
200110,north west,katsina,malunfashi,rural,760.0,2019,1070,guinea corn (sorghum),1.753000020980835,1000.0,150000.0,150000.0,0.43825000524520874,0.10956250131130219,0.0,0.25,0.25,0.10956250131130219,0.43825000524520874,0.0,0.0,3.922330070286989,3.9093300700187683,3.9093300700187683,87.0,12.0,11.0,20.0,100.0,150.0,250.0,2000.0,2.0,5.0,1.0,1.0,1.0,21600.0,0.0,0.0,55.0,130.0,0.0,185.0,1,,,26.55906412532296,64.52221526442385,103.43658069024184,,,0.0,0.0,0.0,0.0,0.0
200165,north west,katsina,matazu,rural,498.0,2019,1070,guinea corn (sorghum),0.5417700111865997,300.0,45000.0,45000.0,0.22773050516843796,0.22773050516843796,0.0,0.8300000131130219,0.8333333432674408,0.22773050516843796,0.22773050516843796,0.0,0.0,1.0949700269848108,1.0849700272083282,1.0849700272083282,82.0,24.0,22.0,10.0,200.0,100.0,300.0,1000.0,0.0,0.0,1.0,0.0,0.0,132000.0,0.0,0.0,7.0,20.0,0.0,27.0,1,,,25.953004288274453,47.97954185867895,63.1275,,,0.0,0.0,0.0,0.0,0.0
200168,north west,katsina,matazu,rural,498.0,2019,1070,guinea corn (sorghum),0.19941000640392303,300.0,45000.0,45000.0,0.14955750107765198,0.14955750107765198,0.0,0.75,0.75,0.14955750107765198,0.14955750107765198,0.0,0.0,0.48452001018449664,0.4770200103521347,0.4770200103521347,41.0,12.0,11.0,0.0,100.0,50.0,150.0,0.0,0.0,0.5,1.0,0.0,1.0,498000.0,0.0,0.0,25.0,85.0,0.0,110.0,1,,,25.953004288274453,47.97954185867895,63.1275,,,0.0,0.0,0.0,0.0,0.0
200181,north west,katsina,dutsi ma,urban,844.0,2019,1070,guinea corn (sorghum),0.6804199814796448,100.0,15000.0,15000.0,0.3402099907398224,0.3402099907398224,0.0,0.5,0.5,0.3402099907398224,0.3402099907398224,0.0,0.0,1.6804199814796448,1.6804199814796448,1.6804199814796448,93.5,24.0,22.0,0.0,200.0,125.0,325.0,0.0,0.0,0.0,1.0,0.0,0.0,0.0,4272000.0,0.0,7.0,157.0,0.0,164.0,1,,,26.55906412532296,64.52221526442385,103.43658069024184,,,0.0,0.0,0.0,0.0,0.0
200189,north west,katsina,dutsi ma,urban,844.0,2019,1070,guinea corn (sorghum),0.09546899795532227,300.0,45000.0,45000.0,0.04773449897766113,0.04773449897766113,0.0,0.5,0.5,0.0,0.0,0.0,0.0,0.24532899959012866,0.24132899940013885,0.24132899940013885,41.0,12.0,11.0,40.0,100.0,50.0,150.0,4000.0,0.0,0.0,1.0,0.0,0.0,0.0,1770000.0,0.0,0.0,34.0,0.0,34.0,1,,,26.55906412532296,64.52221526442385,103.43658069024184,,,0.0,0.0,0.0,0.0,0.0
209017,north west,katsina,danja,rural,144.0,2019,1070,guinea corn (sorghum),0.3998599946498871,200.0,30000.0,30000.0,0.09996499866247177,0.06597690284252167,0.0,0.25,0.25,0.06597690284252167,0.09996499866247177,0.0,0.0,0.8384999977424741,0.8334999978542328,0.8334999978542328,183.0,30.0,27.5,0.0,250.0,300.0,550.0,0.0,0.0,0.0,1.0,0.0,0.0,240000.0,0.0,0.0,8.0,20.0,0.0,28.0,1,,,26.55906412532296,64.52221526442385,103.43658069024184,,,0.0,0.0,0.0,0.0,0.0
209020,north west,katsina,danja,rural,144.0,2019,1070,guinea corn (sorghum),0.7066499888896942,1200.0,180000.0,182400.0,0.18876409903168678,0.16380454786121845,0.0,0.5800000131130219,0.8333333432674408,0.13884499669075012,0.13884499669075012,60800.0,800.0,1.173030004836619,1.166030004620552,1.166030004620552,276.0,0.0,0.0,0.0,0.0,600.0,600.0,0.0,0.0,17.0,1.0,0.0,1.0,0.0,0.0,0.0,8.0,20.0,3.0,31.0,1,,,26.55906412532296,64.52221526442385,103.43658069024184,,,0.0,0.0,0.0,0.0,0.0
209022,north west,katsina,danja,rural,144.0,2019,1070,guinea corn (sorghum),0.3628000020980835,1000.0,150000.0,150000.0,0.09070000052452087,0.09070000052452087,0.0,0.25,0.25,0.09070000052452087,0.09070000052452087,0.0,0.0,0.9289400028064847,0.9239400029182434,0.9239400029182434,115.0,0.0,0.0,0.0,0.0,250.0,250.0,0.0,0.0,0.0,1.0,0.0,0.0,120000.0,0.0,0.0,44.0,22.0,0.0,66.0,1,,,26.55906412532296,64.52221526442385,103.43658069024184,,,0.0,0.0,0.0,0.0,0.0
209029,north west,katsina,daura,rural,946.0,2019,1070,guinea corn (sorghum),0.5351799726486206,300.0,45000.0,45000.0,0.35321879386901855,0.35321879386901855,0.0,0.6600000262260437,0.6666666865348816,0.35321879386901855,0.35321879386901855,0.0,0.0,0.6590399714186788,0.6540399715304375,0.6540399715304375,64.0,12.0,11.0,4.25,100.0,100.0,200.0,425.0,0.0,0.0,1.0,0.0,0.0,108000.0,0.0,0.0,42.0,31.0,0.0,73.0,1,,,26.55906412532296,64.52221526442385,103.43658069024184,,,0.0,0.0,0.0,0.0,0.0
209036,north west,katsina,daura,rural,946.0,2019,1070,guinea corn (sorghum),2.4700000286102295,200.0,30000.0,30000.0,0.6175000071525574,0.6175000071525574,0.0,0.25,0.25,0.6175000071525574,0.6175000071525574,0.0,0.0,2.480000028386712,2.4700000286102295,2.4700000286102295,96.0,18.0,16.5,20.0,150.0,150.0,300.0,2000.0,2.0,0.0,1.0,1.0,0.0,0.0,420000.0,0.0,0.0,192.0,15.0,207.0,1,,,26.55906412532296,64.52221526442385,103.43658069024184,,,0.0,0.0,0.0,0.0,0.0
209045,north west,katsina,jibia,urban,408.0,2019,1070,guinea corn (sorghum),1.0341069772839546,1350.0,202500.0,202500.0,0.9995267260819674,0.9918038034811616,0.0,1.25,1.25,0.9879999756813049,0.9879999756813049,0.0,0.0,1.0411069775000215,1.0341069772839546,1.0341069772839546,80.0,15.0,13.75,0.0,125.0,125.0,250.0,0.0,0.0,0.0,1.0,0.0,0.0,1089600.0,0.0,0.0,8.0,9.0,0.0,17.0,1,,,26.55906412532296,64.52221526442385,103.43658069024184,,,0.0,0.0,0.0,0.0,0.0
209062,north west,katsina,katsina,urban,2086.0,2019,1070,guinea corn (sorghum),1.4819999933242798,400.0,60000.0,60000.0,0.37049999833106995,0.37049999833106995,0.0,0.25,0.25,0.37049999833106995,0.37049999833106995,0.0,0.0,1.4849999933503568,1.4819999933242798,1.4819999933242798,73.0,18.0,16.5,40.0,150.0,100.0,250.0,4000.0,0.0,0.0,1.0,0.0,0.0,25200.0,0.0,0.0,82.0,90.0,0.0,172.0,1,,,26.55906412532296,64.52221526442385,103.43658069024184,,,0.0,0.0,0.0,0.0,0.0
209063,north west,katsina,katsina,urban,2086.0,2019,1070,guinea corn (sorghum),0.8344799876213074,500.0,75000.0,75000.0,0.20861999690532684,0.20861999690532684,0.0,0.25,0.25,0.20861999690532684,0.20861999690532684,0.0,0.0,0.8344799876213074,0.8344799876213074,0.8344799876213074,41.0,12.0,11.0,35.0,100.0,50.0,150.0,3500.0,0.0,0.0,1.0,0.0,0.0,105600.0,0.0,0.0,42.0,378.0,0.0,420.0,1,,,26.55906412532296,64.52221526442385,103.43658069024184,,,0.0,0.0,0.0,0.0,0.0
209069,north west,katsina,katsina,urban,2086.0,2019,1070,guinea corn (sorghum),0.12692999839782715,53.0,7950.0,0.0,0.08377379924058914,0.08377379924058914,0.0,0.6600000262260437,0.6666666865348816,0.08377379924058914,0.08377379924058914,0.0,0.0,0.5088599880691618,0.5068599879741669,0.5068599879741669,0.0,0.0,0.0,50.0,0.0,0.0,0.0,5000.0,2.0,0.0,0.0,1.0,0.0,544800.0,0.0,0.0,50.0,42.0,0.0,92.0,1,,,26.55906412532296,64.52221526442385,103.43658069024184,,,0.0,0.0,0.0,0.0,0.0
209071,north west,katsina,katsina,urban,2086.0,2019,1070,guinea corn (sorghum),1.0868000090122223,500.0,75000.0,75000.0,0.2717000022530556,0.2717000022530556,0.0,0.5,0.5,0.2717000022530556,0.2717000022530556,0.0,0.0,1.0898000090382993,1.0868000090122223,1.0868000090122223,55.0,6.0,5.5,0.0,50.0,100.0,150.0,0.0,2.0,0.0,1.0,1.0,0.0,895200.0,0.0,0.0,43.0,22.0,0.0,65.0,1,,,26.55906412532296,64.52221526442385,103.43658069024184,,,0.0,0.0,0.0,0.0,0.0
209079,north west,katsina,katsina,urban,2556.0,2019,1070,guinea corn (sorghum),0.17423999309539795,106.0,15900.0,0.0,0.13067999482154846,0.13067999482154846,0.0,0.75,0.75,0.13067999482154846,0.13067999482154846,0.0,0.0,0.1767399930395186,0.17423999309539795,0.17423999309539795,0.0,0.0,0.0,12.5,0.0,0.0,0.0,1250.0,1.0,0.0,0.0,1.0,0.0,360000.0,0.0,0.0,17.0,4.0,6.0,27.0,1,,,26.55906412532296,64.52221526442385,103.43658069024184,,,0.0,0.0,0.0,0.0,0.0
209086,north west,katsina,malunfashi,rural,2222.0,2019,1070,guinea corn (sorghum),0.18977999687194824,700.0,105000.0,105000.0,0.0626274049282074,0.0626274049282074,0.0,0.33000001311302185,0.3333333432674408,0.0626274049282074,0.0626274049282074,0.0,0.0,1.2097799824550748,1.2047799825668335,1.2047799825668335,207.0,0.0,0.0,3.0,0.0,450.0,450.0,300.0,2.0,2.0,1.0,1.0,1.0,0.0,0.0,0.0,12.0,2.0,4.0,18.0,1,,,26.55906412532296,64.52221526442385,103.43658069024184,,,0.0,0.0,0.0,0.0,0.0
209087,north west,katsina,malunfashi,rural,2222.0,2019,1070,guinea corn (sorghum),2.791100025177002,1000.0,150000.0,150000.0,0.6977750062942505,0.6977750062942505,0.0,0.25,0.25,0.6977750062942505,0.6977750062942505,60000.0,800.0,3.944300060160458,3.939300060272217,3.939300060272217,320.0,60.0,55.0,0.0,500.0,500.0,1000.0,0.0,0.0,10.0,1.0,0.0,1.0,0.0,0.0,0.0,189.0,0.0,12.0,201.0,1,,,26.55906412532296,64.52221526442385,103.43658069024184,,,0.0,0.0,0.0,0.0,0.0
209095,north west,katsina,malunfashi,rural,2222.0,2019,1070,guinea corn (sorghum),0.633430004119873,1300.0,195000.0,182000.0,0.38005800545215607,0.38005800545215607,0.0,1.2000000476837158,1.2000000476837158,0.38005800545215607,0.38005800545215607,14000.0,200.0,0.6384300040081143,0.633430004119873,0.633430004119873,142.0,18.0,16.5,10.0,150.0,250.0,400.0,1000.0,0.0,0.0,1.0,0.0,0.0,0.0,0.0,0.0,40.0,295.0,0.0,335.0,1,,,26.55906412532296,64.52221526442385,103.43658069024184,,,0.0,0.0,0.0,0.0,0.0
209098,north west,katsina,mani,rural,1216.0,2019,1070,guinea corn (sorghum),0.15904000401496887,500.0,75000.0,75000.0,0.06599169969558716,0.06599169969558716,0.0,0.41493773460388184,0.41493773460388184,0.06599169969558716,0.06599169969558716,0.0,0.0,0.1955540031194687,0.1955540031194687,0.1955540031194687,18.0,12.0,11.0,21.0,100.0,0.0,100.0,2100.0,0.0,0.0,1.0,0.0,0.0,746400.0,0.0,0.0,93.0,125.0,35.0,253.0,1,,,26.55906412532296,64.52221526442385,103.43658069024184,,,0.0,0.0,0.0,0.0,0.0
209100,north west,katsina,mani,rural,1216.0,2019,1070,guinea corn (sorghum),2.271899938583374,400.0,60000.0,60000.0,0.45438000559806824,0.45438000559806824,0.0,0.20000000298023224,0.20000000298023224,0.45438000559806824,0.45438000559806824,0.0,0.0,2.2743999385274947,2.271899938583374,2.271899938583374,7.6319995,5.088,4.6639996,0.0,42.399998,0.0,42.399998,0.0,0.5,0.0,1.0,1.0,0.0,35400.0,0.0,0.0,55.0,289.0,39.0,383.0,1,,,26.55906412532296,64.52221526442385,103.43658069024184,,,0.0,0.0,0.0,0.0,0.0
209102,north west,katsina,mani,rural,1216.0,2019,1070,guinea corn (sorghum),1.8115999698638916,900.0,135000.0,135000.0,0.9057999849319458,0.9057999849319458,0.0,0.5,0.6024096012115479,0.9057999849319458,0.9057999849319458,0.0,0.0,9.128299951553345,9.128299951553345,9.128299951553345,81.0,54.0,49.5,127.5,450.0,0.0,450.0,12750.0,3.0,0.0,1.0,1.0,0.0,30000.0,0.0,0.0,57.0,30.0,0.0,87.0,1,,,26.55906412532296,64.52221526442385,103.43658069024184,,,0.0,0.0,0.0,0.0,0.0
209106,north west,katsina,mani,rural,1216.0,2019,1070,guinea corn (sorghum),1.3194999694824219,200.0,30000.0,30000.0,0.4354349970817566,0.4354349970817566,0.0,0.33000001311302185,0.3333333432674408,0.4354349970817566,0.4354349970817566,0.0,0.0,1.3244999693706632,1.3194999694824219,1.3194999694824219,4.7886,0.0,0.0,7.5,0.0,10.41,10.41,750.0,0.0,0.0,1.0,0.0,0.0,6000.0,0.0,0.0,100.0,10.0,0.0,110.0,1,,,26.55906412532296,64.52221526442385,103.43658069024184,,,0.0,0.0,0.0,0.0,0.0
209108,north west,katsina,mani,rural,1216.0,2019,1070,guinea corn (sorghum),0.444599986076355,400.0,60000.0,60000.0,0.2222999930381775,0.2222999930381775,0.0,0.5,0.5,0.2222999930381775,0.2222999930381775,0.0,0.0,0.9435999738052487,0.9385999739170074,0.9385999739170074,18.0,12.0,11.0,0.0,100.0,0.0,100.0,0.0,3.0,0.0,1.0,1.0,0.0,250800.0,0.0,0.0,40.0,0.0,0.0,40.0,1,,,26.55906412532296,64.52221526442385,103.43658069024184,,,0.0,0.0,0.0,0.0,0.0
209121,north west,katsina,zango,rural,908.0,2019,1070,guinea corn (sorghum),0.3458000123500824,400.0,60000.0,60000.0,0.3458000123500824,0.3458000123500824,0.0,1.0,1.0,0.3458000123500824,0.3458000123500824,0.0,0.0,1.0868000090122223,1.0868000090122223,1.0868000090122223,69.0,0.0,0.0,12.5,0.0,150.0,150.0,1250.0,0.0,0.0,1.0,0.0,0.0,45200.0,0.0,0.0,67.0,35.0,0.0,102.0,1,,,26.55906412532296,64.52221526442385,103.43658069024184,,,0.0,0.0,0.0,0.0,0.0
209122,north west,katsina,zango,rural,908.0,2019,1070,guinea corn (sorghum),1.3044300079345703,700.0,105000.0,105000.0,0.3666406571865082,0.3666406571865082,0.0,0.5955497324466705,0.5955497622489929,0.3666406571865082,0.3666406571865082,0.0,0.0,1.3044300079345703,1.3044300079345703,1.3044300079345703,96.0,18.0,16.5,5.0,150.0,150.0,300.0,500.0,0.0,0.0,1.0,0.0,0.0,60000.0,0.0,0.0,55.0,68.0,10.0,133.0,1,,,26.55906412532296,64.52221526442385,103.43658069024184,,,0.0,0.0,0.0,0.0,0.0
209123,north west,katsina,zango,rural,908.0,2019,1070,guinea corn (sorghum),0.5972700044512749,318.0,47700.0,0.0,0.19117972068488598,0.19117972068488598,0.0,0.742237776517868,0.742237776517868,0.17208920419216156,0.17208920419216156,0.0,0.0,0.8407300040125847,0.8407300040125847,0.8407300040125847,19.778,2.544,2.3319998,92.1,21.199999,34.7,55.899998,9210.0,2.0,0.0,1.0,1.0,0.0,126000.0,156000.0,0.0,66.0,55.0,0.0,121.0,1,,,26.55906412532296,64.52221526442385,103.43658069024184,,,0.0,0.0,0.0,0.0,0.0
209124,north west,katsina,zango,rural,908.0,2019,1070,guinea corn (sorghum),0.8021100163459778,300.0,58500.0,58500.0,0.2771688997745514,0.2771688997745514,0.0,0.34554973244667053,0.3455497622489929,0.2771688997745514,0.2771688997745514,0.0,0.0,0.8021100163459778,0.8021100163459778,0.8021100163459778,9.0,6.0,5.5,35.0,50.0,0.0,50.0,3500.0,0.0,0.0,1.0,0.0,0.0,44400.0,0.0,0.0,18.0,116.0,0.0,134.0,1,,,26.55906412532296,64.52221526442385,103.43658069024184,,,0.0,0.0,0.0,0.0,0.0
209125,north west,katsina,zango,rural,908.0,2019,1070,guinea corn (sorghum),0.523360013961792,200.0,30000.0,30000.0,0.17270880937576294,0.17270880937576294,0.0,0.33000001311302185,0.3333333432674408,0.17270880937576294,0.17270880937576294,0.0,0.0,0.622160017490387,0.523360013961792,0.523360013961792,92.0,0.0,0.0,400.0,0.0,200.0,200.0,40000.0,2.0,0.0,1.0,1.0,0.0,246000.0,0.0,0.0,35.0,260.0,0.0,295.0,1,,,26.55906412532296,64.52221526442385,103.43658069024184,,,0.0,0.0,0.0,0.0,0.0
209127,north west,katsina,zango,rural,908.0,2019,1070,guinea corn (sorghum),0.2523699998855591,300.0,45000.0,45000.0,0.10033988207578659,0.10033988207578659,0.0,0.39759036898612976,0.39759036898612976,0.10033988207578659,0.10033988207578659,0.0,0.0,1.0792899765074253,1.0175399780273438,1.0175399780273438,54.0,36.0,33.0,500.0,300.0,0.0,300.0,50000.0,5.0,0.0,1.0,1.0,0.0,615600.0,0.0,0.0,16.0,12.0,0.0,28.0,1,,,26.55906412532296,64.52221526442385,103.43658069024184,,,0.0,0.0,0.0,0.0,0.0
209131,north west,katsina,zango,rural,908.0,2019,1070,guinea corn (sorghum),0.805899977684021,100.0,15000.0,15000.0,0.13431666791439056,0.13431666791439056,0.0,0.1666666716337204,0.1666666716337204,0.13431666791439056,0.13431666791439056,0.0,0.0,0.805899977684021,0.805899977684021,0.805899977684021,32.0,6.0,5.5,0.0,50.0,50.0,100.0,0.0,0.0,0.0,1.0,0.0,0.0,30000.0,0.0,0.0,33.0,184.0,13.0,230.0,1,,,26.55906412532296,64.52221526442385,103.43658069024184,,,0.0,0.0,0.0,0.0,0.0
210004,north west,kebbi,birinin kebbi,rural,2822.0,2019,1070,guinea corn (sorghum),7.0,600.0,84000.0,84000.0,3.5,3.5,0.0,0.5,0.5,3.5,3.5,0.0,0.0,7.0,7.0,7.0,69.0,0.0,0.0,0.0,0.0,150.0,150.0,0.0,3.0,4.0,1.0,1.0,1.0,0.0,0.0,0.0,18.0,133.0,12.0,163.0,1,,,26.55906412532296,64.52221526442385,103.43658069024184,,,0.0,0.0,0.0,0.0,0.0
210052,north west,kebbi,maiyama,rural,926.0,2019,1070,guinea corn (sorghum),1.3897000551223755,1000.0,140000.0,140000.0,0.6948500275611877,0.6948500275611877,0.0,0.5,0.5,0.6948500275611877,0.6948500275611877,0.0,0.0,1.3897000551223755,1.3897000551223755,1.3897000551223755,9.0,6.0,5.5,0.0,50.0,0.0,50.0,0.0,0.0,0.0,1.0,0.0,0.0,0.0,0.0,0.0,202.0,0.0,0.0,202.0,1,,,27.21194316436252,59.85967236303123,86.86083333333333,,,0.0,0.0,0.0,0.0,0.0
210053,north west,kebbi,maiyama,rural,926.0,2019,1070,guinea corn (sorghum),5.725100040435791,500.0,70000.0,70000.0,5.725100040435791,5.725100040435791,0.0,1.0,1.0,5.725100040435791,5.725100040435791,0.0,0.0,5.725100040435791,5.725100040435791,5.725100040435791,0.0,0.0,0.0,25.0,0.0,0.0,0.0,2500.0,0.0,7.0,0.0,0.0,1.0,1200.0,0.0,0.0,137.0,25.0,12.0,174.0,1,,,27.21194316436252,59.85967236303123,86.86083333333333,,,0.0,0.0,0.0,0.0,0.0
210054,north west,kebbi,maiyama,rural,926.0,2019,1070,guinea corn (sorghum),3.7155001163482666,1300.0,182000.0,182000.0,1.8577500581741333,1.8577500581741333,0.0,0.5,0.5,1.8577500581741333,1.8577500581741333,0.0,0.0,3.7155001163482666,3.7155001163482666,3.7155001163482666,0.0,0.0,0.0,0.0,0.0,0.0,0.0,0.0,0.0,0.0,0.0,0.0,0.0,0.0,0.0,0.0,265.0,3.0,0.0,268.0,1,,,27.21194316436252,59.85967236303123,86.86083333333333,,,0.0,0.0,0.0,0.0,0.0
210055,north west,kebbi,maiyama,rural,926.0,2019,1070,guinea corn (sorghum),1.3013999462127686,700.0,98000.0,98000.0,0.43379998207092285,0.43379998207092285,0.0,0.3333333432674408,0.3333333432674408,0.43379998207092285,0.43379998207092285,0.0,0.0,1.3013999462127686,1.3013999462127686,1.3013999462127686,0.0,0.0,0.0,0.0,0.0,0.0,0.0,0.0,0.0,0.0,0.0,0.0,0.0,0.0,0.0,0.0,65.0,4.0,0.0,69.0,1,,,27.21194316436252,59.85967236303123,86.86083333333333,,,0.0,0.0,0.0,0.0,0.0
210057,north west,kebbi,maiyama,rural,926.0,2019,1070,guinea corn (sorghum),0.7717199921607971,1150.0,218500.0,243800.0,0.7717199921607971,0.7717199921607971,0.0,1.0,1.0,0.7717199921607971,0.7717199921607971,10600.0,100.0,0.7717199921607971,0.7717199921607971,0.7717199921607971,0.0,0.0,0.0,0.0,0.0,0.0,0.0,0.0,0.0,3.0,0.0,0.0,1.0,35350.0,0.0,0.0,340.0,15.0,6.0,361.0,1,,,27.21194316436252,59.85967236303123,86.86083333333333,,,0.0,0.0,0.0,0.0,0.0
210060,north west,kebbi,maiyama,rural,926.0,2019,1070,guinea corn (sorghum),2.5471999645233154,600.0,84000.0,84000.0,1.2735999822616577,1.2735999822616577,0.0,0.5,0.5,1.2735999822616577,1.2735999822616577,0.0,0.0,2.5471999645233154,2.5471999645233154,2.5471999645233154,0.0,0.0,0.0,0.0,0.0,0.0,0.0,0.0,0.0,3.0,0.0,0.0,1.0,0.0,0.0,0.0,172.0,15.0,0.0,187.0,1,,,27.21194316436252,59.85967236303123,86.86083333333333,,,0.0,0.0,0.0,0.0,0.0
219015,north west,kebbi,bagudo,rural,1606.0,2019,1070,guinea corn (sorghum),3.7318999767303467,1600.0,224000.0,224000.0,3.7318999767303467,3.7318999767303467,0.0,1.0,1.0,3.7318999767303467,3.7318999767303467,0.0,0.0,3.7318999767303467,3.7318999767303467,3.7318999767303467,36.0,24.0,22.0,0.0,200.0,0.0,200.0,0.0,0.0,0.0,1.0,0.0,0.0,0.0,0.0,0.0,84.0,0.0,0.0,84.0,1,,,26.55906412532296,64.52221526442385,103.43658069024184,,,0.0,0.0,0.0,0.0,0.0
219017,north west,kebbi,bagudo,rural,1606.0,2019,1070,guinea corn (sorghum),2.3857998847961426,200.0,28000.0,28000.0,1.0283619165420532,1.0283619165420532,0.0,0.4310344457626343,0.43103447556495667,1.0283619165420532,1.0283619165420532,0.0,0.0,2.3857998847961426,2.3857998847961426,2.3857998847961426,0.0,0.0,0.0,0.0,0.0,0.0,0.0,0.0,0.0,0.0,0.0,0.0,0.0,0.0,0.0,0.0,84.0,12.0,0.0,96.0,1,,,26.55906412532296,64.52221526442385,103.43658069024184,,,0.0,0.0,0.0,0.0,0.0
219025,north west,kebbi,gwandu,rural,260.0,2019,1070,guinea corn (sorghum),0.26579999923706055,1000.0,140000.0,140000.0,0.26579999923706055,0.26579999923706055,0.0,1.0,1.0,0.26579999923706055,0.26579999923706055,0.0,0.0,0.9548399746417999,0.9548399746417999,0.9548399746417999,0.0,0.0,0.0,0.0,0.0,0.0,0.0,0.0,8.0,0.0,0.0,1.0,0.0,5000.0,0.0,0.0,51.0,7.0,43.0,101.0,1,,,26.55906412532296,64.52221526442385,103.43658069024184,,,0.0,0.0,0.0,0.0,0.0
219038,north west,kebbi,jega,rural,442.0,2019,1070,guinea corn (sorghum),0.22965000569820404,700.0,98000.0,98000.0,0.11482500284910202,0.11482500284910202,0.0,0.5,0.5,0.11482500284910202,0.11482500284910202,0.0,0.0,1.8203500360250473,1.8203500360250473,1.8203500360250473,18.0,12.0,11.0,0.0,100.0,0.0,100.0,0.0,0.0,0.0,1.0,0.0,0.0,0.0,0.0,0.0,127.0,74.0,12.0,213.0,1,,,26.55906412532296,64.52221526442385,103.43658069024184,,,0.0,0.0,0.0,0.0,0.0
219040,north west,kebbi,jega,rural,442.0,2019,1070,guinea corn (sorghum),0.25637000799179077,0.0,0.0,0.0,0.06409250199794769,0.0,0.0,0.25,0.25,0.0,0.06409250199794769,0.0,0.0,0.25637000799179077,0.25637000799179077,0.25637000799179077,0.0,0.0,0.0,0.0,0.0,0.0,0.0,0.0,0.0,0.0,0.0,0.0,0.0,0.0,0.0,0.0,66.0,32.0,0.0,98.0,1,,,26.55906412532296,64.52221526442385,103.43658069024184,,,0.0,0.0,0.0,0.0,0.0
219041,north west,kebbi,jega,rural,442.0,2019,1070,guinea corn (sorghum),0.17038999497890472,800.0,112000.0,112000.0,0.048473015427589417,0.048473015427589417,0.0,0.2844827473163605,0.28448277711868286,0.0,0.0,0.0,0.0,0.17038999497890472,0.17038999497890472,0.17038999497890472,54.0,36.0,33.0,0.0,300.0,0.0,300.0,0.0,0.0,0.0,1.0,0.0,0.0,0.0,0.0,0.0,108.0,25.0,0.0,133.0,1,,,26.55906412532296,64.52221526442385,103.43658069024184,,,0.0,0.0,0.0,0.0,0.0
219042,north west,kebbi,jega,rural,442.0,2019,1070,guinea corn (sorghum),0.427700012922287,500.0,70000.0,70000.0,0.13068611919879913,0.13068611919879913,0.0,0.3055555522441864,0.3055555522441864,0.13068611919879913,0.13068611919879913,0.0,0.0,0.427700012922287,0.427700012922287,0.427700012922287,0.0,0.0,0.0,0.0,0.0,0.0,0.0,0.0,0.0,0.0,0.0,0.0,0.0,0.0,0.0,0.0,94.0,100.0,6.0,200.0,1,,,26.55906412532296,64.52221526442385,103.43658069024184,,,0.0,0.0,0.0,0.0,0.0
260081,north central,niger,kontagora,rural,424.0,2019,1070,guinea corn (sorghum),2.023430109024048,1500.0,202000.0,210000.0,1.011715054512024,1.011715054512024,0.0,0.5,0.5,1.011715054512024,1.011715054512024,42000.0,600.0,2.428116112947464,2.023430109024048,2.023430109024048,96.0,18.0,16.5,0.0,150.0,150.0,300.0,0.0,0.0,3.0,1.0,0.0,1.0,0.0,0.0,0.0,181.0,0.0,40.0,221.0,1,,,26.55906412532296,64.52221526442385,103.43658069024184,,,0.0,0.0,0.0,0.0,0.0
260082,north central,niger,kontagora,rural,424.0,2019,1070,guinea corn (sorghum),1.930400013923645,900.0,121200.0,126000.0,0.9652000069618225,0.9652000069618225,0.0,0.5,0.5,0.9652000069618225,0.9652000069618225,35000.0,500.0,1.930400013923645,1.930400013923645,1.930400013923645,18.0,12.0,11.0,1.0,100.0,0.0,100.0,100.0,0.0,4.0,1.0,0.0,1.0,0.0,0.0,0.0,51.0,34.0,4.0,89.0,1,,,26.55906412532296,64.52221526442385,103.43658069024184,,,0.0,0.0,0.0,0.0,0.0
260083,north central,niger,kontagora,rural,424.0,2019,1070,guinea corn (sorghum),0.9726399779319763,500.0,67333.328125,60000.0,0.48631998896598816,0.48631998896598816,0.0,0.5,0.5,0.48631998896598816,0.48631998896598816,24000.0,400.0,0.9726399779319763,0.9726399779319763,0.9726399779319763,0.0,0.0,0.0,0.0,0.0,0.0,0.0,0.0,0.0,5.0,0.0,0.0,1.0,42000.0,0.0,0.0,53.0,32.0,0.0,85.0,1,,,26.55906412532296,64.52221526442385,103.43658069024184,,,0.0,0.0,0.0,0.0,0.0
260085,north central,niger,kontagora,rural,424.0,2019,1070,guinea corn (sorghum),0.9534599781036377,300.0,40400.0,40400.0,0.47672998905181885,0.47672998905181885,0.0,0.5,0.5,0.47672998905181885,0.47672998905181885,0.0,0.0,1.5218499898910522,1.5218499898910522,1.5218499898910522,0.0,0.0,0.0,0.0,0.0,0.0,0.0,0.0,0.0,10.0,0.0,0.0,1.0,0.0,150000.0,0.0,140.0,48.0,0.0,188.0,1,,,26.55906412532296,64.52221526442385,103.43658069024184,,,0.0,0.0,0.0,0.0,0.0
260086,north central,niger,kontagora,rural,424.0,2019,1070,guinea corn (sorghum),2.098900079727173,1000.0,134666.65625,134666.65625,1.0494500398635864,0.7870875597000122,0.0,0.5,0.5,0.7870875597000122,1.0494500398635864,0.0,0.0,4.363300085067749,4.363300085067749,4.363300085067749,27.0,18.0,16.5,0.0,150.0,0.0,150.0,0.0,0.0,10.0,1.0,0.0,1.0,0.0,0.0,0.0,301.0,0.0,130.0,431.0,1,,,26.55906412532296,64.52221526442385,103.43658069024184,,,0.0,0.0,0.0,0.0,0.0
260087,north central,niger,kontagora,rural,424.0,2019,1070,guinea corn (sorghum),2.2551000118255615,800.0,107733.328125,107733.328125,1.1275500059127808,1.1275500059127808,0.0,0.5,0.5,1.1275500059127808,1.1275500059127808,0.0,0.0,3.165340006351471,3.165340006351471,3.165340006351471,13.5,9.0,8.25,0.0,75.0,0.0,75.0,0.0,0.0,0.0,1.0,0.0,0.0,0.0,0.0,0.0,333.0,0.0,0.0,333.0,1,,,26.55906412532296,64.52221526442385,103.43658069024184,,,0.0,0.0,0.0,0.0,0.0
260090,north central,niger,kontagora,rural,424.0,2019,1070,guinea corn (sorghum),1.5383000373840332,1500.0,202000.0,202000.0,0.6836889386177063,0.6836889386177063,0.0,0.4444444477558136,0.4444444477558136,0.6836889386177063,0.6836889386177063,0.0,0.0,1.5383000373840332,1.5383000373840332,1.5383000373840332,27.0,18.0,16.5,0.0,150.0,0.0,150.0,0.0,0.0,3.0,1.0,0.0,1.0,74900.0,1020000.0,0.0,63.0,16.0,0.0,79.0,1,,,26.55906412532296,64.52221526442385,103.43658069024184,,,0.0,0.0,0.0,0.0,0.0
260156,north central,niger,lavun,rural,1462.0,2019,1070,guinea corn (sorghum),2.2400999069213867,1000.0,134666.65625,134666.65625,1.2800571918487549,1.2800571918487549,0.0,0.5714285969734192,0.5714285969734192,1.2800571918487549,1.2800571918487549,0.0,0.0,2.2400999069213867,2.2400999069213867,2.2400999069213867,0.0,0.0,0.0,0.0,0.0,0.0,0.0,0.0,0.0,5.0,0.0,0.0,1.0,0.0,1140000.0,0.0,132.0,99.0,50.0,281.0,1,,,26.965385816692265,67.88950108806964,91.17333333333332,,,0.0,0.0,0.0,0.0,0.0
269015,north central,niger,borgu,rural,1652.0,2019,1070,guinea corn (sorghum),0.3167800009250641,850.0,154700.0,221000.0,0.10559333860874176,0.10559333860874176,0.0,0.3333333432674408,0.3333333432674408,0.10559333860874176,0.10559333860874176,39000.0,300.0,1.524209976196289,1.524209976196289,1.524209976196289,0.0,0.0,0.0,0.0,0.0,0.0,0.0,0.0,0.0,16.0,0.0,0.0,1.0,0.0,0.0,0.0,68.0,45.0,0.0,113.0,1,,,26.55906412532296,64.52221526442385,103.43658069024184,,,0.0,0.0,0.0,0.0,0.0
269017,north central,niger,borgu,rural,1652.0,2019,1070,guinea corn (sorghum),0.31334999203681946,700.0,94266.6640625,94266.6640625,0.31334999203681946,0.31334999203681946,0.0,1.0,1.0,0.31334999203681946,0.31334999203681946,0.0,0.0,2.6997399777173996,2.6997399777173996,2.6997399777173996,0.0,0.0,0.0,0.0,0.0,0.0,0.0,0.0,3.0,19.0,0.0,1.0,1.0,0.0,0.0,0.0,46.0,20.0,9.0,75.0,1,,,26.55906412532296,64.52221526442385,103.43658069024184,,,0.0,0.0,0.0,0.0,0.0
269049,north central,niger,mariga,rural,556.0,2019,1070,guinea corn (sorghum),1.1628999710083008,1100.0,148133.328125,154000.0,0.17051318287849426,0.1278848946094513,0.0,0.14662756025791168,0.14662756025791168,0.1278848946094513,0.17051318287849426,21000.0,300.0,1.1628999710083008,1.1628999710083008,1.1628999710083008,72.0,48.0,44.0,0.0,400.0,0.0,400.0,0.0,0.0,6.0,1.0,0.0,1.0,0.0,0.0,0.0,34.0,85.0,6.0,125.0,1,,,26.55906412532296,64.52221526442385,103.43658069024184,,,0.0,0.0,0.0,0.0,0.0
269061,north central,niger,mashegu,rural,584.0,2019,1070,guinea corn (sorghum),4.391499996185303,1500.0,202000.0,210000.0,1.4638333320617676,1.4638333320617676,0.0,0.3333333432674408,0.3333333432674408,1.4638333320617676,1.4638333320617676,35000.0,500.0,4.391499996185303,4.391499996185303,4.391499996185303,0.0,0.0,0.0,0.0,0.0,0.0,0.0,0.0,0.0,8.0,0.0,0.0,1.0,0.0,0.0,0.0,38.0,28.0,0.0,66.0,1,,,27.12467332309268,67.03753462621607,83.375,,,0.0,0.0,0.0,0.0,0.0
269095,north central,niger,rafi,rural,590.0,2019,1070,guinea corn (sorghum),1.476099967956543,250.0,45500.0,35000.0,0.7380499839782715,0.5535374879837036,0.0,0.5,0.5,0.5535374879837036,0.7380499839782715,7000.0,100.0,1.749379962682724,1.749379962682724,1.749379962682724,0.0,0.0,0.0,0.0,0.0,0.0,0.0,0.0,0.0,8.0,0.0,0.0,1.0,0.0,600000.0,0.0,33.0,66.0,15.0,114.0,1,,,26.55906412532296,64.52221526442385,103.43658069024184,,,0.0,0.0,0.0,0.0,0.0
310071,north central,plateau,langtang north,rural,1026.0,2019,1070,guinea corn (sorghum),0.6236799955368042,400.0,51866.6640625,51866.6640625,0.6236799955368042,0.6236799955368042,0.0,3.0,3.0,0.6236799955368042,0.6236799955368042,0.0,0.0,3.126411981880665,2.3170399740338326,3.126411981880665,0.0,0.0,0.0,12.0,0.0,0.0,0.0,1200.0,0.0,0.0,0.0,0.0,0.0,27600.0,0.0,0.0,58.0,0.0,49.0,107.0,1,,,27.64865821812596,58.72514816948285,76.11833333333333,,,0.0,0.0,0.0,0.0,0.0
310072,north central,plateau,langtang north,rural,1026.0,2019,1070,guinea corn (sorghum),0.23351000249385834,300.0,38900.0,38900.0,0.23351000249385834,0.23351000249385834,0.0,1.0,1.0,0.23351000249385834,0.23351000249385834,0.0,0.0,0.9668699949979782,0.9668699949979782,0.9668699949979782,0.0,0.0,0.0,4.0,0.0,0.0,0.0,400.0,0.0,0.0,0.0,0.0,0.0,21600.0,0.0,0.0,69.0,36.0,2.0,107.0,1,,,27.64865821812596,58.72514816948285,76.11833333333333,,,0.0,0.0,0.0,0.0,0.0
310073,north central,plateau,langtang north,rural,1026.0,2019,1070,guinea corn (sorghum),0.6043699979782104,200.0,25933.33203125,25933.33203125,0.6043699979782104,0.6043699979782104,0.0,1.0,1.0,0.6043699979782104,0.6043699979782104,0.0,0.0,1.9442470073699951,1.9442470073699951,1.9442470073699951,0.0,0.0,0.0,8.0,0.0,0.0,0.0,800.0,0.0,0.0,0.0,0.0,0.0,19100.0,0.0,0.0,70.0,0.0,4.0,74.0,1,,,27.64865821812596,58.72514816948285,76.11833333333333,,,0.0,0.0,0.0,0.0,0.0
310076,north central,plateau,langtang north,rural,1026.0,2019,1070,guinea corn (sorghum),1.2140580415725708,500.0,64833.33203125,64833.33203125,1.2140580415725708,1.2140580415725708,0.0,1.0,1.0,1.2140580415725708,1.2140580415725708,0.0,0.0,5.304708123207092,3.281278073787689,3.281278073787689,23.0,0.0,0.0,1.0,0.0,50.0,50.0,100.0,0.0,0.0,1.0,0.0,0.0,6000.0,0.0,0.0,77.0,0.0,33.0,110.0,1,,,27.64865821812596,58.72514816948285,76.11833333333333,,,0.0,0.0,0.0,0.0,0.0
310077,north central,plateau,langtang north,rural,1026.0,2019,1070,guinea corn (sorghum),1.1394299864768982,700.0,90766.6640625,90766.6640625,0.6213457882404327,0.6213457882404327,0.0,1.3300000131130219,1.3333333432674408,0.6213457882404327,0.6213457882404327,0.0,0.0,4.294177010655403,2.4730899780988693,4.294177010655403,18.0,12.0,11.0,2.0,100.0,0.0,100.0,200.0,0.0,13.0,1.0,0.0,1.0,0.0,0.0,0.0,97.0,0.0,36.0,133.0,1,,,27.64865821812596,58.72514816948285,76.11833333333333,,,0.0,0.0,0.0,0.0,0.0
310078,north central,plateau,langtang north,rural,1026.0,2019,1070,guinea corn (sorghum),2.129823997616768,300.0,38899.998046875,38899.998046875,1.064911998808384,1.064911998808384,0.0,1.0,1.1024096012115479,1.0200999975204468,1.0200999975204468,0.0,0.0,2.9677039831876755,2.9677039831876755,2.9677039831876755,27.0,18.0,16.5,3.0,150.0,0.0,150.0,300.0,0.0,5.0,1.0,0.0,1.0,139200.0,0.0,0.0,45.0,15.0,12.0,72.0,1,,,27.64865821812596,58.72514816948285,76.11833333333333,,,0.0,0.0,0.0,0.0,0.0
310079,north central,plateau,langtang north,rural,1026.0,2019,1070,guinea corn (sorghum),0.8613399863243103,600.0,77800.0,77800.0,0.8613399863243103,0.8613399863243103,0.0,1.0,1.0,0.8613399863243103,0.8613399863243103,0.0,0.0,1.9552259892225266,1.5505399852991104,1.9552259892225266,0.0,0.0,0.0,3.0,0.0,0.0,0.0,300.0,0.0,1.0,0.0,0.0,1.0,0.0,0.0,0.0,44.0,42.0,40.0,126.0,1,,,27.64865821812596,58.72514816948285,76.11833333333333,,,0.0,0.0,0.0,0.0,0.0
310080,north central,plateau,langtang north,rural,1026.0,2019,1070,guinea corn (sorghum),0.6293700039386749,1000.0,129666.6640625,220000.0,0.4328491613268852,0.4328491613268852,0.0,1.3055555522441864,1.3055555522441864,0.4328491613268852,0.4328491613268852,44000.0,400.0,2.1449799984693527,2.1449799984693527,2.1449799984693527,0.0,0.0,0.0,0.0,0.0,0.0,0.0,0.0,0.0,0.0,0.0,0.0,0.0,49500.0,0.0,0.0,243.0,0.0,175.0,418.0,1,,,27.64865821812596,58.72514816948285,76.11833333333333,,,0.0,0.0,0.0,0.0,0.0
310082,north central,plateau,mikang,rural,350.0,2019,1070,guinea corn (sorghum),1.94350004196167,400.0,51866.6640625,51866.6640625,0.971750020980835,0.971750020980835,0.0,0.5,0.5,0.971750020980835,0.971750020980835,0.0,0.0,2.494580030441284,2.494580030441284,2.494580030441284,41.0,12.0,11.0,0.0,100.0,50.0,150.0,0.0,0.0,4.0,1.0,0.0,1.0,0.0,0.0,0.0,77.0,0.0,90.0,167.0,1,,,26.55906412532296,64.52221526442385,103.43658069024184,,,0.0,0.0,0.0,0.0,0.0
310083,north central,plateau,mikang,rural,350.0,2019,1070,guinea corn (sorghum),2.237280011177063,800.0,103733.33203125,103733.33203125,1.1186400055885315,1.1186400055885315,0.0,1.0,1.0,1.1186400055885315,1.1186400055885315,0.0,0.0,2.237280011177063,2.237280011177063,2.237280011177063,45.0,30.0,27.5,0.0,250.0,0.0,250.0,0.0,0.0,7.0,1.0,0.0,1.0,0.0,0.0,0.0,38.0,0.0,76.0,114.0,1,,,26.55906412532296,64.52221526442385,103.43658069024184,,,0.0,0.0,0.0,0.0,0.0
310084,north central,plateau,mikang,rural,350.0,2019,1070,guinea corn (sorghum),1.3004500269889832,300.0,38899.998046875,38899.998046875,0.362110011279583,0.362110011279583,0.0,0.6000000238418579,0.6000000238418579,0.362110011279583,0.362110011279583,0.0,0.0,1.3004500269889832,1.3004500269889832,1.3004500269889832,9.0,6.0,5.5,0.0,50.0,0.0,50.0,0.0,0.0,2.0,1.0,0.0,1.0,0.0,48000.0,0.0,55.0,0.0,76.0,131.0,1,,,26.55906412532296,64.52221526442385,103.43658069024184,,,0.0,0.0,0.0,0.0,0.0
310085,north central,plateau,mikang,rural,350.0,2019,1070,guinea corn (sorghum),1.0732320100069046,700.0,90766.666015625,90766.666015625,0.5366160050034523,0.5366160050034523,0.0,1.5,1.5,0.5366160050034523,0.5366160050034523,0.0,0.0,2.4992870539426804,2.4992870539426804,2.4992870539426804,345.0,0.0,0.0,1.0,0.0,750.0,750.0,100.0,0.0,20.0,1.0,0.0,1.0,90000.0,0.0,0.0,42.0,0.0,22.0,64.0,1,,,26.55906412532296,64.52221526442385,103.43658069024184,,,0.0,0.0,0.0,0.0,0.0
310086,north central,plateau,mikang,rural,350.0,2019,1070,guinea corn (sorghum),1.5316020250320435,600.0,77800.0,144000.0,0.8454915583133698,0.8454915583133698,0.0,1.091034471988678,1.0977011620998383,0.8454915583133698,0.8454915583133698,24000.0,200.0,2.8090620189905167,2.8090620189905167,2.8090620189905167,224.0,42.0,38.5,0.0,350.0,350.0,700.0,0.0,0.0,11.0,1.0,0.0,1.0,163200.0,0.0,0.0,143.0,118.0,122.0,383.0,1,,,26.55906412532296,64.52221526442385,103.43658069024184,,,0.0,0.0,0.0,0.0,0.0
310087,north central,plateau,mikang,rural,350.0,2019,1070,guinea corn (sorghum),2.4222100973129272,650.0,84283.33203125,84283.33203125,1.4104950428009033,1.4104950428009033,0.0,1.5,1.5,1.4104950428009033,1.4104950428009033,0.0,0.0,3.2775461077690125,3.2775461077690125,3.2775461077690125,36.0,24.0,22.0,0.0,200.0,0.0,200.0,0.0,0.0,11.0,1.0,0.0,1.0,60000.0,0.0,0.0,31.0,21.0,0.0,52.0,1,,,26.55906412532296,64.52221526442385,103.43658069024184,,,0.0,0.0,0.0,0.0,0.0
310088,north central,plateau,mikang,rural,350.0,2019,1070,guinea corn (sorghum),0.8994860053062439,500.0,64833.33203125,64833.33203125,0.44974300265312195,0.44974300265312195,0.0,1.0,1.0,0.40468600392341614,0.40468600392341614,0.0,0.0,1.3086389973759651,1.3086389973759651,1.3086389973759651,34.5,0.0,0.0,4.0,0.0,75.0,75.0,400.0,0.0,13.0,1.0,0.0,1.0,30000.0,0.0,0.0,24.0,0.0,0.0,24.0,1,,,26.55906412532296,64.52221526442385,103.43658069024184,,,0.0,0.0,0.0,0.0,0.0
310089,north central,plateau,mikang,rural,350.0,2019,1070,guinea corn (sorghum),0.5440500006079674,400.0,51866.6640625,51866.6640625,0.2720250003039837,0.2720250003039837,0.0,1.5,1.5,0.2720250003039837,0.2720250003039837,0.0,0.0,3.740489073097706,3.740489073097706,3.740489073097706,110.0,12.0,11.0,0.0,100.0,200.0,300.0,0.0,0.0,11.0,1.0,0.0,1.0,14500.0,0.0,0.0,66.0,0.0,24.0,90.0,1,,,26.55906412532296,64.52221526442385,103.43658069024184,,,0.0,0.0,0.0,0.0,0.0
310090,north central,plateau,mikang,rural,350.0,2019,1070,guinea corn (sorghum),3.426686078310013,650.0,84283.3330078125,84283.3330078125,1.7133430391550064,1.6445464193820953,0.0,1.0,1.0,1.6445464193820953,1.7133430391550064,0.0,0.0,5.025536090135574,5.025536090135574,5.025536090135574,22.5,15.0,13.75,0.0,125.0,0.0,125.0,0.0,0.0,17.0,1.0,0.0,1.0,0.0,0.0,0.0,211.0,138.0,46.0,395.0,1,,,26.55906412532296,64.52221526442385,103.43658069024184,,,0.0,0.0,0.0,0.0,0.0
310092,north central,plateau,shendam,rural,1344.0,2019,1070,guinea corn (sorghum),4.3471999168396,600.0,77800.0,77800.0,1.4490666389465332,1.4490666389465332,0.0,0.3333333432674408,0.3333333432674408,1.4490666389465332,1.4490666389465332,0.0,0.0,8.416699886322021,8.416699886322021,8.416699886322021,27.0,18.0,16.5,0.0,150.0,0.0,150.0,0.0,0.0,12.0,1.0,0.0,1.0,114000.0,0.0,0.0,52.0,112.0,51.0,215.0,1,,,27.948008128520225,62.0003904249872,79.91416666666667,,,0.0,0.0,0.0,0.0,0.0
310093,north central,plateau,shendam,rural,1344.0,2019,1070,guinea corn (sorghum),0.8504999950528145,250.0,34783.33203125,34783.33203125,0.42524999752640724,0.42524999752640724,0.0,1.0,1.0,0.37637999653816223,0.37637999653816223,0.0,0.0,2.0096660032868385,1.6049799993634224,2.0096660032868385,41.0,12.0,11.0,0.0,100.0,50.0,150.0,0.0,0.0,12.0,1.0,0.0,1.0,54000.0,0.0,0.0,51.0,0.0,8.0,59.0,1,,,27.948008128520225,62.0003904249872,79.91416666666667,,,0.0,0.0,0.0,0.0,0.0
310094,north central,plateau,shendam,rural,1344.0,2019,1070,guinea corn (sorghum),2.233829975128174,200.0,25933.33203125,25933.33203125,0.7790319919586182,0.7790319919586182,0.0,0.7333333492279053,0.7333333492279053,0.7790319919586182,0.7790319919586182,0.0,0.0,2.899199951440096,2.899199951440096,2.899199951440096,0.0,0.0,0.0,0.0,0.0,0.0,0.0,0.0,0.0,0.0,0.0,0.0,0.0,0.0,0.0,0.0,74.0,0.0,0.0,74.0,1,,,27.948008128520225,62.0003904249872,79.91416666666667,,,0.0,0.0,0.0,0.0,0.0
310095,north central,plateau,shendam,rural,1344.0,2019,1070,guinea corn (sorghum),1.4327900111675262,500.0,64833.330078125,120000.0,0.6361938938498497,0.6361938938498497,0.0,1.2314814776182175,1.2314814776182175,0.6361938938498497,0.6361938938498497,12000.0,100.0,3.290399983525276,3.290399983525276,3.290399983525276,286.5,99.0,90.75,0.0,825.0,300.0,1125.0,0.0,0.0,22.0,1.0,0.0,1.0,876000.0,0.0,0.0,342.0,30.0,62.0,434.0,1,,,27.948008128520225,62.0003904249872,79.91416666666667,,,0.0,0.0,0.0,0.0,0.0
310096,north central,plateau,shendam,rural,1344.0,2019,1070,guinea corn (sorghum),0.19450999796390533,300.0,38900.0,38900.0,0.07780399918556213,0.07780399918556213,0.0,0.4000000059604645,0.4000000059604645,0.07780399918556213,0.07780399918556213,0.0,0.0,0.5559199899435043,0.5559199899435043,0.5559199899435043,86.0,42.0,38.5,0.0,350.0,50.0,400.0,0.0,0.0,8.0,1.0,0.0,1.0,0.0,0.0,0.0,307.0,33.0,373.0,713.0,1,,,27.948008128520225,62.0003904249872,79.91416666666667,,,0.0,0.0,0.0,0.0,0.0
310097,north central,plateau,shendam,rural,1344.0,2019,1070,guinea corn (sorghum),1.1814380139112473,300.0,38899.998046875,38899.998046875,0.5222306773066521,0.5222306773066521,0.0,1.3333333432674408,1.3333333432674408,0.4774366766214371,0.4774366766214371,0.0,0.0,1.662648007273674,1.662648007273674,1.662648007273674,50.0,18.0,16.5,0.0,150.0,50.0,200.0,0.0,0.0,3.0,1.0,0.0,1.0,15000.0,0.0,0.0,36.0,0.0,10.0,46.0,1,,,27.948008128520225,62.0003904249872,79.91416666666667,,,0.0,0.0,0.0,0.0,0.0
310099,north central,plateau,shendam,rural,1344.0,2019,1070,guinea corn (sorghum),1.3162299990653992,200.0,25933.33203125,25933.33203125,0.5499166697263718,0.5499166697263718,0.0,0.8333333432674408,0.8333333432674408,0.5499166697263718,0.5499166697263718,0.0,0.0,2.126800000667572,2.126800000667572,2.126800000667572,45.0,30.0,27.5,0.0,250.0,0.0,250.0,0.0,0.0,10.0,1.0,0.0,1.0,320000.0,0.0,0.0,25.0,0.0,25.0,50.0,1,,,27.948008128520225,62.0003904249872,79.91416666666667,,,0.0,0.0,0.0,0.0,0.0
310100,north central,plateau,shendam,rural,1344.0,2019,1070,guinea corn (sorghum),1.7529480457305908,250.0,32416.666015625,32416.666015625,0.6741310358047485,0.6741310358047485,0.0,0.8333333432674408,0.8333333432674408,0.6741310358047485,0.6741310358047485,0.0,0.0,2.6396940238773823,2.6396940238773823,2.6396940238773823,0.0,0.0,0.0,1.0,0.0,0.0,0.0,100.0,0.0,7.0,0.0,0.0,1.0,12000.0,0.0,0.0,10.0,0.0,0.0,10.0,1,,,27.948008128520225,62.0003904249872,79.91416666666667,,,0.0,0.0,0.0,0.0,0.0
319025,north central,plateau,langtang north,rural,334.0,2019,1070,guinea corn (sorghum),0.3743399977684021,200.0,25933.33203125,25933.33203125,0.18716999888420105,0.18716999888420105,0.0,0.5,0.5,0.18716999888420105,0.18716999888420105,0.0,0.0,0.3743399977684021,0.3743399977684021,0.3743399977684021,0.0,0.0,0.0,4.0,0.0,0.0,0.0,400.0,0.0,2.0,0.0,0.0,1.0,0.0,0.0,0.0,62.0,20.0,53.0,135.0,1,,,27.64865821812596,58.72514816948285,76.11833333333333,,,0.0,0.0,0.0,0.0,0.0
319026,north central,plateau,langtang north,rural,334.0,2019,1070,guinea corn (sorghum),1.238249957561493,400.0,51866.666015625,51866.666015625,0.8798200786113739,0.8798200786113739,0.0,1.3300000131130219,1.3333333432674408,0.8798200786113739,0.8798200786113739,0.0,0.0,2.99507600069046,2.590389996767044,2.99507600069046,36.0,24.0,22.0,0.0,200.0,0.0,200.0,0.0,0.0,18.0,1.0,0.0,1.0,446900.0,0.0,0.0,214.0,40.0,15.0,269.0,1,,,27.64865821812596,58.72514816948285,76.11833333333333,,,0.0,0.0,0.0,0.0,0.0
319027,north central,plateau,langtang north,rural,334.0,2019,1070,guinea corn (sorghum),1.4467699974775314,600.0,77799.998046875,77799.998046875,0.32026804983615875,0.32026804983615875,0.0,0.5388607680797577,0.6064511239528656,0.2709759473800659,0.2709759473800659,0.0,0.0,1.6498199999332428,1.6498199999332428,1.6498199999332428,0.0,0.0,0.0,9.0,0.0,0.0,0.0,900.0,0.0,4.0,0.0,0.0,1.0,26400.0,0.0,0.0,145.0,7.0,24.0,176.0,1,,,27.64865821812596,58.72514816948285,76.11833333333333,,,0.0,0.0,0.0,0.0,0.0
319029,north central,plateau,langtang north,rural,334.0,2019,1070,guinea corn (sorghum),0.48500001430511475,100.0,12966.666015625,12966.666015625,0.24250000715255737,0.08002500236034393,0.0,0.5,0.5,0.08002500236034393,0.24250000715255737,0.0,0.0,2.552996016573161,2.552996016573161,2.552996016573161,0.0,0.0,0.0,26.0,0.0,0.0,0.0,2600.0,0.0,12.0,0.0,0.0,1.0,24000.0,0.0,0.0,73.0,76.0,69.0,218.0,1,,,27.64865821812596,58.72514816948285,76.11833333333333,,,0.0,0.0,0.0,0.0,0.0
319030,north central,plateau,langtang north,rural,334.0,2019,1070,guinea corn (sorghum),0.9577999711036682,400.0,51866.6640625,51866.6640625,0.9577999711036682,0.9577999711036682,0.0,1.0,1.0,0.9577999711036682,0.9577999711036682,0.0,0.0,2.8232759535312653,2.8232759535312653,2.8232759535312653,31.5,21.0,19.25,12.0,175.0,0.0,175.0,1200.0,0.0,14.0,1.0,0.0,1.0,163200.0,0.0,0.0,173.0,37.0,90.0,300.0,1,,,27.64865821812596,58.72514816948285,76.11833333333333,,,0.0,0.0,0.0,0.0,0.0
319034,north central,plateau,langtang north,rural,334.0,2019,1070,guinea corn (sorghum),1.1354500353336334,200.0,25933.33203125,25933.33203125,0.5677250176668167,0.5677250176668167,0.0,1.0,1.0,0.5677250176668167,0.5677250176668167,0.0,0.0,1.7591100335121155,1.7591100335121155,1.7591100335121155,18.0,12.0,11.0,10.0,100.0,0.0,100.0,1000.0,0.0,23.0,1.0,0.0,1.0,300000.0,0.0,0.0,14.0,30.0,7.0,51.0,1,,,27.64865821812596,58.72514816948285,76.11833333333333,,,0.0,0.0,0.0,0.0,0.0
319036,north central,plateau,langtang north,rural,334.0,2019,1070,guinea corn (sorghum),1.6536100506782532,800.0,103733.328125,103733.328125,1.1309750378131866,1.1309750378131866,0.0,2.5,2.5,1.1309750378131866,1.1309750378131866,0.0,0.0,2.011381046846509,2.011381046846509,2.011381046846509,0.0,0.0,0.0,11.0,0.0,0.0,0.0,1100.0,0.0,9.0,0.0,0.0,1.0,75600.0,0.0,0.0,14.0,0.0,12.0,26.0,1,,,27.64865821812596,58.72514816948285,76.11833333333333,,,0.0,0.0,0.0,0.0,0.0
319052,north central,plateau,pankshin,rural,870.0,2019,1070,guinea corn (sorghum),0.40468600392341614,300.0,38900.0,38900.0,0.20234300196170807,0.20234300196170807,0.0,0.5,0.5,0.20234300196170807,0.20234300196170807,0.0,0.0,0.5226250030100346,0.5226250030100346,0.5226250030100346,22.968,3.72,3.41,0.0,31.0,37.8,68.8,0.0,0.0,0.0,1.0,0.0,0.0,0.0,0.0,0.0,54.0,11.0,0.0,65.0,1,,,26.55906412532296,64.52221526442385,103.43658069024184,,,0.0,0.0,0.0,0.0,0.0
319058,north central,plateau,pankshin,rural,870.0,2019,1070,guinea corn (sorghum),0.40468600392341614,200.0,25933.33203125,25933.33203125,0.40468600392341614,0.40468600392341614,0.0,1.0,1.0,0.40468600392341614,0.40468600392341614,0.0,0.0,1.162202000617981,1.162202000617981,1.162202000617981,63.0,42.0,38.5,0.0,350.0,0.0,350.0,0.0,0.0,4.0,1.0,0.0,1.0,112800.0,300000.0,0.0,36.0,15.0,30.0,81.0,1,,,26.55906412532296,64.52221526442385,103.43658069024184,,,0.0,0.0,0.0,0.0,0.0
319063,north central,plateau,wase,rural,1288.0,2019,1070,guinea corn (sorghum),2.280100107192993,1700.0,220433.328125,220433.328125,2.280100107192993,2.280100107192993,0.0,1.0,1.0,2.280100107192993,2.280100107192993,0.0,0.0,8.19700002670288,8.19700002670288,8.19700002670288,99.0,66.0,60.5,0.0,550.0,0.0,550.0,0.0,0.0,89.0,1.0,0.0,1.0,0.0,0.0,0.0,39.0,264.0,0.0,303.0,1,,,26.55906412532296,64.52221526442385,103.43658069024184,,,0.0,0.0,0.0,0.0,0.0
319069,north central,plateau,wase,rural,1288.0,2019,1070,guinea corn (sorghum),2.126389980316162,550.0,71316.6640625,71316.6640625,0.9070633351802826,0.9070633351802826,0.0,0.8333333432674408,0.8333333432674408,0.9070633351802826,0.9070633351802826,0.0,0.0,3.471780002117157,3.471780002117157,3.471780002117157,81.0,54.0,49.5,0.0,450.0,0.0,450.0,0.0,3.0,25.0,1.0,1.0,1.0,119000.0,1200000.0,0.0,54.0,50.0,0.0,104.0,1,,,26.55906412532296,64.52221526442385,103.43658069024184,,,0.0,0.0,0.0,0.0,0.0
319070,north central,plateau,wase,rural,1288.0,2019,1070,guinea corn (sorghum),1.3379000425338745,500.0,64833.33203125,95000.0,0.4415070414543152,0.4415070414543152,0.0,0.33000001311302185,0.39759036898612976,0.4415070414543152,0.4415070414543152,28500.0,300.0,4.378129042685032,3.9734430387616158,4.378129042685032,9.0,6.0,5.5,38.0,50.0,0.0,50.0,3800.0,0.0,17.0,1.0,0.0,1.0,0.0,0.0,0.0,129.0,64.0,11.0,204.0,1,,,26.55906412532296,64.52221526442385,103.43658069024184,,,0.0,0.0,0.0,0.0,0.0
319072,north central,plateau,wase,rural,1288.0,2019,1070,guinea corn (sorghum),1.5968699753284454,350.0,47750.0,47750.0,0.6716079898178577,0.6716079898178577,0.0,0.7610344588756561,0.8286248445510864,0.6716079898178577,0.6716079898178577,0.0,0.0,5.503430888056755,4.89640186727047,5.503430888056755,41.0,12.0,11.0,3.0,100.0,50.0,150.0,300.0,0.0,35.0,1.0,0.0,1.0,0.0,0.0,0.0,48.0,125.0,35.0,208.0,1,,,26.55906412532296,64.52221526442385,103.43658069024184,,,0.0,0.0,0.0,0.0,0.0
319083,north central,plateau,wase,rural,1288.0,2019,1070,guinea corn (sorghum),0.337009996175766,200.0,25933.33203125,25933.33203125,0.168504998087883,0.168504998087883,0.0,0.5,0.5,0.168504998087883,0.168504998087883,0.0,0.0,1.2672099769115448,1.2672099769115448,1.2672099769115448,56.5,30.0,27.5,0.0,250.0,25.0,275.0,0.0,0.0,8.0,1.0,0.0,1.0,0.0,0.0,0.0,49.0,107.0,0.0,156.0,1,,,26.55906412532296,64.52221526442385,103.43658069024184,,,0.0,0.0,0.0,0.0,0.0
330031,north west,sokoto,yabo,rural,92.0,2019,1070,guinea corn (sorghum),2.743072085082531,100.0,15000.0,0.0,0.9143573623150587,0.9143573623150587,0.0,1.0000000298023224,1.0000000298023224,0.8872666954994202,0.8872666954994202,0.0,0.0,2.8311180863529444,2.8311180863529444,2.8311180863529444,2.944,0.0,0.0,12.5,0.0,6.4,6.4,1250.0,2.0,0.0,1.0,1.0,0.0,308400.0,0.0,0.0,122.0,119.0,0.0,241.0,1,,,27.342724718381977,48.751867447516645,90.6775,,,0.0,0.0,0.0,0.0,0.0
330032,north west,sokoto,yabo,rural,92.0,2019,1070,guinea corn (sorghum),2.827500104904175,200.0,39000.0,39000.0,0.9425000548362732,0.9425000548362732,0.0,0.3333333432674408,0.3333333432674408,0.9425000548362732,0.9425000548362732,0.0,0.0,2.827500104904175,2.827500104904175,2.827500104904175,0.0,0.0,0.0,50.0,0.0,0.0,0.0,5000.0,0.0,0.0,0.0,0.0,0.0,36000.0,0.0,0.0,111.0,67.0,1.0,179.0,1,,,27.342724718381977,48.751867447516645,90.6775,,,0.0,0.0,0.0,0.0,0.0
330034,north west,sokoto,yabo,rural,92.0,2019,1070,guinea corn (sorghum),1.6863900274038315,200.0,39000.0,39000.0,0.5621300116181374,0.5621300116181374,0.0,1.3333333730697632,1.3333333730697632,0.5136866793036461,0.5136866793036461,0.0,0.0,2.345226002857089,2.345226002857089,2.345226002857089,266.0,24.0,22.0,0.0,200.0,500.0,700.0,0.0,0.0,0.0,1.0,0.0,0.0,0.0,240000.0,0.0,18.0,12.0,0.0,30.0,1,,,27.342724718381977,48.751867447516645,90.6775,,,0.0,0.0,0.0,0.0,0.0
330037,north west,sokoto,yabo,rural,92.0,2019,1070,guinea corn (sorghum),2.709700107574463,0.0,0.0,0.0,0.9032334089279175,0.0,0.0,0.3333333432674408,0.3333333432674408,0.0,0.9032334089279175,0.0,0.0,3.096980094909668,3.096980094909668,3.096980094909668,36.8,0.0,0.0,3.0,0.0,80.0,80.0,300.0,1.0,0.0,1.0,1.0,0.0,0.0,0.0,0.0,14.0,65.0,70.0,149.0,1,,,27.342724718381977,48.751867447516645,90.6775,,,0.0,0.0,0.0,0.0,0.0
330039,north west,sokoto,yabo,rural,92.0,2019,1070,guinea corn (sorghum),2.354400008916855,375.0,72000.0,68250.0,0.8107066750526428,0.8107066750526428,0.0,1.1666666865348816,1.1666666865348816,0.8107066750526428,0.8107066750526428,0.0,0.0,2.354400008916855,2.354400008916855,2.354400008916855,69.0,0.0,0.0,30.0,0.0,150.0,150.0,3000.0,0.0,0.0,1.0,0.0,0.0,113100.0,0.0,0.0,234.0,100.0,50.0,384.0,1,,,27.342724718381977,48.751867447516645,90.6775,,,0.0,0.0,0.0,0.0,0.0
330040,north west,sokoto,yabo,rural,92.0,2019,1070,guinea corn (sorghum),0.2678999900817871,0.0,0.0,0.0,0.10715999454259872,0.0,0.0,0.4000000059604645,0.4000000059604645,0.0,0.10715999454259872,0.0,0.0,0.8021200001239777,0.8021200001239777,0.8021200001239777,138.0,0.0,0.0,7.5,0.0,300.0,300.0,750.0,2.0,6.0,1.0,1.0,1.0,30000.0,0.0,0.0,44.0,244.0,50.0,338.0,1,,,27.342724718381977,48.751867447516645,90.6775,,,0.0,0.0,0.0,0.0,0.0
330051,north west,sokoto,sabon birni,rural,930.0,2019,1070,guinea corn (sorghum),1.3201099634170532,200.0,39000.0,39000.0,0.44003666937351227,0.44003666937351227,0.0,0.6666666865348816,0.6666666865348816,0.44003666937351227,0.44003666937351227,0.0,0.0,1.3201099634170532,1.3201099634170532,1.3201099634170532,0.0,0.0,0.0,35.0,0.0,0.0,0.0,3500.0,0.0,0.0,0.0,0.0,0.0,633600.0,0.0,0.0,59.0,87.0,6.0,152.0,1,,,27.95228091397849,40.61655177931387,50.9275,,,0.0,0.0,0.0,0.0,0.0
330052,north west,sokoto,sabon birni,rural,930.0,2019,1070,guinea corn (sorghum),1.7124720215797424,400.0,60000.0,60000.0,0.5708240196108818,0.5708240196108818,0.0,1.0000000298023224,1.0000000298023224,0.5708240196108818,0.5708240196108818,0.0,0.0,4.268856048583984,4.268856048583984,4.268856048583984,0.0,0.0,0.0,70.0,0.0,0.0,0.0,7000.0,5.0,0.0,0.0,1.0,0.0,259200.0,0.0,0.0,23.0,30.0,4.0,57.0,1,,,27.95228091397849,40.61655177931387,50.9275,,,0.0,0.0,0.0,0.0,0.0
330055,north west,sokoto,sabon birni,rural,930.0,2019,1070,guinea corn (sorghum),1.17644003033638,225.0,43875.0,43875.0,0.4339790642261505,0.4339790642261505,0.0,0.761904776096344,0.761904776096344,0.4339790642261505,0.4339790642261505,0.0,0.0,1.17644003033638,1.17644003033638,1.17644003033638,69.0,0.0,0.0,9.0,0.0,150.0,150.0,900.0,0.0,0.0,1.0,0.0,0.0,567600.0,0.0,0.0,25.0,98.0,0.0,123.0,1,,,27.95228091397849,40.61655177931387,50.9275,,,0.0,0.0,0.0,0.0,0.0
330056,north west,sokoto,sabon birni,rural,930.0,2019,1070,guinea corn (sorghum),1.402530014514923,50.0,9750.0,9750.0,0.41622667014598846,0.26237666606903076,0.0,0.5833333432674408,0.5833333432674408,0.26237666606903076,0.41622667014598846,0.0,0.0,1.8072160184383392,1.8072160184383392,1.8072160184383392,0.0,0.0,0.0,5.5,0.0,0.0,0.0,550.0,3.5,0.0,0.0,1.0,0.0,771120.0,0.0,0.0,16.0,4.0,0.0,20.0,1,,,27.95228091397849,40.61655177931387,50.9275,,,0.0,0.0,0.0,0.0,0.0
330057,north west,sokoto,sabon birni,rural,930.0,2019,1070,guinea corn (sorghum),5.272650927305222,525.0,102375.0,102375.0,2.3933503180742264,1.362338650971651,0.0,1.944444477558136,1.944444477558136,1.3332533165812492,2.3332533165812492,0.0,0.0,5.272650927305222,5.272650927305222,5.272650927305222,81.0,54.0,49.5,0.0,450.0,0.0,450.0,0.0,11.0,1.0,1.0,1.0,1.0,538200.0,0.0,0.0,32.0,370.0,0.0,402.0,1,,,27.95228091397849,40.61655177931387,50.9275,,,0.0,0.0,0.0,0.0,0.0
330058,north west,sokoto,sabon birni,rural,930.0,2019,1070,guinea corn (sorghum),1.1264700144529343,250.0,48750.0,48750.0,0.5632350072264671,0.5632350072264671,0.0,1.5,1.5,0.5632350072264671,0.5632350072264671,0.0,0.0,2.573580041527748,2.573580041527748,2.573580041527748,0.0,0.0,0.0,80.0,0.0,0.0,0.0,8000.0,2.0,0.0,0.0,1.0,0.0,6400.0,0.0,0.0,19.0,0.0,0.0,19.0,1,,,27.95228091397849,40.61655177931387,50.9275,,,0.0,0.0,0.0,0.0,0.0
330059,north west,sokoto,sabon birni,rural,930.0,2019,1070,guinea corn (sorghum),1.753048062324524,450.0,87750.0,87750.0,0.4831778556108475,0.4831778556108475,0.0,0.5833333432674408,0.5833333432674408,0.4831778556108475,0.4831778556108475,0.0,0.0,1.753048062324524,1.753048062324524,1.753048062324524,4.5792,3.0528,2.7984,11.0,25.439999,0.0,25.439999,1100.0,1.0,0.0,1.0,1.0,0.0,230400.0,0.0,0.0,174.0,2.0,0.0,176.0,1,,,27.95228091397849,40.61655177931387,50.9275,,,0.0,0.0,0.0,0.0,0.0
330060,north west,sokoto,sabon birni,rural,930.0,2019,1070,guinea corn (sorghum),1.9991740137338638,400.0,78000.0,78000.0,0.6663913577795029,0.6663913577795029,0.0,1.0000000298023224,1.0000000298023224,0.6663913577795029,0.6663913577795029,0.0,0.0,1.9991740137338638,1.9991740137338638,1.9991740137338638,0.0,0.0,0.0,22.5,0.0,0.0,0.0,2250.0,0.0,0.0,0.0,0.0,0.0,141100.0,0.0,0.0,24.0,38.0,0.0,62.0,1,,,27.95228091397849,40.61655177931387,50.9275,,,0.0,0.0,0.0,0.0,0.0
330061,north west,sokoto,gada,rural,418.0,2019,1070,guinea corn (sorghum),3.0703200101852417,432.5,64875.0,45000.0,1.0234400257468224,1.0234400257468224,0.0,2.0000000596046448,2.0000000596046448,0.987113356590271,0.987113356590271,0.0,0.0,3.0703200101852417,3.0703200101852417,3.0703200101852417,0.0,0.0,0.0,75.5,0.0,0.0,0.0,7550.0,0.0,0.0,0.0,0.0,0.0,12000.0,0.0,0.0,11.0,84.0,50.0,145.0,1,,,28.19022452636969,38.59322919866872,51.3875,,,0.0,0.0,0.0,0.0,0.0
330062,north west,sokoto,gada,rural,418.0,2019,1070,guinea corn (sorghum),0.5363499820232391,58.30000114440918,8745.000244140625,0.0,0.1787833385169506,0.1787833385169506,0.0,0.6666666865348816,0.6666666865348816,0.1787833385169506,0.1787833385169506,0.0,0.0,0.5363499820232391,0.5363499820232391,0.5363499820232391,0.0,0.0,0.0,6.0,0.0,0.0,0.0,600.0,0.0,0.0,0.0,0.0,0.0,0.0,0.0,0.0,61.0,1.0,0.0,62.0,1,,,28.19022452636969,38.59322919866872,51.3875,,,0.0,0.0,0.0,0.0,0.0
330063,north west,sokoto,gada,rural,418.0,2019,1070,guinea corn (sorghum),3.364490032196045,300.0,58500.0,58500.0,1.1214967221021652,1.1214967221021652,0.0,1.3333333730697632,1.3333333730697632,1.1214967221021652,1.1214967221021652,0.0,0.0,3.364490032196045,3.364490032196045,3.364490032196045,0.0,0.0,0.0,50.0,0.0,0.0,0.0,5000.0,0.0,0.0,0.0,0.0,0.0,204000.0,0.0,0.0,26.0,186.0,0.0,212.0,1,,,28.19022452636969,38.59322919866872,51.3875,,,0.0,0.0,0.0,0.0,0.0
330064,north west,sokoto,gada,rural,418.0,2019,1070,guinea corn (sorghum),1.8807100355625153,174.2000026702881,26130.0,15000.0,0.626903347671032,0.626903347671032,0.0,1.3333333730697632,1.3333333730697632,0.5815800130367279,0.5815800130367279,0.0,0.0,1.8807100355625153,1.8807100355625153,1.8807100355625153,0.0,0.0,0.0,95.0,0.0,0.0,0.0,9500.0,0.0,0.0,0.0,0.0,0.0,138000.0,0.0,0.0,33.0,17.0,1.0,51.0,1,,,28.19022452636969,38.59322919866872,51.3875,,,0.0,0.0,0.0,0.0,0.0
330065,north west,sokoto,gada,rural,418.0,2019,1070,guinea corn (sorghum),0.7244399785995483,100.0,19500.0,19500.0,0.2414799928665161,0.2414799928665161,0.0,0.3333333432674408,0.3333333432674408,0.2414799928665161,0.2414799928665161,0.0,0.0,0.7244399785995483,0.7244399785995483,0.7244399785995483,3.0528,2.0351999,1.8655999,2.5,16.96,0.0,16.96,250.0,0.0,0.0,1.0,0.0,0.0,0.0,0.0,0.0,22.0,92.0,18.0,132.0,1,,,28.19022452636969,38.59322919866872,51.3875,,,0.0,0.0,0.0,0.0,0.0
330066,north west,sokoto,gada,rural,418.0,2019,1070,guinea corn (sorghum),0.720660001039505,250.0,48750.0,90000.0,0.24022001028060913,0.24022001028060913,0.0,0.6666666865348816,0.6666666865348816,0.24022001028060913,0.24022001028060913,27000.0,150.0,0.720660001039505,0.720660001039505,0.720660001039505,3.7719998,0.0,0.0,8.0,0.0,8.2,8.2,800.0,0.0,0.0,1.0,0.0,0.0,0.0,0.0,0.0,38.0,93.0,0.0,131.0,1,,,28.19022452636969,38.59322919866872,51.3875,,,0.0,0.0,0.0,0.0,0.0
330067,north west,sokoto,gada,rural,418.0,2019,1070,guinea corn (sorghum),1.1833500117063522,300.0,58500.0,58500.0,0.49715834856033325,0.24759334325790405,0.0,1.6666666865348816,1.6666666865348816,0.24759334325790405,0.49715834856033325,0.0,0.0,1.1833500117063522,1.1833500117063522,1.1833500117063522,2.3943,0.0,0.0,3.7,0.0,5.205,5.205,370.0,0.0,0.0,1.0,0.0,0.0,102000.0,20000.0,0.0,51.0,0.0,6.0,57.0,1,,,28.19022452636969,38.59322919866872,51.3875,,,0.0,0.0,0.0,0.0,0.0
330068,north west,sokoto,gada,rural,418.0,2019,1070,guinea corn (sorghum),1.2225299924612045,200.0,39000.0,39000.0,0.40751001238822937,0.40751001238822937,0.0,1.0000000298023224,1.0000000298023224,0.40751001238822937,0.40751001238822937,0.0,0.0,1.2225299924612045,1.2225299924612045,1.2225299924612045,7.632,5.088,4.6639996,25.0,42.399998,0.0,42.399998,2500.0,0.0,0.0,1.0,0.0,0.0,138000.0,0.0,0.0,160.0,9.0,0.0,169.0,1,,,28.19022452636969,38.59322919866872,51.3875,,,0.0,0.0,0.0,0.0,0.0
330069,north west,sokoto,gada,rural,418.0,2019,1070,guinea corn (sorghum),1.8005200624465942,500.0,97500.0,97500.0,0.6001733839511871,0.6001733839511871,0.0,0.6666666865348816,0.6666666865348816,0.6001733839511871,0.6001733839511871,0.0,0.0,1.8005200624465942,1.8005200624465942,1.8005200624465942,0.0,0.0,0.0,32.5,0.0,0.0,0.0,3250.0,0.0,0.0,0.0,0.0,0.0,112500.0,0.0,0.0,108.0,26.0,0.0,134.0,1,,,28.19022452636969,38.59322919866872,51.3875,,,0.0,0.0,0.0,0.0,0.0
330070,north west,sokoto,gada,rural,418.0,2019,1070,guinea corn (sorghum),1.1596449986100197,375.0,73125.0,73125.0,0.38654833287000656,0.38654833287000656,0.0,1.0000000298023224,1.0000000298023224,0.3543500006198883,0.3543500006198883,0.0,0.0,1.1596449986100197,1.1596449986100197,1.1596449986100197,10.375299,0.0,0.0,10.5,0.0,22.555,22.555,1050.0,2.5,0.0,1.0,1.0,0.0,158400.0,0.0,0.0,81.0,486.0,0.0,567.0,1,,,28.19022452636969,38.59322919866872,51.3875,,,0.0,0.0,0.0,0.0,0.0
339001,north west,sokoto,bodinga,rural,816.0,2019,1070,guinea corn (sorghum),1.1209600120782852,350.0,68250.0,68250.0,0.373653344810009,0.373653344810009,0.0,1.3333333730697632,1.3333333730697632,0.279366672039032,0.279366672039032,0.0,0.0,1.1209600120782852,1.1209600120782852,1.1209600120782852,0.0,0.0,0.0,125.0,0.0,0.0,0.0,12500.0,0.0,0.0,0.0,0.0,0.0,25000.0,0.0,0.0,43.0,10.0,30.0,83.0,1,,,26.55906412532296,64.52221526442385,103.43658069024184,,,0.0,0.0,0.0,0.0,0.0
339002,north west,sokoto,bodinga,rural,816.0,2019,1070,guinea corn (sorghum),1.1545000076293945,0.0,0.0,0.0,0.38483333587646484,0.0,0.0,0.3333333432674408,0.3333333432674408,0.0,0.38483333587646484,0.0,0.0,1.1545000076293945,1.1545000076293945,1.1545000076293945,0.0,0.0,0.0,0.5,0.0,0.0,0.0,50.0,0.0,0.0,0.0,0.0,0.0,104400.0,0.0,0.0,42.0,74.0,0.0,116.0,1,,,26.55906412532296,64.52221526442385,103.43658069024184,,,0.0,0.0,0.0,0.0,0.0
339003,north west,sokoto,bodinga,rural,816.0,2019,1070,guinea corn (sorghum),0.282039999961853,200.0,30000.0,30000.0,0.09401333332061768,0.09401333332061768,0.0,0.3333333432674408,0.3333333432674408,0.09401333332061768,0.09401333332061768,0.0,0.0,0.282039999961853,0.282039999961853,0.282039999961853,46.0,0.0,0.0,37.5,0.0,100.0,100.0,3750.0,0.0,0.0,1.0,0.0,0.0,180000.0,0.0,0.0,166.0,81.0,0.0,247.0,1,,,26.55906412532296,64.52221526442385,103.43658069024184,,,0.0,0.0,0.0,0.0,0.0
339004,north west,sokoto,bodinga,rural,816.0,2019,1070,guinea corn (sorghum),0.07600600272417068,100.0,15000.0,15000.0,0.02533533424139023,0.02533533424139023,0.0,0.3333333432674408,0.3333333432674408,0.0,0.0,0.0,0.0,0.41209401935338974,0.41209401935338974,0.41209401935338974,0.0,0.0,0.0,0.75,0.0,0.0,0.0,75.0,0.0,0.0,0.0,0.0,0.0,90000.0,0.0,0.0,9.0,4.0,35.0,48.0,1,,,26.55906412532296,64.52221526442385,103.43658069024184,,,0.0,0.0,0.0,0.0,0.0
339005,north west,sokoto,bodinga,rural,816.0,2019,1070,guinea corn (sorghum),0.5021629929542542,275.0,52500.0,90000.0,0.16738766990602016,0.16738766990602016,0.0,1.3333333730697632,1.3333333730697632,0.11881333589553833,0.11881333589553833,36000.0,200.0,0.5021629929542542,0.5021629929542542,0.5021629929542542,0.0,0.0,0.0,15.0,0.0,0.0,0.0,1500.0,0.0,0.0,0.0,0.0,0.0,2466000.0,0.0,0.0,10.0,16.0,0.0,26.0,1,,,26.55906412532296,64.52221526442385,103.43658069024184,,,0.0,0.0,0.0,0.0,0.0
339006,north west,sokoto,bodinga,rural,816.0,2019,1070,guinea corn (sorghum),0.6376780122518539,424.0500011444092,63607.5,45000.0,0.21255934424698353,0.21255934424698353,0.0,1.0000000298023224,1.0000000298023224,0.15238334238529205,0.15238334238529205,0.0,0.0,0.6376780122518539,0.6376780122518539,0.6376780122518539,0.0,0.0,0.0,167.5,0.0,0.0,0.0,16750.0,0.0,0.0,0.0,0.0,0.0,105600.0,0.0,0.0,12.0,68.0,0.0,80.0,1,,,26.55906412532296,64.52221526442385,103.43658069024184,,,0.0,0.0,0.0,0.0,0.0
339009,north west,sokoto,bodinga,rural,816.0,2019,1070,guinea corn (sorghum),0.22623999416828156,45.79999923706055,6870.0,0.0,0.07541333138942719,0.07541333138942719,0.0,0.3333333432674408,0.3333333432674408,0.07541333138942719,0.07541333138942719,0.0,0.0,0.22623999416828156,0.22623999416828156,0.22623999416828156,23.0,0.0,0.0,0.0,0.0,50.0,50.0,0.0,0.0,0.0,1.0,0.0,0.0,5079600.0,0.0,0.0,14.0,25.0,21.0,60.0,1,,,26.55906412532296,64.52221526442385,103.43658069024184,,,0.0,0.0,0.0,0.0,0.0
339011,north west,sokoto,bodinga,rural,816.0,2019,1070,guinea corn (sorghum),0.2624079957604408,125.0,18750.0,0.0,0.08746933378279209,0.08746933378279209,0.0,1.0000000298023224,1.0000000298023224,0.0,0.0,0.0,0.0,0.2624079957604408,0.2624079957604408,0.2624079957604408,0.0,0.0,0.0,30.0,0.0,0.0,0.0,3000.0,0.0,0.0,0.0,0.0,0.0,1748400.0,0.0,0.0,10.0,20.0,41.0,71.0,1,,,26.55906412532296,64.52221526442385,103.43658069024184,,,0.0,0.0,0.0,0.0,0.0
339012,north west,sokoto,bodinga,rural,816.0,2019,1070,guinea corn (sorghum),0.2288140058517456,47.89999961853027,7185.0,0.0,0.07627133838832378,0.07627133838832378,0.0,0.6666666865348816,0.6666666865348816,0.05004333704710007,0.05004333704710007,0.0,0.0,0.2288140058517456,0.2288140058517456,0.2288140058517456,0.0,0.0,0.0,4.5,0.0,0.0,0.0,450.0,0.0,0.0,0.0,0.0,0.0,355200.0,0.0,0.0,5.0,12.0,4.0,21.0,1,,,26.55906412532296,64.52221526442385,103.43658069024184,,,0.0,0.0,0.0,0.0,0.0
339037,north west,sokoto,wamakko,rural,118.0,2019,1070,guinea corn (sorghum),0.754226990044117,300.0,51750.0,44250.0,0.2514090035110712,0.2514090035110712,0.0,2.0000000596046448,2.0000000596046448,0.13448667153716087,0.13448667153716087,0.0,0.0,0.754226990044117,0.754226990044117,0.754226990044117,0.0,0.0,0.0,60.0,0.0,0.0,0.0,6000.0,0.0,0.0,0.0,0.0,0.0,394800.0,0.0,0.0,25.0,15.0,0.0,40.0,1,,,26.55906412532296,64.52221526442385,103.43658069024184,,,0.0,0.0,0.0,0.0,0.0
339038,north west,sokoto,wamakko,rural,118.0,2019,1070,guinea corn (sorghum),0.454396003857255,225.25,33787.5,0.0,0.1539725074544549,0.1539725074544549,0.0,1.5000000298023224,1.5000000298023224,0.08325333893299103,0.08325333893299103,0.0,0.0,0.454396003857255,0.454396003857255,0.454396003857255,0.0,0.0,0.0,100.0,0.0,0.0,0.0,10000.0,0.0,0.0,0.0,0.0,0.0,3082800.0,0.0,0.0,32.0,0.0,5.0,37.0,1,,,26.55906412532296,64.52221526442385,103.43658069024184,,,0.0,0.0,0.0,0.0,0.0
339040,north west,sokoto,wamakko,rural,118.0,2019,1070,guinea corn (sorghum),1.9668200016021729,0.0,0.0,0.0,0.6556066870689392,0.0,0.0,1.0000000298023224,1.0000000298023224,0.0,0.6556066870689392,0.0,0.0,1.9668200016021729,1.9668200016021729,1.9668200016021729,0.0,0.0,0.0,77.5,0.0,0.0,0.0,7750.0,0.0,0.0,0.0,0.0,0.0,3547200.0,0.0,0.0,43.0,110.0,25.0,178.0,1,,,26.55906412532296,64.52221526442385,103.43658069024184,,,0.0,0.0,0.0,0.0,0.0
339042,north west,sokoto,wamakko,rural,118.0,2019,1070,guinea corn (sorghum),2.0134239941835403,225.0,36000.0,9750.0,0.6711413599550724,0.6711413599550724,0.0,2.6666667461395264,2.6666667461395264,0.6144066900014877,0.6144066900014877,0.0,0.0,2.0134239941835403,2.0134239941835403,2.0134239941835403,0.0,0.0,0.0,150.0,0.0,0.0,0.0,15000.0,0.0,0.0,0.0,0.0,0.0,0.0,0.0,0.0,38.0,81.0,20.0,139.0,1,,,26.55906412532296,64.52221526442385,103.43658069024184,,,0.0,0.0,0.0,0.0,0.0
339043,north west,sokoto,wamakko,rural,118.0,2019,1070,guinea corn (sorghum),0.5508080059662461,326.5,57975.0,39000.0,0.18360267486423254,0.18360267486423254,0.0,1.3333333730697632,1.3333333730697632,0.13489533960819244,0.13489533960819244,0.0,0.0,0.5508080059662461,0.5508080059662461,0.5508080059662461,31.5,21.0,19.25,10.0,175.0,0.0,175.0,1000.0,3.21,0.0,1.0,1.0,0.0,806000.0,0.0,0.0,0.0,22.0,29.0,51.0,1,,,26.55906412532296,64.52221526442385,103.43658069024184,,,0.0,0.0,0.0,0.0,0.0
339044,north west,sokoto,wamakko,rural,118.0,2019,1070,guinea corn (sorghum),0.4166199862957001,50.0,9750.0,9750.0,0.13887333869934082,0.13887333869934082,0.0,0.3333333432674408,0.3333333432674408,0.13887333869934082,0.13887333869934082,0.0,0.0,0.4166199862957001,0.4166199862957001,0.4166199862957001,0.0,0.0,0.0,37.5,0.0,0.0,0.0,3750.0,0.0,0.0,0.0,0.0,0.0,350160.0,0.0,0.0,31.0,74.0,0.0,105.0,1,,,26.55906412532296,64.52221526442385,103.43658069024184,,,0.0,0.0,0.0,0.0,0.0
339046,north west,sokoto,wamakko,rural,118.0,2019,1070,guinea corn (sorghum),1.095529980957508,200.0,32250.0,9750.0,0.3651766665279865,0.3651766665279865,0.0,2.3333334028720856,2.3333334028720856,0.23608333244919777,0.23608333244919777,0.0,0.0,1.095529980957508,1.095529980957508,1.095529980957508,0.0,0.0,0.0,92.5,0.0,0.0,0.0,9250.0,0.0,0.0,0.0,0.0,0.0,133100.0,0.0,0.0,16.0,41.0,0.0,57.0,1,,,26.55906412532296,64.52221526442385,103.43658069024184,,,0.0,0.0,0.0,0.0,0.0
339048,north west,sokoto,wamakko,rural,118.0,2019,1070,guinea corn (sorghum),0.5441060066223145,0.0,0.0,0.0,0.18136867508292198,0.0,0.0,0.6666666865348816,0.6666666865348816,0.0,0.13489533960819244,0.0,0.0,3.203980028629303,3.203980028629303,3.203980028629303,0.0,0.0,0.0,190.0,0.0,0.0,0.0,19000.0,0.0,0.0,0.0,0.0,0.0,217000.0,0.0,0.0,16.0,11.0,0.0,27.0,1,,,26.55906412532296,64.52221526442385,103.43658069024184,,,0.0,0.0,0.0,0.0,0.0
340052,north east,taraba,takum,rural,156.0,2019,1070,guinea corn (sorghum),0.45517998933792114,500.0,70000.0,70000.0,0.22758999466896057,0.22758999466896057,0.0,0.5,0.5,0.22758999466896057,0.22758999466896057,0.0,0.0,2.671719968318939,2.671719968318939,2.671719968318939,0.0,0.0,0.0,0.0,0.0,0.0,0.0,0.0,0.0,14.0,0.0,0.0,1.0,0.0,0.0,0.0,103.0,58.0,9.0,170.0,1,,,26.64878232206861,71.81926952124935,107.62416666666668,2017.0,islamic state west africa province (iswap) and/or boko haram - jamaatu ahli is-sunnah lid-dawati wal-jihad,1.0,8.0,16.0,2.0,0.0
340052,north east,taraba,takum,rural,156.0,2019,1070,guinea corn (sorghum),0.45517998933792114,500.0,70000.0,70000.0,0.22758999466896057,0.22758999466896057,0.0,0.5,0.5,0.22758999466896057,0.22758999466896057,0.0,0.0,2.671719968318939,2.671719968318939,2.671719968318939,0.0,0.0,0.0,0.0,0.0,0.0,0.0,0.0,0.0,14.0,0.0,0.0,1.0,0.0,0.0,0.0,103.0,58.0,9.0,170.0,1,,,26.64878232206861,71.81926952124935,107.62416666666668,2018.0,fulani ethnic militia (nigeria),1.0,13.0,21.0,5.0,0.0
340053,north east,taraba,takum,rural,156.0,2019,1070,guinea corn (sorghum),1.0408999919891357,1000.0,140000.0,140000.0,1.0408999919891357,1.0408999919891357,0.0,1.0,1.0,1.0408999919891357,1.0408999919891357,0.0,0.0,1.58713997900486,1.58713997900486,1.58713997900486,32.0,6.0,5.5,0.0,50.0,50.0,100.0,0.0,0.0,5.0,1.0,0.0,1.0,0.0,0.0,0.0,56.0,0.0,90.0,146.0,1,,,26.64878232206861,71.81926952124935,107.62416666666668,2017.0,islamic state west africa province (iswap) and/or boko haram - jamaatu ahli is-sunnah lid-dawati wal-jihad,1.0,8.0,16.0,2.0,0.0
340053,north east,taraba,takum,rural,156.0,2019,1070,guinea corn (sorghum),1.0408999919891357,1000.0,140000.0,140000.0,1.0408999919891357,1.0408999919891357,0.0,1.0,1.0,1.0408999919891357,1.0408999919891357,0.0,0.0,1.58713997900486,1.58713997900486,1.58713997900486,32.0,6.0,5.5,0.0,50.0,50.0,100.0,0.0,0.0,5.0,1.0,0.0,1.0,0.0,0.0,0.0,56.0,0.0,90.0,146.0,1,,,26.64878232206861,71.81926952124935,107.62416666666668,2018.0,fulani ethnic militia (nigeria),1.0,13.0,21.0,5.0,0.0
340060,north east,taraba,takum,rural,156.0,2019,1070,guinea corn (sorghum),1.042799949645996,450.0,85500.0,85500.0,1.042799949645996,1.042799949645996,0.0,1.0,1.0,1.042799949645996,1.042799949645996,0.0,0.0,1.7422999404370785,1.71029993891716,1.71029993891716,0.0,0.0,0.0,0.0,0.0,0.0,0.0,0.0,0.0,8.0,0.0,0.0,1.0,0.0,0.0,0.0,107.0,10.0,18.0,135.0,1,,,26.64878232206861,71.81926952124935,107.62416666666668,2017.0,islamic state west africa province (iswap) and/or boko haram - jamaatu ahli is-sunnah lid-dawati wal-jihad,1.0,8.0,16.0,2.0,0.0
340060,north east,taraba,takum,rural,156.0,2019,1070,guinea corn (sorghum),1.042799949645996,450.0,85500.0,85500.0,1.042799949645996,1.042799949645996,0.0,1.0,1.0,1.042799949645996,1.042799949645996,0.0,0.0,1.7422999404370785,1.71029993891716,1.71029993891716,0.0,0.0,0.0,0.0,0.0,0.0,0.0,0.0,0.0,8.0,0.0,0.0,1.0,0.0,0.0,0.0,107.0,10.0,18.0,135.0,1,,,26.64878232206861,71.81926952124935,107.62416666666668,2018.0,fulani ethnic militia (nigeria),1.0,13.0,21.0,5.0,0.0
340087,north east,taraba,karim lam,rural,870.0,2019,1070,guinea corn (sorghum),0.8093720078468323,100.0,14000.0,14000.0,0.2697906792163849,0.06744766980409622,0.0,0.3333333432674408,0.3333333432674408,0.06744766980409622,0.2697906792163849,0.0,0.0,3.662072002887726,3.662072002887726,3.662072002887726,0.0,0.0,0.0,0.0,0.0,0.0,0.0,0.0,0.0,3.0,0.0,0.0,1.0,0.0,276000.0,0.0,27.0,20.0,0.0,47.0,1,,,26.55906412532296,64.52221526442385,103.43658069024184,,,0.0,0.0,0.0,0.0,0.0
349014,north east,taraba,bali,rural,72.0,2019,1070,guinea corn (sorghum),1.4914000034332275,1300.0,57000.0,96000.0,1.4914000034332275,1.4914000034332275,0.0,1.0,1.0,1.4914000034332275,1.4914000034332275,0.0,0.0,2.5372999906539917,2.5372999906539917,2.5372999906539917,0.0,0.0,0.0,0.0,0.0,0.0,0.0,0.0,0.0,0.0,0.0,0.0,0.0,0.0,0.0,0.0,17.0,28.0,0.0,45.0,1,,,26.55906412532296,64.52221526442385,103.43658069024184,,,0.0,0.0,0.0,0.0,0.0
349017,north east,taraba,bali,rural,72.0,2019,1070,guinea corn (sorghum),1.166100025177002,700.0,98000.0,98000.0,1.166100025177002,1.166100025177002,0.0,1.0,1.0,1.166100025177002,1.166100025177002,0.0,0.0,1.166100025177002,1.166100025177002,1.166100025177002,0.0,0.0,0.0,0.0,0.0,0.0,0.0,0.0,0.0,5.0,0.0,0.0,1.0,0.0,0.0,0.0,15.0,0.0,39.0,54.0,1,,,26.55906412532296,64.52221526442385,103.43658069024184,,,0.0,0.0,0.0,0.0,0.0
349018,north east,taraba,bali,rural,72.0,2019,1070,guinea corn (sorghum),0.9208999872207642,250.0,47500.0,50000.0,0.4604499936103821,0.4604499936103821,0.0,0.5,0.5,0.4604499936103821,0.4604499936103821,10000.0,100.0,2.4046000242233276,2.4046000242233276,2.4046000242233276,0.0,0.0,0.0,0.0,0.0,0.0,0.0,0.0,0.0,6.0,0.0,0.0,1.0,0.0,0.0,0.0,115.0,0.0,96.0,211.0,1,,,26.55906412532296,64.52221526442385,103.43658069024184,,,0.0,0.0,0.0,0.0,0.0
349019,north east,taraba,bali,rural,72.0,2019,1070,guinea corn (sorghum),1.624400019645691,250.0,35000.0,0.0,0.8122000098228455,0.8122000098228455,0.0,0.5,0.5,0.8122000098228455,0.8122000098228455,0.0,0.0,1.8179600238800049,1.8179600238800049,1.8179600238800049,0.0,0.0,0.0,0.0,0.0,0.0,0.0,0.0,0.0,10.0,0.0,0.0,1.0,522000.0,10000.0,0.0,85.0,0.0,40.0,125.0,1,,,26.55906412532296,64.52221526442385,103.43658069024184,,,0.0,0.0,0.0,0.0,0.0
349020,north east,taraba,bali,rural,72.0,2019,1070,guinea corn (sorghum),2.1293299794197083,125.0,17500.0,0.0,1.6721407771110535,0.6927107572555542,0.0,1.6024096012115479,1.6024096012115479,0.6927107572555542,1.6721407771110535,0.0,0.0,2.1293299794197083,2.1293299794197083,2.1293299794197083,0.0,0.0,0.0,0.0,0.0,0.0,0.0,0.0,0.0,5.0,0.0,0.0,1.0,0.0,0.0,0.0,29.0,8.0,0.0,37.0,1,,,26.55906412532296,64.52221526442385,103.43658069024184,,,0.0,0.0,0.0,0.0,0.0
349021,north east,taraba,bali,rural,72.0,2019,1070,guinea corn (sorghum),1.4046860039234161,800.0,152000.0,152000.0,1.4046860039234161,1.4046860039234161,0.0,2.0,2.0,1.4046860039234161,1.4046860039234161,0.0,0.0,1.4046860039234161,1.4046860039234161,1.4046860039234161,0.0,0.0,0.0,0.0,0.0,0.0,0.0,0.0,0.0,8.0,0.0,0.0,1.0,0.0,0.0,0.0,68.0,20.0,0.0,88.0,1,,,26.55906412532296,64.52221526442385,103.43658069024184,,,0.0,0.0,0.0,0.0,0.0
349022,north east,taraba,bali,rural,72.0,2019,1070,guinea corn (sorghum),5.694200038909912,1150.0,159000.0,159000.0,4.909742832183838,4.27659285068512,0.0,1.7518796920776367,1.7518796920776367,4.27659285068512,4.909742832183838,0.0,0.0,5.817340038716793,5.817340038716793,5.817340038716793,0.0,0.0,0.0,0.0,0.0,0.0,0.0,0.0,0.0,15.0,0.0,0.0,1.0,0.0,0.0,0.0,117.0,15.0,0.0,132.0,1,,,26.55906412532296,64.52221526442385,103.43658069024184,,,0.0,0.0,0.0,0.0,0.0
349024,north east,taraba,bali,rural,72.0,2019,1070,guinea corn (sorghum),1.3378000259399414,200.0,38000.0,38000.0,1.3378000259399414,1.3378000259399414,0.0,1.0,1.0,1.3378000259399414,1.3378000259399414,0.0,0.0,1.3378000259399414,1.3378000259399414,1.3378000259399414,0.0,0.0,0.0,0.0,0.0,0.0,0.0,0.0,0.0,5.0,0.0,0.0,1.0,0.0,0.0,0.0,88.0,0.0,49.0,137.0,1,,,26.55906412532296,64.52221526442385,103.43658069024184,,,0.0,0.0,0.0,0.0,0.0
349025,north east,taraba,bali,rural,768.0,2019,1070,guinea corn (sorghum),0.22423000633716583,100.0,19000.0,19000.0,0.0697811171412468,0.0697811171412468,0.0,0.3112033009529114,0.3112033009529114,0.0697811171412468,0.0697811171412468,0.0,0.0,0.2715950049459934,0.2715950049459934,0.2715950049459934,0.0,0.0,0.0,0.0,0.0,0.0,0.0,0.0,0.0,0.0,0.0,0.0,0.0,0.0,0.0,0.0,51.0,0.0,0.0,51.0,1,,,26.55906412532296,64.52221526442385,103.43658069024184,,,0.0,0.0,0.0,0.0,0.0
349026,north east,taraba,bali,rural,768.0,2019,1070,guinea corn (sorghum),0.26118001341819763,400.0,56000.0,32000.0,0.13059000670909882,0.09794250130653381,0.0,0.5,0.5,0.09794250130653381,0.13059000670909882,4000.0,100.0,0.33821601420640945,0.33821601420640945,0.33821601420640945,0.0,0.0,0.0,0.0,0.0,0.0,0.0,0.0,0.0,6.0,0.0,0.0,1.0,0.0,0.0,0.0,17.0,6.0,0.0,23.0,1,,,26.55906412532296,64.52221526442385,103.43658069024184,,,0.0,0.0,0.0,0.0,0.0
349027,north east,taraba,bali,rural,768.0,2019,1070,guinea corn (sorghum),0.7952700257301331,350.0,49000.0,49000.0,0.2650900185108185,0.2650900185108185,0.0,0.3333333432674408,0.3333333432674408,0.2650900185108185,0.2650900185108185,0.0,0.0,0.7952700257301331,0.7952700257301331,0.7952700257301331,0.0,0.0,0.0,0.0,0.0,0.0,0.0,0.0,0.0,2.0,0.0,0.0,1.0,0.0,0.0,0.0,80.0,9.0,27.0,116.0,1,,,26.55906412532296,64.52221526442385,103.43658069024184,,,0.0,0.0,0.0,0.0,0.0
349028,north east,taraba,bali,rural,768.0,2019,1070,guinea corn (sorghum),1.5435999631881714,1500.0,210000.0,150000.0,0.7717999815940857,0.7717999815940857,0.0,0.5,0.5,0.7717999815940857,0.7717999815940857,20000.0,400.0,4.477979898452759,4.477979898452759,4.477979898452759,0.0,0.0,0.0,0.0,0.0,0.0,0.0,0.0,0.0,7.0,0.0,0.0,1.0,0.0,0.0,0.0,220.0,18.0,20.0,258.0,1,,,26.55906412532296,64.52221526442385,103.43658069024184,,,0.0,0.0,0.0,0.0,0.0
349030,north east,taraba,bali,rural,768.0,2019,1070,guinea corn (sorghum),0.5394099950790405,1000.0,140000.0,140000.0,0.21576400101184845,0.21576400101184845,0.0,0.4000000059604645,0.4000000059604645,0.21576400101184845,0.21576400101184845,0.0,0.0,1.3543299809098244,1.3543299809098244,1.3543299809098244,0.0,0.0,0.0,0.0,0.0,0.0,0.0,0.0,0.0,9.0,0.0,0.0,1.0,0.0,0.0,0.0,21.0,28.0,27.0,76.0,1,,,26.55906412532296,64.52221526442385,103.43658069024184,,,0.0,0.0,0.0,0.0,0.0
349032,north east,taraba,bali,rural,768.0,2019,1070,guinea corn (sorghum),0.29235999286174774,1000.0,190000.0,200000.0,0.20410999655723572,0.20410999655723572,0.0,1.3055555522441864,1.3055555522441864,0.16527999937534332,0.16527999937534332,5000.0,50.0,0.9835399836301804,0.9835399836301804,0.9835399836301804,0.0,0.0,0.0,0.0,0.0,0.0,0.0,0.0,0.0,12.0,0.0,0.0,1.0,0.0,0.0,0.0,58.0,12.0,35.0,105.0,1,,,26.55906412532296,64.52221526442385,103.43658069024184,,,0.0,0.0,0.0,0.0,0.0
349034,north east,taraba,bali,rural,768.0,2019,1070,guinea corn (sorghum),1.922700047492981,0.0,0.0,0.0,0.9613500237464905,0.0,0.0,0.5,0.5,0.0,0.9613500237464905,0.0,0.0,3.541444092988968,3.541444092988968,3.541444092988968,0.0,0.0,0.0,0.0,0.0,0.0,0.0,0.0,0.0,36.0,0.0,0.0,1.0,0.0,0.0,0.0,184.0,55.0,70.0,309.0,1,,,26.55906412532296,64.52221526442385,103.43658069024184,,,0.0,0.0,0.0,0.0,0.0
349036,north east,taraba,bali,rural,768.0,2019,1070,guinea corn (sorghum),0.9630399942398071,300.0,42000.0,42000.0,0.32101333141326904,0.32101333141326904,0.0,0.3333333432674408,0.3333333432674408,0.32101333141326904,0.32101333141326904,0.0,0.0,1.4224500060081482,1.4224500060081482,1.4224500060081482,0.0,0.0,0.0,0.0,0.0,0.0,0.0,0.0,0.0,8.0,0.0,0.0,1.0,0.0,0.0,0.0,31.0,96.0,56.0,183.0,1,,,26.55906412532296,64.52221526442385,103.43658069024184,,,0.0,0.0,0.0,0.0,0.0
349037,north east,taraba,ibi,rural,728.0,2019,1070,guinea corn (sorghum),0.5345199704170227,500.0,70000.0,120000.0,0.26725998520851135,0.26725998520851135,0.0,0.5,0.5,0.26725998520851135,0.26725998520851135,36000.0,300.0,0.5345199704170227,0.5345199704170227,0.5345199704170227,23.0,0.0,0.0,0.0,0.0,50.0,50.0,0.0,0.0,4.0,1.0,0.0,1.0,0.0,0.0,0.0,114.0,6.0,4.0,124.0,1,,,26.55906412532296,64.52221526442385,103.43658069024184,,,0.0,0.0,0.0,0.0,0.0
349051,north east,taraba,jalingo,urban,64.0,2019,1070,guinea corn (sorghum),0.8093720078468323,500.0,95000.0,150000.0,0.40468600392341614,0.40468600392341614,0.0,0.5,0.5,0.40468600392341614,0.40468600392341614,37500.0,250.0,1.3219720125198364,1.3219720125198364,1.3219720125198364,0.0,0.0,0.0,0.0,0.0,0.0,0.0,0.0,0.0,8.0,0.0,0.0,1.0,0.0,0.0,0.0,132.0,15.0,18.0,165.0,1,,,26.55906412532296,64.52221526442385,103.43658069024184,,,0.0,0.0,0.0,0.0,0.0
349053,north east,taraba,jalingo,urban,64.0,2019,1070,guinea corn (sorghum),0.7623199820518494,300.0,42000.0,42000.0,0.7623199820518494,0.7623199820518494,0.0,1.0,1.0,0.7623199820518494,0.7623199820518494,0.0,0.0,1.324809968471527,1.324809968471527,1.324809968471527,0.0,0.0,0.0,0.0,0.0,0.0,0.0,0.0,0.0,7.0,0.0,0.0,1.0,0.0,0.0,0.0,45.0,59.0,16.0,120.0,1,,,26.55906412532296,64.52221526442385,103.43658069024184,,,0.0,0.0,0.0,0.0,0.0
349057,north east,taraba,jalingo,urban,64.0,2019,1070,guinea corn (sorghum),0.7559300065040588,1000.0,140000.0,140000.0,0.7559300065040588,0.7559300065040588,0.0,1.0,1.0,0.7559300065040588,0.7559300065040588,0.0,0.0,5.781630098819733,5.781630098819733,5.781630098819733,0.0,0.0,0.0,0.0,0.0,0.0,0.0,0.0,0.0,14.0,0.0,0.0,1.0,0.0,0.0,0.0,34.0,93.0,0.0,127.0,1,,,26.55906412532296,64.52221526442385,103.43658069024184,,,0.0,0.0,0.0,0.0,0.0
349080,north east,taraba,saduana,rural,1034.0,2019,1070,guinea corn (sorghum),0.9447560012340546,7.48199987411499,1047.47998046875,0.0,0.5398256778717041,0.2700349986553192,0.0,1.1666666865348816,1.1666666865348816,0.2700349986553192,0.5398256778717041,0.0,0.0,0.9447560012340546,0.9447560012340546,0.9447560012340546,18.792,12.528,11.484,0.0,104.4,0.0,104.4,0.0,0.0,4.0,1.0,0.0,1.0,0.0,282000.0,0.0,13.0,24.0,26.0,63.0,1,,,26.55906412532296,64.52221526442385,103.43658069024184,,,0.0,0.0,0.0,0.0,0.0
349088,north east,taraba,zing,rural,620.0,2019,1070,guinea corn (sorghum),0.2671799957752228,200.0,38000.0,38000.0,0.1335899978876114,0.1335899978876114,0.0,0.5,0.5,0.1335899978876114,0.1335899978876114,0.0,0.0,0.8523099720478058,0.8523099720478058,0.8523099720478058,0.0,0.0,0.0,0.0,0.0,0.0,0.0,0.0,0.0,7.0,0.0,0.0,1.0,0.0,0.0,0.0,119.0,0.0,28.0,147.0,1,,,26.55906412532296,64.52221526442385,103.43658069024184,,,0.0,0.0,0.0,0.0,0.0
349090,north east,taraba,zing,rural,620.0,2019,1070,guinea corn (sorghum),0.5927000045776367,200.0,28000.0,28000.0,0.5927000045776367,0.5927000045776367,0.0,1.0,1.0,0.5927000045776367,0.5927000045776367,0.0,0.0,1.3479700088500977,1.3479700088500977,1.3479700088500977,322.0,0.0,0.0,0.0,0.0,700.0,700.0,0.0,1.0,4.0,1.0,1.0,1.0,0.0,0.0,0.0,75.0,22.0,21.0,118.0,1,,,26.55906412532296,64.52221526442385,103.43658069024184,,,0.0,0.0,0.0,0.0,0.0
349093,north east,taraba,zing,rural,620.0,2019,1070,guinea corn (sorghum),0.42715999484062195,0.0,0.0,0.0,0.42715999484062195,0.0,0.0,1.0,1.0,0.0,0.42715999484062195,0.0,0.0,1.1350300014019012,1.1350300014019012,1.1350300014019012,0.0,0.0,0.0,0.0,0.0,0.0,0.0,0.0,0.0,0.0,0.0,0.0,0.0,0.0,0.0,0.0,26.0,0.0,32.0,58.0,1,,,26.55906412532296,64.52221526442385,103.43658069024184,,,0.0,0.0,0.0,0.0,0.0
50001,north east,bauchi,dass,rural,830.0,2024,1070,guinea corn (sorghum),2.1946001052856445,500.0,250000.0,250000.0,0.5486500263214111,0.5486500263214111,0.0,0.25,0.25,0.5486500263214111,0.5486500263214111,0.0,0.0,2.6188501063734293,2.6088501065969467,2.6088501065969467,9.0,6.0,5.5,0.0,50.0,0.0,50.0,0.0,0.0,5.0,1.0,0.0,0.0,0.0,0.0,0.0,16.0,18.0,0.0,34.0,2,1.0,1.0,24.591064886911383,54.85062838338896,98.87,,,0.0,0.0,0.0,0.0,0.0
50004,north east,bauchi,dass,rural,830.0,2024,1070,guinea corn (sorghum),0.5483999848365784,600.0,300000.0,300000.0,0.18097199499607086,0.13572899997234344,0.0,0.33000001311302185,0.3333333432674408,0.13572899997234344,0.18097199499607086,0.0,0.0,1.5789799690246582,1.5789799690246582,1.5789799690246582,32.0,6.0,5.5,0.0,50.0,50.0,100.0,0.0,1.0,0.0,1.0,0.0,0.0,0.0,0.0,0.0,33.0,4.0,9.0,46.0,2,1.0,2.0,24.591064886911383,54.85062838338896,98.87,,,0.0,0.0,0.0,0.0,0.0
50007,north east,bauchi,dass,rural,830.0,2024,1070,guinea corn (sorghum),1.4872000217437744,1200.0,600000.0,600000.0,0.9815520644187927,0.9815520644187927,0.0,0.6600000262260437,0.6666666865348816,0.9815520644187927,0.9815520644187927,250000.0,500.0,3.696700096130371,3.696700096130371,3.696700096130371,57.5,0.0,0.0,0.0,0.0,125.0,125.0,0.0,0.0,4.0,1.0,0.0,0.0,0.0,0.0,0.0,23.0,19.0,0.0,42.0,2,1.0,2.0,24.591064886911383,54.85062838338896,98.87,,,0.0,0.0,0.0,0.0,0.0
50008,north east,bauchi,dass,rural,830.0,2024,1070,guinea corn (sorghum),2.4355699867010117,400.0,200000.0,200000.0,1.1652926206588745,0.8013250753283501,0.0,2.060000032186508,2.066666692495346,0.8013250753283501,1.1652926206588745,0.0,0.0,3.1449099723249674,3.134909972548485,3.134909972548485,9.0,6.0,5.5,0.0,50.0,0.0,50.0,0.0,0.0,4.0,1.0,0.0,0.0,0.0,0.0,0.0,12.0,1.0,1.0,14.0,2,1.0,3.0,24.591064886911383,54.85062838338896,98.87,,,0.0,0.0,0.0,0.0,0.0
50009,north east,bauchi,dass,rural,830.0,2024,1070,guinea corn (sorghum),0.3280999958515167,400.0,200000.0,200000.0,0.16404999792575836,0.16404999792575836,0.0,0.5,0.5,0.16404999792575836,0.16404999792575836,0.0,0.0,0.9092499911785126,0.9092499911785126,0.9092499911785126,41.0,12.0,11.0,0.0,100.0,50.0,150.0,0.0,0.0,5.0,1.0,0.0,0.0,456000.0,648000.0,0.0,24.0,4.0,0.0,28.0,2,1.0,3.0,24.591064886911383,54.85062838338896,98.87,,,0.0,0.0,0.0,0.0,0.0
50031,north east,bauchi,bauchi,rural,3878.0,2024,1070,guinea corn (sorghum),1.6589000225067139,1200.0,600000.0,600000.0,1.2441749572753906,0.8211554884910583,0.0,0.75,0.75,0.8211554884910583,1.2441749572753906,0.0,0.0,2.459170018322766,2.4541700184345245,2.4541700184345245,0.0,0.0,0.0,0.0,0.0,0.0,0.0,0.0,0.0,0.0,0.0,0.0,0.0,0.0,0.0,0.0,14.0,11.0,8.0,33.0,2,1.0,3.0,26.317254263997032,53.47819246693857,78.38833333333334,2022.0,fulani ethnic militia (nigeria),1.0,1.0,1.0,1.0,0.0
50031,north east,bauchi,bauchi,rural,3878.0,2024,1070,guinea corn (sorghum),1.6589000225067139,1200.0,600000.0,600000.0,1.2441749572753906,0.8211554884910583,0.0,0.75,0.75,0.8211554884910583,1.2441749572753906,0.0,0.0,2.459170018322766,2.4541700184345245,2.4541700184345245,0.0,0.0,0.0,0.0,0.0,0.0,0.0,0.0,0.0,0.0,0.0,0.0,0.0,0.0,0.0,0.0,14.0,11.0,8.0,33.0,2,1.0,3.0,26.317254263997032,53.47819246693857,78.38833333333334,2023.0,fulani ethnic militia (nigeria),1.0,0.0,0.0,1.0,0.0
50032,north east,bauchi,bauchi,rural,3878.0,2024,1070,guinea corn (sorghum),0.31988000869750977,300.0,150000.0,150000.0,0.23991000652313232,0.1679369956254959,0.0,0.75,0.75,0.1679369956254959,0.23991000652313232,0.0,0.0,0.32488000858575106,0.31988000869750977,0.31988000869750977,7.92,5.28,4.84,0.0,44.0,0.0,44.0,0.0,0.0,0.0,1.0,0.0,0.0,0.0,6000.0,0.0,8.0,3.0,0.0,11.0,2,1.0,1.0,26.317254263997032,53.47819246693857,78.38833333333334,2022.0,fulani ethnic militia (nigeria),1.0,1.0,1.0,1.0,0.0
50032,north east,bauchi,bauchi,rural,3878.0,2024,1070,guinea corn (sorghum),0.31988000869750977,300.0,150000.0,150000.0,0.23991000652313232,0.1679369956254959,0.0,0.75,0.75,0.1679369956254959,0.23991000652313232,0.0,0.0,0.32488000858575106,0.31988000869750977,0.31988000869750977,7.92,5.28,4.84,0.0,44.0,0.0,44.0,0.0,0.0,0.0,1.0,0.0,0.0,0.0,6000.0,0.0,8.0,3.0,0.0,11.0,2,1.0,1.0,26.317254263997032,53.47819246693857,78.38833333333334,2023.0,fulani ethnic militia (nigeria),1.0,0.0,0.0,1.0,0.0
50038,north east,bauchi,bauchi,rural,3878.0,2024,1070,guinea corn (sorghum),0.29875999689102173,1000.0,500000.0,500000.0,0.29875999689102173,0.29875999689102173,0.0,1.0,1.0,0.29875999689102173,0.29875999689102173,0.0,0.0,0.8112700055353343,0.8072700053453445,0.8072700053453445,0.0,0.0,0.0,0.0,0.0,0.0,0.0,0.0,0.0,5.0,0.0,0.0,0.0,288000.0,0.0,0.0,12.0,9.0,4.0,25.0,2,1.0,3.0,26.317254263997032,53.47819246693857,78.38833333333334,2022.0,fulani ethnic militia (nigeria),1.0,1.0,1.0,1.0,0.0
50038,north east,bauchi,bauchi,rural,3878.0,2024,1070,guinea corn (sorghum),0.29875999689102173,1000.0,500000.0,500000.0,0.29875999689102173,0.29875999689102173,0.0,1.0,1.0,0.29875999689102173,0.29875999689102173,0.0,0.0,0.8112700055353343,0.8072700053453445,0.8072700053453445,0.0,0.0,0.0,0.0,0.0,0.0,0.0,0.0,0.0,5.0,0.0,0.0,0.0,288000.0,0.0,0.0,12.0,9.0,4.0,25.0,2,1.0,3.0,26.317254263997032,53.47819246693857,78.38833333333334,2023.0,fulani ethnic militia (nigeria),1.0,0.0,0.0,1.0,0.0
50039,north east,bauchi,bauchi,rural,3878.0,2024,1070,guinea corn (sorghum),1.2681899964809418,900.0,450000.0,450000.0,0.9128564894199371,0.9128564894199371,0.0,1.4100000262260437,1.4166666865348816,0.9128564894199371,0.9128564894199371,0.0,0.0,2.8489899430423975,2.838989943265915,2.838989943265915,0.0,0.0,0.0,0.0,0.0,0.0,0.0,0.0,0.0,10.0,0.0,0.0,0.0,0.0,0.0,1500.0,31.0,5.0,0.0,36.0,2,1.0,1.0,26.317254263997032,53.47819246693857,78.38833333333334,2022.0,fulani ethnic militia (nigeria),1.0,1.0,1.0,1.0,0.0
50039,north east,bauchi,bauchi,rural,3878.0,2024,1070,guinea corn (sorghum),1.2681899964809418,900.0,450000.0,450000.0,0.9128564894199371,0.9128564894199371,0.0,1.4100000262260437,1.4166666865348816,0.9128564894199371,0.9128564894199371,0.0,0.0,2.8489899430423975,2.838989943265915,2.838989943265915,0.0,0.0,0.0,0.0,0.0,0.0,0.0,0.0,0.0,10.0,0.0,0.0,0.0,0.0,0.0,1500.0,31.0,5.0,0.0,36.0,2,1.0,1.0,26.317254263997032,53.47819246693857,78.38833333333334,2023.0,fulani ethnic militia (nigeria),1.0,0.0,0.0,1.0,0.0
50040,north east,bauchi,bauchi,rural,3878.0,2024,1070,guinea corn (sorghum),0.8156399726867676,1500.0,750000.0,750000.0,0.4078199863433838,0.2039099931716919,0.0,0.5,0.5,0.2039099931716919,0.4078199863433838,0.0,0.0,2.035479967482388,2.0304799675941467,2.0304799675941467,36.0,24.0,22.0,0.0,200.0,0.0,200.0,0.0,0.0,0.0,1.0,0.0,0.0,0.0,0.0,0.0,52.0,8.0,15.0,75.0,2,1.0,2.0,26.317254263997032,53.47819246693857,78.38833333333334,2022.0,fulani ethnic militia (nigeria),1.0,1.0,1.0,1.0,0.0
50040,north east,bauchi,bauchi,rural,3878.0,2024,1070,guinea corn (sorghum),0.8156399726867676,1500.0,750000.0,750000.0,0.4078199863433838,0.2039099931716919,0.0,0.5,0.5,0.2039099931716919,0.4078199863433838,0.0,0.0,2.035479967482388,2.0304799675941467,2.0304799675941467,36.0,24.0,22.0,0.0,200.0,0.0,200.0,0.0,0.0,0.0,1.0,0.0,0.0,0.0,0.0,0.0,52.0,8.0,15.0,75.0,2,1.0,2.0,26.317254263997032,53.47819246693857,78.38833333333334,2023.0,fulani ethnic militia (nigeria),1.0,0.0,0.0,1.0,0.0
50054,north east,bauchi,kirfi,rural,348.0,2024,1070,guinea corn (sorghum),0.42610999941825867,500.0,250000.0,250000.0,0.13260683417320251,0.06630341708660126,0.0,0.3112033009529114,0.3112033009529114,0.06630341708660126,0.13260683417320251,0.0,0.0,0.6796799898147583,0.6796799898147583,0.6796799898147583,0.0,0.0,0.0,0.0,0.0,0.0,0.0,0.0,1.0,1.0,0.0,0.0,0.0,0.0,0.0,0.0,22.0,3.0,0.0,25.0,2,1.0,1.0,26.320070448646646,54.05015541960203,104.53833333333334,,,0.0,0.0,0.0,0.0,0.0
50091,north east,bauchi,ganjuwa,rural,984.0,2024,1070,guinea corn (sorghum),2.729099988937378,1100.0,550000.0,550000.0,1.1757650077342987,1.1757650077342987,0.0,0.8300000131130219,1.1666666865348816,1.1757650077342987,1.1757650077342987,0.0,0.0,4.281059969216585,3.781059980392456,4.26105996966362,51.9,30.0,27.5,0.0,250.0,15.0,265.0,0.0,0.0,8.0,1.0,0.0,0.0,210000.0,0.0,0.0,27.0,5.0,0.0,32.0,2,1.0,1.0,26.31232591768632,52.16544064392534,92.42166666666668,,,0.0,0.0,0.0,0.0,0.0
50092,north east,bauchi,ganjuwa,rural,984.0,2024,1070,guinea corn (sorghum),2.5631800293922424,900.0,450000.0,630000.0,1.13523268699646,0.7941526770591736,0.0,1.7115106880664825,1.7115107476711273,0.7941526770591736,1.13523268699646,210000.0,300.0,2.5631800293922424,2.5631800293922424,2.5631800293922424,36.5,9.0,8.25,0.0,75.0,50.0,125.0,0.0,0.0,2.0,1.0,0.0,0.0,0.0,0.0,0.0,24.0,23.0,0.0,47.0,2,1.0,1.0,26.31232591768632,52.16544064392534,92.42166666666668,,,0.0,0.0,0.0,0.0,0.0
50095,north east,bauchi,ganjuwa,rural,984.0,2024,1070,guinea corn (sorghum),0.46900999546051025,400.0,200000.0,200000.0,0.46900999546051025,0.1547733098268509,0.0,1.0,1.0,0.1547733098268509,0.46900999546051025,0.0,0.0,1.1217199843376875,1.1057199835777283,1.1057199835777283,23.0,0.0,0.0,0.0,0.0,50.0,50.0,0.0,0.0,1.0,1.0,0.0,0.0,0.0,0.0,0.0,13.0,6.0,0.0,19.0,2,1.0,2.0,26.31232591768632,52.16544064392534,92.42166666666668,,,0.0,0.0,0.0,0.0,0.0
50097,north east,bauchi,ganjuwa,rural,984.0,2024,1070,guinea corn (sorghum),1.4523999691009521,200.0,100000.0,100000.0,0.5018764138221741,0.5018764138221741,0.0,0.34554973244667053,0.3455497622489929,0.5018764138221741,0.5018764138221741,0.0,0.0,2.528499960899353,2.528499960899353,2.528499960899353,23.0,0.0,0.0,0.0,0.0,50.0,50.0,0.0,2.0,1.0,1.0,0.0,0.0,132000.0,0.0,0.0,16.0,9.0,0.0,25.0,2,1.0,1.0,26.31232591768632,52.16544064392534,92.42166666666668,,,0.0,0.0,0.0,0.0,0.0
50099,north east,bauchi,ganjuwa,rural,984.0,2024,1070,guinea corn (sorghum),4.069449990987778,400.0,200000.0,200000.0,1.7416614890098572,0.5747483260929585,0.0,1.3008803874254227,1.3008804470300674,0.5747483260929585,1.7416614890098572,0.0,0.0,4.733099967241287,4.733099967241287,4.733099967241287,23.0,0.0,0.0,0.0,0.0,50.0,50.0,0.0,0.0,1.0,1.0,0.0,0.0,0.0,0.0,0.0,30.0,4.0,20.0,54.0,2,1.0,2.0,26.31232591768632,52.16544064392534,92.42166666666668,,,0.0,0.0,0.0,0.0,0.0
50100,north east,bauchi,ganjuwa,rural,984.0,2024,1070,guinea corn (sorghum),1.198769986629486,300.0,150000.0,150000.0,0.5332286655902863,0.32693178951740265,0.0,0.8507554531097412,0.8507554829120636,0.32693178951740265,0.5332286655902863,0.0,0.0,1.198769986629486,1.198769986629486,1.198769986629486,0.0,0.0,0.0,0.0,0.0,0.0,0.0,0.0,0.0,0.0,0.0,0.0,0.0,0.0,0.0,0.0,35.0,2.0,0.0,37.0,2,1.0,1.0,26.31232591768632,52.16544064392534,92.42166666666668,,,0.0,0.0,0.0,0.0,0.0
50131,north east,bauchi,asari toro,rural,1588.0,2024,1070,guinea corn (sorghum),0.5506599992513657,600.0,300000.0,300000.0,0.2886214256286621,0.2886214256286621,0.0,1.1280851364135742,1.134751796722412,0.2886214256286621,0.2886214256286621,0.0,0.0,0.5506599992513657,0.5506599992513657,0.5506599992513657,8.28,0.0,0.0,0.0,0.0,18.0,18.0,0.0,2.0,2.0,1.0,0.0,0.0,420000.0,0.0,0.0,20.0,6.0,0.0,26.0,2,1.0,2.0,24.36011568409344,55.08424595229267,140.40833333333333,,,0.0,0.0,0.0,0.0,0.0
50132,north east,bauchi,asari toro,rural,1588.0,2024,1070,guinea corn (sorghum),0.7262200117111206,800.0,400000.0,320000.0,0.7262200117111206,0.239652618765831,0.0,1.0,1.0,0.239652618765831,0.7262200117111206,40000.0,100.0,0.7262200117111206,0.7262200117111206,0.7262200117111206,0.0,0.0,0.0,0.0,0.0,0.0,0.0,0.0,0.0,0.0,0.0,0.0,0.0,0.0,0.0,0.0,18.0,1.0,20.0,39.0,2,1.0,1.0,24.36011568409344,55.08424595229267,140.40833333333333,,,0.0,0.0,0.0,0.0,0.0
50134,north east,bauchi,asari toro,rural,1588.0,2024,1070,guinea corn (sorghum),1.9230999946594238,1300.0,650000.0,624000.0,0.5470887422561646,0.3610785901546478,0.0,0.2844827473163605,0.28448277711868286,0.3610785901546478,0.5470887422561646,240000.0,500.0,1.9230999946594238,1.9230999946594238,1.9230999946594238,0.0,0.0,0.0,0.0,0.0,0.0,0.0,0.0,0.0,0.0,0.0,0.0,0.0,168000.0,0.0,0.0,14.0,25.0,10.0,49.0,2,1.0,1.0,24.36011568409344,55.08424595229267,140.40833333333333,,,0.0,0.0,0.0,0.0,0.0
50135,north east,bauchi,asari toro,rural,1588.0,2024,1070,guinea corn (sorghum),0.9868299961090088,300.0,150000.0,150000.0,0.33115097880363464,0.33115097880363464,0.0,0.33557045459747314,0.33557045459747314,0.33115097880363464,0.33115097880363464,0.0,0.0,1.2822400033473969,1.2822400033473969,1.2822400033473969,0.0,0.0,0.0,0.0,0.0,0.0,0.0,0.0,0.0,6.0,0.0,0.0,0.0,0.0,80000.0,0.0,14.0,2.0,0.0,16.0,2,1.0,1.0,24.36011568409344,55.08424595229267,140.40833333333333,,,0.0,0.0,0.0,0.0,0.0
50136,north east,bauchi,asari toro,rural,1588.0,2024,1070,guinea corn (sorghum),0.2876800000667572,1100.0,550000.0,440000.0,0.2876800000667572,0.1438400000333786,0.0,1.0,1.0,0.1438400000333786,0.2876800000667572,40000.0,100.0,5.159820023924112,5.139820024371147,5.139820024371147,55.0,6.0,5.5,0.0,50.0,100.0,150.0,0.0,2.0,3.0,1.0,0.0,0.0,0.0,0.0,0.0,40.0,1.0,0.0,41.0,2,1.0,2.0,24.36011568409344,55.08424595229267,140.40833333333333,,,0.0,0.0,0.0,0.0,0.0
50137,north east,bauchi,asari toro,rural,1588.0,2024,1070,guinea corn (sorghum),0.5612500011920929,350.0,175000.0,175000.0,0.23299848288297653,0.16412576287984848,0.0,0.8310344815254211,0.8310344815254211,0.16412576287984848,0.23299848288297653,0.0,0.0,0.5612500011920929,0.5612500011920929,0.5612500011920929,0.0,0.0,0.0,0.0,0.0,0.0,0.0,0.0,0.0,4.0,0.0,0.0,0.0,120000.0,0.0,0.0,17.0,6.0,15.0,38.0,2,1.0,2.0,24.36011568409344,55.08424595229267,140.40833333333333,,,0.0,0.0,0.0,0.0,0.0
50153,north east,bauchi,asari toro,rural,1304.0,2024,1070,guinea corn (sorghum),0.4337800145149231,300.0,150000.0,150000.0,0.13316036760807037,0.09987027943134308,0.0,0.3069767355918884,0.3069767355918884,0.09987027943134308,0.13316036760807037,0.0,0.0,0.4337800145149231,0.4337800145149231,0.4337800145149231,9.0,6.0,5.5,0.0,50.0,0.0,50.0,0.0,0.0,2.0,1.0,0.0,0.0,0.0,0.0,0.0,14.0,18.0,0.0,32.0,2,1.0,1.0,24.36011568409344,55.08424595229267,140.40833333333333,,,0.0,0.0,0.0,0.0,0.0
50154,north east,bauchi,asari toro,rural,1304.0,2024,1070,guinea corn (sorghum),0.2639699876308441,200.0,100000.0,100000.0,0.1979774832725525,0.09898874163627625,0.0,0.75,0.75,0.09898874163627625,0.1979774832725525,0.0,0.0,0.9102499783039093,0.9102499783039093,0.9102499783039093,32.0,6.0,5.5,0.0,50.0,50.0,100.0,0.0,0.0,7.0,1.0,0.0,0.0,0.0,0.0,0.0,7.0,9.0,4.0,20.0,2,1.0,2.0,24.36011568409344,55.08424595229267,140.40833333333333,,,0.0,0.0,0.0,0.0,0.0
50155,north east,bauchi,asari toro,rural,1304.0,2024,1070,guinea corn (sorghum),0.6249600052833557,500.0,250000.0,250000.0,0.22663384675979614,0.11331692337989807,0.0,0.36263737082481384,0.36263737082481384,0.11331692337989807,0.22663384675979614,0.0,0.0,1.2815099954605103,1.2815099954605103,1.2815099954605103,55.0,6.0,5.5,0.0,50.0,100.0,150.0,0.0,2.0,3.0,1.0,0.0,0.0,0.0,0.0,0.0,61.0,1.0,0.0,62.0,2,1.0,2.0,24.36011568409344,55.08424595229267,140.40833333333333,,,0.0,0.0,0.0,0.0,0.0
50156,north east,bauchi,asari toro,rural,1304.0,2024,1070,guinea corn (sorghum),0.3441599905490875,50.0,25000.0,25000.0,0.206496000289917,0.206496000289917,0.0,0.6000000238418579,0.6000000238418579,0.206496000289917,0.206496000289917,0.0,0.0,1.1728599965572357,1.1728599965572357,1.1728599965572357,0.0,0.0,0.0,15.0,0.0,0.0,0.0,1500.0,0.0,5.0,0.0,0.0,0.0,1044000.0,0.0,0.0,21.0,5.0,0.0,26.0,2,1.0,2.0,24.36011568409344,55.08424595229267,140.40833333333333,,,0.0,0.0,0.0,0.0,0.0
50157,north east,bauchi,asari toro,rural,1304.0,2024,1070,guinea corn (sorghum),0.6145000010728836,500.0,250000.0,250000.0,0.409510001540184,0.13513831049203873,0.0,1.5,1.5,0.13513831049203873,0.409510001540184,0.0,0.0,0.7657100008800626,0.7607100009918213,0.7607100009918213,23.0,0.0,0.0,0.0,0.0,50.0,50.0,0.0,1.0,2.0,1.0,0.0,0.0,0.0,0.0,0.0,22.0,5.0,0.0,27.0,2,1.0,1.0,24.36011568409344,55.08424595229267,140.40833333333333,,,0.0,0.0,0.0,0.0,0.0
50158,north east,bauchi,asari toro,rural,1304.0,2024,1070,guinea corn (sorghum),0.6653000116348267,500.0,250000.0,250000.0,0.24126264452934265,0.24126264452934265,0.0,0.36263737082481384,0.36263737082481384,0.24126264452934265,0.24126264452934265,0.0,0.0,0.6653000116348267,0.6653000116348267,0.6653000116348267,23.0,0.0,0.0,0.0,0.0,50.0,50.0,0.0,0.0,2.0,1.0,0.0,0.0,67500.0,0.0,0.0,28.0,3.0,0.0,31.0,2,1.0,1.0,24.36011568409344,55.08424595229267,140.40833333333333,,,0.0,0.0,0.0,0.0,0.0
50160,north east,bauchi,asari toro,rural,1304.0,2024,1070,guinea corn (sorghum),0.22824999690055847,100.0,50000.0,50000.0,0.06874999403953552,0.06874999403953552,0.0,0.3012048006057739,0.3012048006057739,0.06874999403953552,0.06874999403953552,0.0,0.0,0.4441699981689453,0.4441699981689453,0.4441699981689453,16.56,0.0,0.0,0.0,0.0,36.0,36.0,0.0,0.0,2.0,1.0,0.0,0.0,138000.0,0.0,0.0,8.0,5.0,0.0,13.0,2,1.0,2.0,24.36011568409344,55.08424595229267,140.40833333333333,,,0.0,0.0,0.0,0.0,0.0
50161,north east,bauchi,zaki,rural,1756.0,2024,1070,guinea corn (sorghum),9.744380235671997,1400.0,700000.0,630000.0,3.6105572879314423,2.6671066284179688,0.0,1.068335384130478,1.068335384130478,2.6671066284179688,3.6105572879314423,90000.0,200.0,9.75438023544848,9.744380235671997,9.744380235671997,82.0,24.0,22.0,35.0,200.0,100.0,300.0,3500.0,0.0,0.0,1.0,0.0,0.0,310000.0,0.0,0.0,51.0,3.0,0.0,54.0,2,1.0,3.0,26.998831108639227,45.43536015325671,92.6975,,,0.0,0.0,0.0,0.0,0.0
50162,north east,bauchi,zaki,rural,1756.0,2024,1070,guinea corn (sorghum),3.0630000233650208,1300.0,650000.0,585000.0,0.8047340139746666,0.603550523519516,0.0,0.8300000131130219,0.8333333432674408,0.603550523519516,0.8047340139746666,45000.0,100.0,3.0730000231415033,3.0630000233650208,3.0630000233650208,55.0,6.0,5.5,50.0,50.0,100.0,150.0,5000.0,1.0,4.0,1.0,0.0,0.0,0.0,0.0,0.0,110.0,0.0,0.0,110.0,2,1.0,3.0,26.998831108639227,45.43536015325671,92.6975,,,0.0,0.0,0.0,0.0,0.0
50163,north east,bauchi,zaki,rural,1756.0,2024,1070,guinea corn (sorghum),0.6846500039100647,300.0,150000.0,150000.0,0.34232500195503235,0.25674375891685486,0.0,0.5,0.5,0.25674375891685486,0.34232500195503235,0.0,0.0,1.0475100073963404,1.0375100076198578,1.0375100076198578,0.0,0.0,0.0,22.5,0.0,0.0,0.0,2250.0,0.0,0.0,0.0,0.0,0.0,0.0,0.0,0.0,9.0,13.0,43.0,65.0,2,1.0,2.0,26.998831108639227,45.43536015325671,92.6975,,,0.0,0.0,0.0,0.0,0.0
50164,north east,bauchi,zaki,rural,1756.0,2024,1070,guinea corn (sorghum),1.6945800185203552,800.0,400000.0,400000.0,0.7009538114070892,0.7009538114070892,0.0,0.8374704420566559,0.8374704420566559,0.7009538114070892,0.7009538114070892,0.0,0.0,2.725810009986162,2.705810010433197,2.705810010433197,4.7886,0.0,0.0,233.0,0.0,10.41,10.41,23300.0,0.0,0.0,1.0,0.0,0.0,72000.0,0.0,0.0,47.0,0.0,0.0,47.0,2,2.0,4.0,26.998831108639227,45.43536015325671,92.6975,,,0.0,0.0,0.0,0.0,0.0
50165,north east,bauchi,zaki,rural,1756.0,2024,1070,guinea corn (sorghum),1.4848699867725372,600.0,300000.0,300000.0,0.683461993932724,0.4510849341750145,0.0,1.3499999940395355,1.3499999940395355,0.4510849341750145,0.683461993932724,0.0,0.0,1.499869986437261,1.4848699867725372,1.4848699867725372,92.0,0.0,0.0,200.0,0.0,200.0,200.0,20000.0,1.0,0.0,1.0,0.0,0.0,0.0,0.0,0.0,29.0,8.0,4.0,41.0,2,2.0,4.0,26.998831108639227,45.43536015325671,92.6975,,,0.0,0.0,0.0,0.0,0.0
50166,north east,bauchi,zaki,rural,1756.0,2024,1070,guinea corn (sorghum),1.7566900253295898,300.0,150000.0,150000.0,0.684794083237648,0.22598206251859665,0.0,0.8069742918014526,0.806974321603775,0.22598206251859665,0.684794083237648,0.0,0.0,1.7666900251060724,1.7566900253295898,1.7566900253295898,0.0,0.0,0.0,0.0,0.0,0.0,0.0,0.0,0.2,0.0,0.0,0.0,0.0,361800.0,0.0,0.0,41.0,0.0,0.0,41.0,2,1.0,1.0,26.998831108639227,45.43536015325671,92.6975,,,0.0,0.0,0.0,0.0,0.0
50167,north east,bauchi,zaki,rural,1756.0,2024,1070,guinea corn (sorghum),1.5719299912452698,800.0,400000.0,400000.0,0.7859649956226349,0.39298249781131744,0.0,1.0,1.1666666865348816,0.39298249781131744,0.7859649956226349,0.0,0.0,2.5014799628406763,2.4914799630641937,2.4914799630641937,0.0,0.0,0.0,77.0,0.0,0.0,0.0,7700.0,0.90000004,0.0,0.0,0.0,0.0,0.0,0.0,0.0,25.0,7.0,0.0,32.0,2,2.0,4.0,26.998831108639227,45.43536015325671,92.6975,,,0.0,0.0,0.0,0.0,0.0
50168,north east,bauchi,zaki,rural,1756.0,2024,1070,guinea corn (sorghum),2.6108500361442566,650.0,325000.0,325000.0,0.8897834867238998,0.8897834867238998,0.0,1.365939885377884,1.7092731893062592,0.8897834867238998,0.8897834867238998,0.0,0.0,2.615850036032498,2.6108500361442566,2.6108500361442566,0.0,0.0,0.0,156.0,0.0,0.0,0.0,15600.0,0.0,0.0,0.0,0.0,0.0,840000.0,0.0,0.0,31.0,27.0,0.0,58.0,2,1.0,2.0,26.998831108639227,45.43536015325671,92.6975,,,0.0,0.0,0.0,0.0,0.0
50169,north east,bauchi,zaki,rural,1756.0,2024,1070,guinea corn (sorghum),0.9122210219502449,300.0,150000.0,150000.0,0.35245078802108765,0.35245078802108765,0.0,0.9636363983154297,0.9636363983154297,0.35245078802108765,0.35245078802108765,0.0,0.0,2.618121006526053,2.611121006309986,2.611121006309986,80.5,0.0,0.0,153.0,0.0,175.0,175.0,15300.0,0.0,0.0,1.0,0.0,0.0,7400.0,0.0,0.0,33.0,30.0,0.0,63.0,2,2.0,4.0,26.998831108639227,45.43536015325671,92.6975,,,0.0,0.0,0.0,0.0,0.0
50170,north east,bauchi,zaki,rural,1756.0,2024,1070,guinea corn (sorghum),1.5606600046157837,900.0,450000.0,450000.0,0.4575593173503876,0.3240407407283783,0.0,0.5310479700565338,0.5310479700565338,0.3240407407283783,0.4575593173503876,0.0,0.0,1.565660004504025,1.5606600046157837,1.5606600046157837,0.0,0.0,0.0,12.0,0.0,0.0,0.0,1200.0,0.2,0.0,0.0,0.0,0.0,0.0,0.0,0.0,13.0,20.0,0.0,33.0,2,1.0,1.0,26.998831108639227,45.43536015325671,92.6975,,,0.0,0.0,0.0,0.0,0.0
59013,north west,kaduna,jema a,rural,0.0,2024,1070,guinea corn (sorghum),0.4022499918937683,150.0,126000.0,75000.0,0.12825360894203186,0.12825360894203186,0.0,0.31884056329727173,0.3188405930995941,0.12825360894203186,0.12825360894203186,25000.0,50.0,0.4022499918937683,0.4022499918937683,0.4022499918937683,32.0,6.0,5.5,0.0,50.0,50.0,100.0,0.0,3.0,5.0,1.0,0.0,0.0,550000.0,0.0,0.0,35.0,3.0,9.0,47.0,2,1.0,1.0,26.55906412532296,64.52221526442385,103.43658069024184,,,0.0,0.0,0.0,0.0,0.0
59015,north east,bauchi,bogoro,rural,246.0,2024,1070,guinea corn (sorghum),0.118709996342659,300.0,150000.0,150000.0,0.118709996342659,0.03917429968714714,0.0,1.0,1.0,0.03917429968714714,0.118709996342659,0.0,0.0,0.880929971113801,0.8709299713373184,0.8709299713373184,0.0,0.0,0.0,0.0,0.0,0.0,0.0,0.0,0.0,0.0,0.0,0.0,0.0,0.0,0.0,0.0,33.0,1.0,0.0,34.0,2,1.0,2.0,26.55906412532296,64.52221526442385,103.43658069024184,,,0.0,0.0,0.0,0.0,0.0
59016,north east,bauchi,bogoro,rural,246.0,2024,1070,guinea corn (sorghum),0.11793000251054764,800.0,400000.0,400000.0,0.05896500125527382,0.05896500125527382,0.0,0.5,0.5,0.05896500125527382,0.05896500125527382,0.0,0.0,0.4655200019478798,0.4655200019478798,0.4655200019478798,161.0,0.0,0.0,0.0,0.0,350.0,350.0,0.0,3.0,12.0,1.0,0.0,0.0,60000.0,780000.0,0.0,38.0,21.0,0.0,59.0,2,1.0,2.0,26.55906412532296,64.52221526442385,103.43658069024184,,,0.0,0.0,0.0,0.0,0.0
59017,north east,bauchi,bogoro,rural,246.0,2024,1070,guinea corn (sorghum),0.12639999389648438,50.0,25000.0,25000.0,0.12639999389648438,0.06319999694824219,0.0,1.0,1.0,0.06319999694824219,0.12639999389648438,0.0,0.0,0.17548899445682764,0.17048899456858635,0.17048899456858635,3.96,2.64,2.42,0.0,22.0,0.0,22.0,0.0,0.0,2.0,1.0,0.0,0.0,60000.0,0.0,0.0,19.0,0.0,0.0,19.0,2,1.0,1.0,26.55906412532296,64.52221526442385,103.43658069024184,,,0.0,0.0,0.0,0.0,0.0
59018,north east,bauchi,bogoro,rural,246.0,2024,1070,guinea corn (sorghum),0.27590999007225037,100.0,50000.0,50000.0,0.20693248510360718,0.13657544553279877,0.0,0.75,0.75,0.13657544553279877,0.20693248510360718,0.0,0.0,0.5229299962520599,0.5229299962520599,0.5229299962520599,23.0,0.0,0.0,0.0,0.0,50.0,50.0,0.0,0.0,1.0,1.0,0.0,0.0,0.0,0.0,0.0,34.0,0.0,0.0,34.0,2,1.0,1.0,26.55906412532296,64.52221526442385,103.43658069024184,,,0.0,0.0,0.0,0.0,0.0
59022,north east,bauchi,bogoro,rural,246.0,2024,1070,guinea corn (sorghum),0.4100300073623657,50.0,40000.0,40000.0,0.4100300073623657,0.4100300073623657,0.0,1.0,1.0,0.4100300073623657,0.4100300073623657,0.0,0.0,0.6045340020209551,0.5945340022444725,0.5945340022444725,0.0,0.0,0.0,0.0,0.0,0.0,0.0,0.0,0.0,0.0,0.0,0.0,0.0,66000.0,0.0,0.0,39.0,0.0,0.0,39.0,2,1.0,3.0,26.55906412532296,64.52221526442385,103.43658069024184,,,0.0,0.0,0.0,0.0,0.0
59023,north east,bauchi,bogoro,rural,246.0,2024,1070,guinea corn (sorghum),0.45166999101638794,300.0,150000.0,150000.0,0.18987400829792023,0.06265842169523239,0.0,0.42038217186927795,0.42038217186927795,0.06265842169523239,0.18987400829792023,0.0,0.0,1.04653999209404,1.04653999209404,1.04653999209404,0.0,0.0,0.0,0.0,0.0,0.0,0.0,0.0,0.0,0.0,0.0,0.0,0.0,0.0,0.0,0.0,26.0,1.0,0.0,27.0,2,1.0,1.0,26.55906412532296,64.52221526442385,103.43658069024184,,,0.0,0.0,0.0,0.0,0.0
59024,north east,bauchi,bogoro,rural,246.0,2024,1070,guinea corn (sorghum),0.17967000603675842,500.0,250000.0,250000.0,0.11858221143484116,0.0782642662525177,0.0,0.6600000262260437,0.6666666865348816,0.0782642662525177,0.11858221143484116,0.0,0.0,0.40016000904142857,0.390160009264946,0.390160009264946,161.0,0.0,0.0,0.0,0.0,350.0,350.0,0.0,0.0,7.0,1.0,0.0,0.0,0.0,0.0,0.0,26.0,21.0,4.0,51.0,2,1.0,1.0,26.55906412532296,64.52221526442385,103.43658069024184,,,0.0,0.0,0.0,0.0,0.0
59025,north east,bauchi,dambam,rural,406.0,2024,1070,guinea corn (sorghum),2.794600009918213,100.0,50000.0,50000.0,0.8383800387382507,0.8383800387382507,0.0,0.30000001192092896,0.30000001192092896,0.8383800387382507,0.8383800387382507,0.0,0.0,3.7132800314575434,3.703280031681061,3.703280031681061,18.0,12.0,11.0,21.0,100.0,0.0,100.0,2100.0,0.0,0.0,1.0,0.0,0.0,0.0,0.0,0.0,43.0,0.0,0.0,43.0,2,1.0,2.0,26.55906412532296,64.52221526442385,103.43658069024184,,,0.0,0.0,0.0,0.0,0.0
59026,north east,bauchi,dambam,rural,406.0,2024,1070,guinea corn (sorghum),1.9457000494003296,50.0,25000.0,25000.0,0.5837100148200989,0.5837100148200989,0.0,0.30000001192092896,0.30000001192092896,0.5837100148200989,0.5837100148200989,0.0,0.0,5.694100125692785,5.686100125312805,5.686100125312805,36.0,24.0,22.0,22.5,200.0,0.0,200.0,2250.0,3.0,0.0,1.0,0.0,0.0,0.0,600000.0,0.0,29.0,3.0,0.0,32.0,2,3.0,3.0,26.55906412532296,64.52221526442385,103.43658069024184,,,0.0,0.0,0.0,0.0,0.0
59027,north east,bauchi,dambam,rural,406.0,2024,1070,guinea corn (sorghum),2.204890012741089,100.0,50000.0,50000.0,0.661467045545578,0.1406097114086151,0.0,0.6000000238418579,0.6000000238418579,0.1406097114086151,0.661467045545578,0.0,0.0,2.2148900125175714,2.204890012741089,2.204890012741089,0.0,0.0,0.0,30.0,0.0,0.0,0.0,3000.0,0.0,0.0,0.0,0.0,0.0,0.0,0.0,0.0,25.0,5.0,2.0,32.0,2,1.0,2.0,26.55906412532296,64.52221526442385,103.43658069024184,,,0.0,0.0,0.0,0.0,0.0
59028,north east,bauchi,dambam,rural,406.0,2024,1070,guinea corn (sorghum),0.058549001812934875,150.0,75000.0,75000.0,0.04683920368552208,0.015456938184797764,0.0,0.800000011920929,0.800000011920929,0.0,0.0,0.0,0.0,3.3631490068510175,3.358149006962776,3.358149006962776,0.0,0.0,0.0,55.0,0.0,0.0,0.0,5500.0,3.0,0.0,0.0,0.0,0.0,0.0,0.0,0.0,18.0,4.0,0.0,22.0,2,1.0,1.0,26.55906412532296,64.52221526442385,103.43658069024184,,,0.0,0.0,0.0,0.0,0.0
59030,north east,bauchi,dambam,rural,406.0,2024,1070,guinea corn (sorghum),0.195700004696846,50.0,25000.0,25000.0,0.059797223657369614,0.059797223657369614,0.0,0.3055555522441864,0.3055555522441864,0.059797223657369614,0.059797223657369614,0.0,0.0,1.2426299694925547,1.232629969716072,1.232629969716072,0.0,0.0,0.0,21.0,0.0,0.0,0.0,2100.0,0.0,0.0,0.0,0.0,0.0,0.0,0.0,0.0,27.0,3.0,3.0,33.0,2,2.0,2.0,26.55906412532296,64.52221526442385,103.43658069024184,,,0.0,0.0,0.0,0.0,0.0
59032,north east,bauchi,dambam,rural,406.0,2024,1070,guinea corn (sorghum),4.782360076904297,1300.0,650000.0,650000.0,1.434708058834076,0.809666208922863,0.0,1.2000000476837158,1.2000000476837158,0.809666208922863,1.434708058834076,0.0,0.0,4.7923600766807795,4.782360076904297,4.782360076904297,50.0,18.0,16.5,36.5,150.0,50.0,200.0,3650.0,2.0,0.0,1.0,0.0,0.0,960000.0,0.0,0.0,23.0,0.0,0.0,23.0,2,1.0,1.0,26.55906412532296,64.52221526442385,103.43658069024184,,,0.0,0.0,0.0,0.0,0.0
59034,north east,bauchi,dambam,rural,406.0,2024,1070,guinea corn (sorghum),1.8681000471115112,300.0,150000.0,150000.0,0.5604300498962402,0.2802150249481201,0.0,0.30000001192092896,0.30000001192092896,0.2802150249481201,0.5604300498962402,0.0,0.0,2.8190900525078177,2.811090052127838,2.811090052127838,0.0,0.0,0.0,37.5,0.0,0.0,0.0,3750.0,2.0,0.0,0.0,0.0,0.0,0.0,0.0,0.0,27.0,3.0,0.0,30.0,2,2.0,2.0,26.55906412532296,64.52221526442385,103.43658069024184,,,0.0,0.0,0.0,0.0,0.0
59035,north east,bauchi,dambam,rural,406.0,2024,1070,guinea corn (sorghum),1.1232700049877167,137.8000030517578,68900.001953125,68900.001953125,0.24606642872095108,0.24606642872095108,0.0,0.6904859393835068,0.6904859393835068,0.24606642872095108,0.24606642872095108,0.0,0.0,1.1332700047641993,1.1232700049877167,1.1232700049877167,18.0,12.0,11.0,20.0,100.0,0.0,100.0,2000.0,0.0,0.0,1.0,0.0,0.0,0.0,0.0,0.0,27.0,0.0,0.0,27.0,2,2.0,4.0,26.55906412532296,64.52221526442385,103.43658069024184,,,0.0,0.0,0.0,0.0,0.0
59036,north east,bauchi,dambam,rural,406.0,2024,1070,guinea corn (sorghum),1.9236199855804443,200.0,100000.0,100000.0,0.7694480419158936,0.3847240209579468,0.0,0.800000011920929,0.800000011920929,0.3847240209579468,0.7694480419158936,0.0,0.0,2.2310899971053004,2.2250899970531464,2.2250899970531464,0.0,0.0,0.0,37.5,0.0,0.0,0.0,3750.0,0.0,0.0,0.0,0.0,0.0,0.0,0.0,0.0,15.0,7.0,0.0,22.0,2,2.0,3.0,26.55906412532296,64.52221526442385,103.43658069024184,,,0.0,0.0,0.0,0.0,0.0
59040,north east,bauchi,dambam,rural,1162.0,2024,1070,guinea corn (sorghum),6.1458998918533325,1300.0,650000.0,650000.0,4.181563973426819,1.6031156182289124,0.0,2.19225811958313,2.1989247798919678,1.6031156182289124,4.181563973426819,0.0,0.0,6.150899891741574,6.1458998918533325,6.1458998918533325,0.0,0.0,0.0,57.5,0.0,0.0,0.0,5750.0,1.0,0.0,0.0,0.0,0.0,0.0,0.0,0.0,10.0,7.0,16.0,33.0,2,2.0,4.0,26.55906412532296,64.52221526442385,103.43658069024184,,,0.0,0.0,0.0,0.0,0.0
59041,north east,bauchi,dambam,rural,1162.0,2024,1070,guinea corn (sorghum),3.5961999893188477,500.0,250000.0,250000.0,0.8990499973297119,0.8990499973297119,0.0,0.25,0.25,0.8990499973297119,0.8990499973297119,0.0,0.0,4.225919966585934,4.220919966697693,4.220919966697693,0.0,0.0,0.0,15.0,0.0,0.0,0.0,1500.0,0.0,0.0,0.0,0.0,0.0,0.0,0.0,0.0,28.0,5.0,0.0,33.0,2,1.0,2.0,26.55906412532296,64.52221526442385,103.43658069024184,,,0.0,0.0,0.0,0.0,0.0
59042,north east,bauchi,dambam,rural,1162.0,2024,1070,guinea corn (sorghum),1.1328999996185303,300.0,150000.0,150000.0,0.5664499998092651,0.3738570213317871,0.0,0.5,0.5,0.3738570213317871,0.5664499998092651,0.0,0.0,1.7934200167655945,1.7284200191497803,1.7284200191497803,0.0,0.0,0.0,32.5,0.0,0.0,0.0,3250.0,1.0,0.0,0.0,0.0,0.0,0.0,0.0,0.0,21.0,3.0,0.0,24.0,2,2.0,2.0,26.55906412532296,64.52221526442385,103.43658069024184,,,0.0,0.0,0.0,0.0,0.0
59043,north east,bauchi,dambam,rural,1162.0,2024,1070,guinea corn (sorghum),1.2558300197124481,500.0,250000.0,250000.0,0.5750934779644012,0.5750934779644012,0.0,1.016129046678543,1.016129046678543,0.5750934779644012,0.5750934779644012,0.0,0.0,1.2608300196006894,1.2558300197124481,1.2558300197124481,9.0,6.0,5.5,10.0,50.0,0.0,50.0,1000.0,0.0,0.0,1.0,0.0,0.0,0.0,0.0,0.0,14.0,2.0,8.0,24.0,2,2.0,3.0,26.55906412532296,64.52221526442385,103.43658069024184,,,0.0,0.0,0.0,0.0,0.0
59044,north east,bauchi,dambam,rural,1162.0,2024,1070,guinea corn (sorghum),0.7003399729728699,600.0,300000.0,300000.0,0.5252549648284912,0.17333415150642395,0.0,0.75,0.75,0.17333415150642395,0.5252549648284912,0.0,0.0,2.277340004220605,2.2673400044441223,2.2673400044441223,27.0,18.0,16.5,35.0,150.0,0.0,150.0,3500.0,2.0,0.0,1.0,0.0,0.0,0.0,0.0,0.0,16.0,0.0,12.0,28.0,2,2.0,2.0,26.55906412532296,64.52221526442385,103.43658069024184,,,0.0,0.0,0.0,0.0,0.0
59046,north east,bauchi,dambam,rural,1162.0,2024,1070,guinea corn (sorghum),1.307800054550171,200.0,100000.0,100000.0,0.26156002283096313,0.13078001141548157,0.0,0.20000000298023224,0.20000000298023224,0.13078001141548157,0.26156002283096313,0.0,0.0,4.8996999356895685,4.889699935913086,4.889699935913086,0.0,0.0,0.0,22.5,0.0,0.0,0.0,2250.0,1.0,0.0,0.0,0.0,0.0,780000.0,0.0,0.0,14.0,8.0,4.0,26.0,2,1.0,1.0,26.55906412532296,64.52221526442385,103.43658069024184,,,0.0,0.0,0.0,0.0,0.0
59047,north east,bauchi,dambam,rural,1162.0,2024,1070,guinea corn (sorghum),0.8119699954986572,400.0,200000.0,200000.0,0.48718202114105225,0.24359101057052612,0.0,0.6000000238418579,0.6000000238418579,0.24359101057052612,0.48718202114105225,0.0,0.0,1.8539699981920421,1.8464699983596802,1.8464699983596802,18.0,12.0,11.0,32.5,100.0,0.0,100.0,3250.0,5.0,0.0,1.0,0.0,0.0,0.0,0.0,0.0,27.0,9.0,0.0,36.0,2,2.0,3.0,26.55906412532296,64.52221526442385,103.43658069024184,,,0.0,0.0,0.0,0.0,0.0
59048,north east,bauchi,dambam,rural,1162.0,2024,1070,guinea corn (sorghum),2.0035200119018555,800.0,400000.0,344000.0,1.148309051990509,0.6814843118190765,0.0,1.7000000476837158,1.7000000476837158,0.6814843118190765,1.148309051990509,129000.0,300.0,2.013520011678338,2.0035200119018555,2.0035200119018555,0.0,0.0,0.0,35.0,0.0,0.0,0.0,3500.0,1.0,0.0,0.0,0.0,0.0,0.0,0.0,0.0,15.0,0.0,0.0,15.0,2,1.0,1.0,26.55906412532296,64.52221526442385,103.43658069024184,,,0.0,0.0,0.0,0.0,0.0
59049,north east,bauchi,darazo,rural,1292.0,2024,1070,guinea corn (sorghum),2.2720999717712402,250.0,125000.0,125000.0,0.4544200003147125,0.4544200003147125,0.0,0.20000000298023224,0.20000000298023224,0.4544200003147125,0.4544200003147125,0.0,0.0,2.282099971547723,2.2720999717712402,2.2720999717712402,0.0,0.0,0.0,30.0,0.0,0.0,0.0,3000.0,0.0,0.0,0.0,0.0,0.0,0.0,0.0,0.0,43.0,5.0,0.0,48.0,2,1.0,1.0,26.55906412532296,64.52221526442385,103.43658069024184,,,0.0,0.0,0.0,0.0,0.0
59050,north east,bauchi,darazo,rural,1292.0,2024,1070,guinea corn (sorghum),3.5139999389648438,1000.0,500000.0,500000.0,1.0542000532150269,0.7906500101089478,0.0,0.30000001192092896,0.30000001192092896,0.7906500101089478,1.0542000532150269,0.0,0.0,3.9946099501103163,3.9901099503040314,3.9901099503040314,45.0,30.0,27.5,0.0,250.0,0.0,250.0,0.0,12.0,0.0,1.0,0.0,0.0,0.0,0.0,0.0,43.0,0.0,0.0,43.0,2,2.0,3.0,26.55906412532296,64.52221526442385,103.43658069024184,,,0.0,0.0,0.0,0.0,0.0
59054,north east,bauchi,darazo,rural,1292.0,2024,1070,guinea corn (sorghum),1.4811699911952019,700.0,350000.0,350000.0,0.3800499960780144,0.20678819715976715,0.0,1.2000000029802322,1.2000000029802322,0.20678819715976715,0.3800499960780144,0.0,0.0,1.4861699910834432,1.4811699911952019,1.4811699911952019,82.0,24.0,22.0,13.5,200.0,100.0,300.0,1350.0,0.0,0.0,1.0,0.0,0.0,492000.0,0.0,0.0,21.0,10.0,4.0,35.0,2,1.0,2.0,26.55906412532296,64.52221526442385,103.43658069024184,,,0.0,0.0,0.0,0.0,0.0
59056,north east,bauchi,darazo,rural,1292.0,2024,1070,guinea corn (sorghum),1.3595000505447388,100.0,50000.0,50000.0,0.4078500270843506,0.2039250135421753,0.0,0.30000001192092896,0.30000001192092896,0.2039250135421753,0.4078500270843506,0.0,0.0,1.36450005043298,1.3595000505447388,1.3595000505447388,0.0,0.0,0.0,12.5,0.0,0.0,0.0,1250.0,2.0,0.0,0.0,0.0,0.0,0.0,0.0,0.0,11.0,0.0,0.0,11.0,2,2.0,2.0,26.55906412532296,64.52221526442385,103.43658069024184,,,0.0,0.0,0.0,0.0,0.0
59059,north east,bauchi,darazo,rural,1292.0,2024,1070,guinea corn (sorghum),1.2479000091552734,1500.0,750000.0,750000.0,0.6642048954963684,0.4981536865234375,0.0,0.5322580933570862,0.5322580933570862,0.4981536865234375,0.6642048954963684,0.0,0.0,3.3670999705791473,2.967099964618683,2.967099964618683,123.0,36.0,33.0,0.0,300.0,150.0,450.0,0.0,7.0,0.0,1.0,0.0,0.0,0.0,0.0,0.0,28.0,12.0,6.0,46.0,2,2.0,4.0,26.55906412532296,64.52221526442385,103.43658069024184,,,0.0,0.0,0.0,0.0,0.0
59063,north east,bauchi,darazo,rural,1716.0,2024,1070,guinea corn (sorghum),1.4156999588012695,1500.0,750000.0,750000.0,0.22542990744113922,0.11271495372056961,0.0,0.1592356562614441,0.1592356562614441,0.11271495372056961,0.22542990744113922,0.0,0.0,2.279699930921197,2.2696999311447144,2.2696999311447144,63.0,42.0,38.5,175.0,350.0,0.0,350.0,17500.0,7.0,0.0,1.0,0.0,0.0,909600.0,0.0,0.0,39.0,28.0,4.0,71.0,2,2.0,2.0,26.55906412532296,64.52221526442385,103.43658069024184,,,0.0,0.0,0.0,0.0,0.0
59068,north east,bauchi,darazo,rural,1716.0,2024,1070,guinea corn (sorghum),2.612499952316284,700.0,350000.0,350000.0,0.5224999785423279,0.26124998927116394,0.0,0.20000000298023224,0.20000000298023224,0.26124998927116394,0.5224999785423279,0.0,0.0,6.6799999522045255,6.674999952316284,6.674999952316284,32.0,6.0,5.5,20.0,50.0,50.0,100.0,2000.0,2.0,0.0,1.0,0.0,0.0,960000.0,0.0,200000.0,43.0,0.0,0.0,43.0,2,1.0,1.0,26.55906412532296,64.52221526442385,103.43658069024184,,,0.0,0.0,0.0,0.0,0.0
59072,north east,bauchi,darazo,rural,1716.0,2024,1070,guinea corn (sorghum),2.2725000381469727,100.0,50000.0,50000.0,0.6817500591278076,0.3408750295639038,0.0,0.30000001192092896,0.30000001192092896,0.3408750295639038,0.6817500591278076,0.0,0.0,4.161599998362362,4.156599998474121,4.156599998474121,64.0,12.0,11.0,15.0,100.0,100.0,200.0,1500.0,2.0,0.0,1.0,0.0,0.0,840000.0,0.0,0.0,28.0,11.0,0.0,39.0,2,1.0,1.0,26.55906412532296,64.52221526442385,103.43658069024184,,,0.0,0.0,0.0,0.0,0.0
59073,north east,bauchi,dass,rural,696.0,2024,1070,guinea corn (sorghum),0.6519899964332581,600.0,300000.0,300000.0,0.48313362896442413,0.2163059003651142,0.0,1.4680851101875305,1.4680851101875305,0.2163059003651142,0.48313362896442413,0.0,0.0,1.286003015935421,1.1930999755859375,1.1930999755859375,9.0,6.0,5.5,0.0,50.0,0.0,50.0,0.0,0.0,1.0,1.0,0.0,0.0,0.0,0.0,0.0,10.0,5.0,0.0,15.0,2,1.0,1.0,24.591064886911383,54.85062838338896,98.87,,,0.0,0.0,0.0,0.0,0.0
59077,north east,bauchi,dass,rural,696.0,2024,1070,guinea corn (sorghum),0.20419999957084656,200.0,100000.0,100000.0,0.06738600134849548,0.02223738096654415,0.0,0.33000001311302185,0.3333333432674408,0.02223738096654415,0.06738600134849548,0.0,0.0,0.676815995015204,0.6718159951269627,0.6718159951269627,32.0,6.0,5.5,0.0,50.0,50.0,100.0,0.0,0.0,2.0,1.0,0.0,0.0,0.0,0.0,0.0,14.0,2.0,1.0,17.0,2,1.0,1.0,24.591064886911383,54.85062838338896,98.87,,,0.0,0.0,0.0,0.0,0.0
59079,north east,bauchi,dass,rural,696.0,2024,1070,guinea corn (sorghum),1.509930044412613,900.0,450000.0,630000.0,0.6744309216737747,0.5449059158563614,0.0,0.8300000131130219,0.8333333432674408,0.5449059158563614,0.6744309216737747,210000.0,300.0,2.320530027151108,2.320530027151108,2.320530027151108,133.4,0.0,0.0,0.0,0.0,290.0,290.0,0.0,0.0,2.003,1.0,0.0,0.0,0.0,0.0,0.0,16.0,2.0,0.0,18.0,2,1.0,1.0,24.591064886911383,54.85062838338896,98.87,,,0.0,0.0,0.0,0.0,0.0
59081,north east,bauchi,dass,rural,696.0,2024,1070,guinea corn (sorghum),0.1344199925661087,500.0,250000.0,240000.0,0.06720999628305435,0.02217929996550083,0.0,0.5,0.5,0.02217929996550083,0.06720999628305435,96000.0,200.0,0.1344199925661087,0.1344199925661087,0.1344199925661087,0.0,0.0,0.0,0.0,0.0,0.0,0.0,0.0,0.0,0.0,0.0,0.0,0.0,0.0,0.0,0.0,24.0,0.0,0.0,24.0,2,1.0,1.0,24.591064886911383,54.85062838338896,98.87,,,0.0,0.0,0.0,0.0,0.0
59083,north east,bauchi,dass,rural,696.0,2024,1070,guinea corn (sorghum),0.36166998744010925,150.0,75000.0,75000.0,0.18083499372005463,0.09041749686002731,0.0,0.5,0.5,0.09041749686002731,0.18083499372005463,0.0,0.0,0.736629992723465,0.736629992723465,0.736629992723465,9.0,6.0,5.5,0.0,50.0,0.0,50.0,0.0,0.0,2.0,1.0,0.0,0.0,212400.0,0.0,0.0,9.0,11.0,0.0,20.0,2,1.0,1.0,24.591064886911383,54.85062838338896,98.87,,,0.0,0.0,0.0,0.0,0.0
59084,north east,bauchi,dass,rural,696.0,2024,1070,guinea corn (sorghum),1.0161599814891815,700.0,350000.0,350000.0,0.43515346944332123,0.43515346944332123,0.0,0.8989655077457428,0.9022988975048065,0.43515346944332123,0.43515346944332123,0.0,0.0,1.0161599814891815,1.0161599814891815,1.0161599814891815,46.0,0.0,0.0,0.0,0.0,100.0,100.0,0.0,0.0,6.0,1.0,0.0,0.0,0.0,0.0,0.0,20.0,12.0,0.0,32.0,2,1.0,1.0,24.591064886911383,54.85062838338896,98.87,,,0.0,0.0,0.0,0.0,0.0
59085,north east,bauchi,gamawa,rural,230.0,2024,1070,guinea corn (sorghum),6.312900066375732,600.0,300000.0,300000.0,1.8938701152801514,1.249954342842102,0.0,0.30000001192092896,0.30000001192092896,1.249954342842102,1.8938701152801514,0.0,0.0,6.322900066152215,6.312900066375732,6.312900066375732,0.0,0.0,0.0,80.0,0.0,0.0,0.0,8000.0,0.0,0.0,0.0,0.0,0.0,0.0,0.0,0.0,15.0,16.0,4.0,35.0,2,2.0,2.0,26.55906412532296,64.52221526442385,103.43658069024184,,,0.0,0.0,0.0,0.0,0.0
59087,north east,bauchi,gamawa,rural,230.0,2024,1070,guinea corn (sorghum),2.0299999713897705,400.0,200000.0,200000.0,0.6246153712272644,0.4122461676597595,0.0,0.3076923191547394,0.3076923191547394,0.4122461676597595,0.6246153712272644,0.0,0.0,2.039999971166253,2.0299999713897705,2.0299999713897705,0.0,0.0,0.0,0.0,0.0,0.0,0.0,0.0,0.0,0.0,0.0,0.0,0.0,0.0,0.0,0.0,42.0,0.0,0.0,42.0,2,1.0,1.0,26.55906412532296,64.52221526442385,103.43658069024184,,,0.0,0.0,0.0,0.0,0.0
59088,north east,bauchi,gamawa,rural,230.0,2024,1070,guinea corn (sorghum),5.865500211715698,600.0,300000.0,300000.0,1.8999868333339691,0.6269956827163696,0.0,0.6333333551883698,0.6333333551883698,0.6269956827163696,1.8999868333339691,0.0,0.0,6.284900197759271,6.274900197982788,6.274900197982788,0.0,0.0,0.0,26.5,0.0,0.0,0.0,2650.0,0.0,0.0,0.0,0.0,0.0,0.0,0.0,0.0,44.0,2.0,0.0,46.0,2,2.0,3.0,26.55906412532296,64.52221526442385,103.43658069024184,,,0.0,0.0,0.0,0.0,0.0
59089,north east,bauchi,gamawa,rural,230.0,2024,1070,guinea corn (sorghum),2.9470999240875244,300.0,150000.0,150000.0,0.8841300010681152,0.8841300010681152,0.0,0.30000001192092896,0.30000001192092896,0.8841300010681152,0.8841300010681152,0.0,0.0,6.186399945989251,6.1763999462127686,6.1763999462127686,0.0,0.0,0.0,57.0,0.0,0.0,0.0,5700.0,0.0,0.0,0.0,0.0,0.0,0.0,0.0,0.0,36.0,5.0,0.0,41.0,2,1.0,1.0,26.55906412532296,64.52221526442385,103.43658069024184,,,0.0,0.0,0.0,0.0,0.0
59090,north east,bauchi,gamawa,rural,230.0,2024,1070,guinea corn (sorghum),7.052799940109253,900.0,450000.0,450000.0,2.1158400177955627,1.0579200088977814,0.0,0.6000000238418579,0.6000000238418579,1.0579200088977814,2.1158400177955627,0.0,0.0,7.137799941003323,7.052799940109253,7.052799940109253,0.0,0.0,0.0,50.0,0.0,0.0,0.0,5000.0,0.0,0.0,0.0,0.0,0.0,0.0,0.0,0.0,37.0,18.0,0.0,55.0,2,2.0,3.0,26.55906412532296,64.52221526442385,103.43658069024184,,,0.0,0.0,0.0,0.0,0.0
59092,north east,bauchi,gamawa,rural,230.0,2024,1070,guinea corn (sorghum),1.2037999629974365,300.0,150000.0,150000.0,0.4012666642665863,0.26483601331710815,0.0,0.3333333432674408,0.3333333432674408,0.26483601331710815,0.4012666642665863,0.0,0.0,1.6936599658802152,1.6886599659919739,1.6886599659919739,0.0,0.0,0.0,50.0,0.0,0.0,0.0,5000.0,0.0,0.0,0.0,0.0,0.0,0.0,0.0,0.0,30.0,4.0,0.0,34.0,2,1.0,2.0,26.55906412532296,64.52221526442385,103.43658069024184,,,0.0,0.0,0.0,0.0,0.0
59093,north east,bauchi,gamawa,rural,230.0,2024,1070,guinea corn (sorghum),5.216799974441528,300.0,150000.0,150000.0,1.554971158504486,1.0262810289859772,0.0,0.5941176414489746,0.594117671251297,1.0262810289859772,1.554971158504486,0.0,0.0,5.226799974218011,5.216799974441528,5.216799974441528,0.0,0.0,0.0,75.0,0.0,0.0,0.0,7500.0,0.0,0.0,0.0,0.0,0.0,0.0,0.0,0.0,70.0,27.0,10.0,107.0,2,1.0,1.0,26.55906412532296,64.52221526442385,103.43658069024184,,,0.0,0.0,0.0,0.0,0.0
59094,north east,bauchi,gamawa,rural,230.0,2024,1070,guinea corn (sorghum),0.579479992389679,70.0,35000.0,35000.0,0.17384400963783264,0.08692200481891632,0.0,0.30000001192092896,0.30000001192092896,0.08692200481891632,0.17384400963783264,0.0,0.0,0.9115600036457181,0.9065600037574768,0.9065600037574768,0.0,0.0,0.0,0.0,0.0,0.0,0.0,0.0,0.0,0.0,0.0,0.0,0.0,0.0,0.0,0.0,22.0,0.0,0.0,22.0,2,1.0,2.0,26.55906412532296,64.52221526442385,103.43658069024184,,,0.0,0.0,0.0,0.0,0.0
59095,north east,bauchi,gamawa,rural,230.0,2024,1070,guinea corn (sorghum),2.9163999557495117,500.0,250000.0,250000.0,0.8749200105667114,0.8749200105667114,0.0,0.30000001192092896,0.30000001192092896,0.8749200105667114,0.8749200105667114,0.0,0.0,9.637500151060522,9.629500150680542,9.629500150680542,0.0,0.0,0.0,115.0,0.0,0.0,0.0,11500.0,0.0,0.0,0.0,0.0,0.0,0.0,0.0,0.0,42.0,56.0,0.0,98.0,2,1.0,3.0,26.55906412532296,64.52221526442385,103.43658069024184,,,0.0,0.0,0.0,0.0,0.0
59097,north east,bauchi,giade,rural,1064.0,2024,1070,guinea corn (sorghum),0.8254100233316422,530.0,265000.0,175000.0,0.5145520269870758,0.5145520269870758,0.0,1.300000011920929,1.300000011920929,0.5145520269870758,0.5145520269870758,70000.0,212.0,0.832410023547709,0.8254100233316422,0.8254100233316422,18.0,12.0,11.0,8.0,100.0,0.0,100.0,800.0,0.0,0.0,1.0,0.0,0.0,1920000.0,0.0,0.0,13.0,18.0,0.0,31.0,2,2.0,2.0,26.730333735014213,48.250452261772345,99.26666666666668,,,0.0,0.0,0.0,0.0,0.0
59098,north east,bauchi,giade,rural,1064.0,2024,1070,guinea corn (sorghum),2.244529962539673,1000.0,500000.0,500000.0,1.7311999797821045,0.9665601402521133,0.0,1.699999988079071,1.699999988079071,0.9665601402521133,1.7311999797821045,0.0,0.0,2.250529962591827,2.244529962539673,2.244529962539673,50.0,18.0,16.5,0.0,150.0,50.0,200.0,0.0,0.0,0.0,1.0,0.0,0.0,360000.0,0.0,0.0,16.0,10.0,0.0,26.0,2,2.0,3.0,26.730333735014213,48.250452261772345,99.26666666666668,,,0.0,0.0,0.0,0.0,0.0
59099,north east,bauchi,giade,rural,1064.0,2024,1070,guinea corn (sorghum),0.9852499961853027,106.0,53000.0,53000.0,0.39435499906539917,0.39435499906539917,0.0,0.800000011920929,0.800000011920929,0.39435499906539917,0.39435499906539917,0.0,0.0,0.990249996073544,0.9852499961853027,0.9852499961853027,0.0,0.0,0.0,20.0,0.0,0.0,0.0,2000.0,0.0,0.0,0.0,0.0,0.0,1104000.0,0.0,0.0,13.0,20.0,0.0,33.0,2,1.0,1.0,26.730333735014213,48.250452261772345,99.26666666666668,,,0.0,0.0,0.0,0.0,0.0
59101,north east,bauchi,giade,rural,1064.0,2024,1070,guinea corn (sorghum),0.6403100043535233,600.0,300000.0,300000.0,0.14821990951895714,0.14821990951895714,0.0,0.46296295523643494,0.46296295523643494,0.14821990951895714,0.14821990951895714,50000.0,100.0,0.6453100042417645,0.6403100043535233,0.6403100043535233,0.0,0.0,0.0,45.0,0.0,0.0,0.0,4500.0,0.0,0.0,0.0,0.0,0.0,600000.0,0.0,0.0,10.0,17.0,6.0,33.0,2,2.0,2.0,26.730333735014213,48.250452261772345,99.26666666666668,,,0.0,0.0,0.0,0.0,0.0
59102,north east,bauchi,giade,rural,1064.0,2024,1070,guinea corn (sorghum),0.39921000599861145,200.0,100000.0,100000.0,0.2634786069393158,0.1317393034696579,0.0,0.6600000262260437,0.6666666865348816,0.1317393034696579,0.2634786069393158,0.0,0.0,0.8574999962002039,0.8474999964237213,0.8474999964237213,18.0,12.0,11.0,0.0,100.0,0.0,100.0,0.0,0.0,0.0,1.0,0.0,0.0,0.0,0.0,0.0,25.0,6.0,13.0,44.0,2,2.0,3.0,26.730333735014213,48.250452261772345,99.26666666666668,,,0.0,0.0,0.0,0.0,0.0
59103,north east,bauchi,giade,rural,1064.0,2024,1070,guinea corn (sorghum),0.6131899952888489,119.25000762939453,59625.00390625,59625.00390625,0.30659499764442444,0.15329749882221222,0.0,0.5,0.5,0.15329749882221222,0.30659499764442444,0.0,0.0,1.0054499814286828,0.998449981212616,0.998449981212616,18.0,12.0,11.0,0.0,100.0,0.0,100.0,0.0,0.0,0.0,1.0,0.0,0.0,252000.0,0.0,0.0,36.0,6.0,6.0,48.0,2,2.0,2.0,26.730333735014213,48.250452261772345,99.26666666666668,,,0.0,0.0,0.0,0.0,0.0
59104,north east,bauchi,giade,rural,1064.0,2024,1070,guinea corn (sorghum),0.7585299909114838,300.0,150000.0,150000.0,0.3792649954557419,0.21853969991207123,0.0,1.0,1.0,0.21853969991207123,0.3792649954557419,0.0,0.0,0.7635299907997251,0.7585299909114838,0.7585299909114838,18.0,12.0,11.0,0.0,100.0,0.0,100.0,0.0,1.0,0.0,1.0,0.0,0.0,1164000.0,0.0,0.0,24.0,8.0,0.0,32.0,2,1.0,1.0,26.730333735014213,48.250452261772345,99.26666666666668,,,0.0,0.0,0.0,0.0,0.0
59105,north east,bauchi,giade,rural,1064.0,2024,1070,guinea corn (sorghum),0.5111899971961975,150.0,75000.0,75000.0,0.5111899971961975,0.1686927080154419,0.0,1.0,1.0,0.1686927080154419,0.5111899971961975,0.0,0.0,0.7098299907520413,0.7048299908638,0.7048299908638,0.0,0.0,0.0,0.0,0.0,0.0,0.0,0.0,0.0,0.0,0.0,0.0,0.0,200000.0,0.0,0.0,14.0,6.0,3.0,23.0,2,1.0,1.0,26.730333735014213,48.250452261772345,99.26666666666668,,,0.0,0.0,0.0,0.0,0.0
59106,north east,bauchi,giade,rural,1064.0,2024,1070,guinea corn (sorghum),0.7186200022697449,1500.0,750000.0,750000.0,0.4311720132827759,0.3233790099620819,0.0,0.6000000238418579,0.6000000238418579,0.3233790099620819,0.4311720132827759,0.0,0.0,0.7266200026497245,0.7186200022697449,0.7186200022697449,0.0,0.0,0.0,0.0,0.0,0.0,0.0,0.0,0.0,0.0,0.0,0.0,0.0,0.0,0.0,0.0,33.0,6.0,4.0,43.0,2,3.0,3.0,26.730333735014213,48.250452261772345,99.26666666666668,,,0.0,0.0,0.0,0.0,0.0
59108,north east,bauchi,giade,rural,1064.0,2024,1070,guinea corn (sorghum),0.9725500047206879,450.0,225000.0,225000.0,0.24425946921110153,0.05074248090386391,0.0,0.517969936132431,0.52130326628685,0.05074248090386391,0.24425946921110153,0.0,0.0,0.9825500044971704,0.9725500047206879,0.9725500047206879,41.0,12.0,11.0,0.0,100.0,50.0,150.0,0.0,0.25,0.0,1.0,0.0,0.0,560000.0,0.0,0.0,14.0,20.0,16.0,50.0,2,2.0,2.0,26.730333735014213,48.250452261772345,99.26666666666668,,,0.0,0.0,0.0,0.0,0.0
59111,north east,bauchi,ganjuwa,rural,2196.0,2024,1070,guinea corn (sorghum),0.29058000445365906,100.0,50000.0,50000.0,0.1162320002913475,0.1162320002913475,0.0,0.4000000059604645,0.4000000059604645,0.1162320002913475,0.1162320002913475,0.0,0.0,0.6023400109261274,0.5978400111198425,0.5978400111198425,0.0,0.0,0.0,0.0,0.0,0.0,0.0,0.0,0.0,0.0,0.0,0.0,0.0,0.0,0.0,0.0,11.0,18.0,0.0,29.0,2,2.0,2.0,26.31232591768632,52.16544064392534,92.42166666666668,,,0.0,0.0,0.0,0.0,0.0
59112,north east,bauchi,ganjuwa,rural,2196.0,2024,1070,guinea corn (sorghum),0.43911001086235046,300.0,150000.0,150000.0,0.08782200515270233,0.05796252563595772,0.0,0.20000000298023224,0.20000000298023224,0.05796252563595772,0.08782200515270233,0.0,0.0,1.0002770023420453,0.995277002453804,0.995277002453804,0.0,0.0,0.0,0.0,0.0,0.0,0.0,0.0,0.0,0.0,0.0,0.0,0.0,720000.0,0.0,0.0,11.0,0.0,0.0,11.0,2,1.0,2.0,26.31232591768632,52.16544064392534,92.42166666666668,,,0.0,0.0,0.0,0.0,0.0
59113,north east,bauchi,ganjuwa,rural,2196.0,2024,1070,guinea corn (sorghum),0.46803000569343567,500.0,250000.0,250000.0,0.06724569201469421,0.06724569201469421,0.0,0.14367815852165222,0.14367815852165222,0.06724569201469421,0.06724569201469421,0.0,0.0,2.0097300205379725,1.9997300207614899,1.9997300207614899,0.0,0.0,0.0,0.0,0.0,0.0,0.0,0.0,0.0,0.0,0.0,0.0,0.0,600000.0,0.0,0.0,25.0,0.0,6.0,31.0,2,2.0,3.0,26.31232591768632,52.16544064392534,92.42166666666668,,,0.0,0.0,0.0,0.0,0.0
59115,north east,bauchi,ganjuwa,rural,2196.0,2024,1070,guinea corn (sorghum),0.9957900047302246,800.0,400000.0,400000.0,0.2987370193004608,0.19716644287109375,0.0,0.30000001192092896,0.30000001192092896,0.19716644287109375,0.2987370193004608,0.0,0.0,2.180290024727583,2.1747900247573853,2.1747900247573853,0.0,0.0,0.0,0.0,0.0,0.0,0.0,0.0,0.0,0.0,0.0,0.0,0.0,0.0,0.0,70000.0,26.0,3.0,0.0,29.0,2,2.0,2.0,26.31232591768632,52.16544064392534,92.42166666666668,,,0.0,0.0,0.0,0.0,0.0
59118,north east,bauchi,ganjuwa,rural,2196.0,2024,1070,guinea corn (sorghum),3.909000039100647,200.0,100000.0,100000.0,1.2079600393772125,0.30199000984430313,0.0,0.6000000089406967,0.6000000089406967,0.30199000984430313,1.2079600393772125,0.0,0.0,4.679040024057031,4.669040024280548,4.669040024280548,0.0,0.0,0.0,0.0,0.0,0.0,0.0,0.0,0.0,0.0,0.0,0.0,0.0,204000.0,0.0,0.0,30.0,9.0,0.0,39.0,2,1.0,1.0,26.31232591768632,52.16544064392534,92.42166666666668,,,0.0,0.0,0.0,0.0,0.0
59119,north east,bauchi,ganjuwa,rural,2196.0,2024,1070,guinea corn (sorghum),3.33240008354187,500.0,250000.0,250000.0,1.666200041770935,0.8331000208854675,0.0,0.5,0.5,0.8331000208854675,1.666200041770935,0.0,0.0,3.3374000834301114,3.33240008354187,3.33240008354187,0.0,0.0,0.0,0.0,0.0,0.0,0.0,0.0,0.0,0.0,0.0,0.0,0.0,0.0,0.0,0.0,11.0,22.0,4.0,37.0,2,2.0,2.0,26.31232591768632,52.16544064392534,92.42166666666668,,,0.0,0.0,0.0,0.0,0.0
59121,north east,bauchi,jamare,rural,796.0,2024,1070,guinea corn (sorghum),3.225000023841858,320.0,160000.0,160000.0,1.632960021495819,0.8300808221101761,0.0,1.0000000298023224,1.0000000298023224,0.8300808221101761,1.632960021495819,0.0,0.0,3.2350000236183405,3.225000023841858,3.225000023841858,0.0,0.0,0.0,0.0,0.0,0.0,0.0,0.0,0.0,0.0,0.0,0.0,0.0,0.0,0.0,0.0,41.0,8.0,4.0,53.0,2,2.0,2.0,26.55906412532296,64.52221526442385,103.43658069024184,,,0.0,0.0,0.0,0.0,0.0
59122,north east,bauchi,jamare,rural,796.0,2024,1070,guinea corn (sorghum),2.323200047016144,300.0,150000.0,150000.0,0.6481681168079376,0.3240840584039688,0.0,0.5716845989227295,0.5716845989227295,0.3240840584039688,0.6481681168079376,0.0,0.0,2.3332000467926264,2.323200047016144,2.323200047016144,0.0,0.0,0.0,0.0,0.0,0.0,0.0,0.0,0.0,0.0,0.0,0.0,0.0,650000.0,0.0,0.0,65.0,0.0,6.0,71.0,2,2.0,3.0,26.55906412532296,64.52221526442385,103.43658069024184,,,0.0,0.0,0.0,0.0,0.0
59124,north east,bauchi,jamare,rural,796.0,2024,1070,guinea corn (sorghum),0.779870018362999,371.0,185500.0,185500.0,0.4051389992237091,0.3535429835319519,0.0,1.149999976158142,1.149999976158142,0.3535429835319519,0.4051389992237091,0.0,0.0,0.7889700187370181,0.779870018362999,0.779870018362999,0.0,0.0,0.0,0.0,0.0,0.0,0.0,0.0,0.0,0.0,0.0,0.0,0.0,0.0,0.0,0.0,55.0,16.0,0.0,71.0,2,2.0,2.0,26.55906412532296,64.52221526442385,103.43658069024184,,,0.0,0.0,0.0,0.0,0.0
59125,north east,bauchi,jamare,rural,796.0,2024,1070,guinea corn (sorghum),3.391299843788147,400.0,200000.0,200000.0,1.1191289722919464,0.6830689758062363,0.0,0.6600000262260437,0.6666666865348816,0.6830689758062363,1.1191289722919464,0.0,0.0,4.636399874463677,4.626399874687195,4.626399874687195,0.0,0.0,0.0,0.0,0.0,0.0,0.0,0.0,0.0,0.0,0.0,0.0,0.0,54000.0,0.0,0.0,26.0,4.0,4.0,34.0,2,2.0,3.0,26.55906412532296,64.52221526442385,103.43658069024184,,,0.0,0.0,0.0,0.0,0.0
59127,north east,bauchi,jamare,rural,796.0,2024,1070,guinea corn (sorghum),1.6748999953269958,800.0,400000.0,400000.0,1.0322439670562744,1.0322439670562744,0.0,1.199999988079071,1.199999988079071,1.0322439670562744,1.0322439670562744,0.0,0.0,1.6798999952152371,1.6748999953269958,1.6748999953269958,0.0,0.0,0.0,0.0,0.0,0.0,0.0,0.0,0.0,0.0,0.0,0.0,0.0,0.0,0.0,0.0,34.0,7.0,0.0,41.0,2,2.0,3.0,26.55906412532296,64.52221526442385,103.43658069024184,,,0.0,0.0,0.0,0.0,0.0
59128,north east,bauchi,jamare,rural,796.0,2024,1070,guinea corn (sorghum),1.6042900681495667,500.0,250000.0,250000.0,0.6879444718360901,0.4825785309076309,0.0,0.9900000393390656,1.0000000298023224,0.4825785309076309,0.6879444718360901,0.0,0.0,1.6142900679260492,1.6042900681495667,1.6042900681495667,0.0,0.0,0.0,0.0,0.0,0.0,0.0,0.0,0.0,0.0,0.0,0.0,0.0,0.0,0.0,0.0,44.0,10.0,10.0,64.0,2,2.0,3.0,26.55906412532296,64.52221526442385,103.43658069024184,,,0.0,0.0,0.0,0.0,0.0
59130,north east,bauchi,jamare,rural,796.0,2024,1070,guinea corn (sorghum),1.2805699706077576,40.0,20000.0,20000.0,0.46310780942440033,0.1324547976255417,0.0,0.7347826361656189,0.7347826361656189,0.1324547976255417,0.46310780942440033,0.0,0.0,1.340569969266653,1.2805699706077576,1.2805699706077576,0.0,0.0,0.0,0.0,0.0,0.0,0.0,0.0,0.0,0.0,0.0,0.0,0.0,0.0,0.0,0.0,19.0,9.0,20.0,48.0,2,2.0,2.0,26.55906412532296,64.52221526442385,103.43658069024184,,,0.0,0.0,0.0,0.0,0.0
59132,north east,bauchi,jamare,rural,796.0,2024,1070,guinea corn (sorghum),2.010499954223633,300.0,150000.0,150000.0,0.6143194437026978,0.20272542536258698,0.0,0.3055555522441864,0.3055555522441864,0.20272542536258698,0.6143194437026978,0.0,0.0,2.5381199810653925,2.52811998128891,2.52811998128891,0.0,0.0,0.0,0.0,0.0,0.0,0.0,0.0,0.0,0.0,0.0,0.0,0.0,480000.0,0.0,0.0,74.0,20.0,0.0,94.0,2,2.0,2.0,26.55906412532296,64.52221526442385,103.43658069024184,,,0.0,0.0,0.0,0.0,0.0
59143,north east,bauchi,misau,rural,1964.0,2024,1070,guinea corn (sorghum),0.8088300228118896,350.0,175000.0,175000.0,0.21525315940380096,0.21525315940380096,0.0,0.2661290466785431,0.2661290466785431,0.21525315940380096,0.21525315940380096,0.0,0.0,0.8138300227001309,0.8088300228118896,0.8088300228118896,55.0,6.0,5.5,0.0,50.0,100.0,150.0,0.0,0.0,0.0,1.0,0.0,0.0,0.0,480000.0,0.0,23.0,3.0,6.0,32.0,2,2.0,2.0,26.55906412532296,64.52221526442385,103.43658069024184,,,0.0,0.0,0.0,0.0,0.0
59144,north east,bauchi,misau,rural,1964.0,2024,1070,guinea corn (sorghum),0.3427099883556366,500.0,250000.0,250000.0,0.2398969829082489,0.15833202004432678,0.0,0.699999988079071,0.699999988079071,0.15833202004432678,0.2398969829082489,0.0,0.0,0.3477099882438779,0.3427099883556366,0.3427099883556366,0.0,0.0,0.0,12.5,0.0,0.0,0.0,1250.0,1.0,0.0,0.0,0.0,0.0,2400000.0,0.0,124000.0,44.0,0.0,0.0,44.0,2,1.0,1.0,26.55906412532296,64.52221526442385,103.43658069024184,,,0.0,0.0,0.0,0.0,0.0
59145,north east,bauchi,shira,rural,134.0,2024,1070,guinea corn (sorghum),0.6572700142860413,159.0,79500.0,79500.0,0.49295252561569214,0.49295252561569214,0.0,0.75,0.75,0.49295252561569214,0.49295252561569214,0.0,0.0,1.678669998422265,1.6686699986457825,1.6686699986457825,0.0,0.0,0.0,0.0,0.0,0.0,0.0,0.0,0.0,0.0,0.0,0.0,0.0,360000.0,840000.0,0.0,50.0,0.0,6.0,56.0,2,3.0,4.0,26.55906412532296,64.52221526442385,103.43658069024184,,,0.0,0.0,0.0,0.0,0.0
59147,north east,bauchi,shira,rural,134.0,2024,1070,guinea corn (sorghum),0.3118799924850464,200.0,100000.0,100000.0,0.1559399962425232,0.1559399962425232,0.0,0.5,0.5,0.1559399962425232,0.1559399962425232,0.0,0.0,0.7866799971088767,0.7786799967288971,0.7786799967288971,0.0,0.0,0.0,0.0,0.0,0.0,0.0,0.0,0.0,0.0,0.0,0.0,0.0,0.0,0.0,0.0,15.0,2.0,0.0,17.0,2,2.0,3.0,26.55906412532296,64.52221526442385,103.43658069024184,,,0.0,0.0,0.0,0.0,0.0
59149,north east,bauchi,shira,rural,134.0,2024,1070,guinea corn (sorghum),0.06765100359916687,200.0,100000.0,100000.0,0.05073825269937515,0.025369126349687576,0.0,0.75,0.75,0.025369126349687576,0.05073825269937515,0.0,0.0,0.6557209882885218,0.6457209885120392,0.6457209885120392,0.0,0.0,0.0,0.0,0.0,0.0,0.0,0.0,0.0,0.0,0.0,0.0,0.0,1404000.0,0.0,0.0,47.0,0.0,4.0,51.0,2,2.0,3.0,26.55906412532296,64.52221526442385,103.43658069024184,,,0.0,0.0,0.0,0.0,0.0
59150,north east,bauchi,shira,rural,134.0,2024,1070,guinea corn (sorghum),0.3973900079727173,500.0,250000.0,250000.0,0.11921700835227966,0.07868322730064392,0.0,0.30000001192092896,0.30000001192092896,0.07868322730064392,0.11921700835227966,0.0,0.0,0.9244200037792325,0.9194200038909912,0.9194200038909912,0.0,0.0,0.0,0.0,0.0,0.0,0.0,0.0,0.0,0.0,0.0,0.0,0.0,0.0,0.0,0.0,32.0,4.0,0.0,36.0,2,1.0,2.0,26.55906412532296,64.52221526442385,103.43658069024184,,,0.0,0.0,0.0,0.0,0.0
59153,north east,bauchi,shira,rural,134.0,2024,1070,guinea corn (sorghum),0.349590003490448,500.0,250000.0,250000.0,0.24471299350261688,0.12235649675130844,0.0,0.699999988079071,0.699999988079071,0.12235649675130844,0.24471299350261688,0.0,0.0,0.699019999243319,0.6920199990272522,0.6920199990272522,0.0,0.0,0.0,0.0,0.0,0.0,0.0,0.0,0.0,0.0,0.0,0.0,0.0,100000.0,0.0,0.0,44.0,0.0,0.0,44.0,2,2.0,3.0,26.55906412532296,64.52221526442385,103.43658069024184,,,0.0,0.0,0.0,0.0,0.0
59154,north east,bauchi,shira,rural,134.0,2024,1070,guinea corn (sorghum),0.7208200097084045,500.0,250000.0,250000.0,0.4324920177459717,0.32436901330947876,0.0,0.6000000238418579,0.6000000238418579,0.32436901330947876,0.4324920177459717,0.0,0.0,0.7278200099244714,0.7208200097084045,0.7208200097084045,0.0,0.0,0.0,0.0,0.0,0.0,0.0,0.0,0.0,0.0,0.0,0.0,0.0,792000.0,0.0,0.0,10.0,11.0,2.0,23.0,2,2.0,2.0,26.55906412532296,64.52221526442385,103.43658069024184,,,0.0,0.0,0.0,0.0,0.0
59155,north east,bauchi,shira,rural,134.0,2024,1070,guinea corn (sorghum),0.2857300043106079,700.0,350000.0,350000.0,0.07143250107765198,0.07143250107765198,0.0,0.25,0.25,0.07143250107765198,0.07143250107765198,0.0,0.0,1.4134500119835138,1.4034500122070312,1.4034500122070312,0.0,0.0,0.0,0.0,0.0,0.0,0.0,0.0,0.0,0.0,0.0,0.0,0.0,0.0,0.0,0.0,29.0,0.0,0.0,29.0,2,2.0,2.0,26.55906412532296,64.52221526442385,103.43658069024184,,,0.0,0.0,0.0,0.0,0.0
59156,north east,bauchi,shira,rural,134.0,2024,1070,guinea corn (sorghum),0.5725399851799011,0.0,0.0,0.0,0.28626999258995056,0.0,0.0,0.5,0.5,0.0,0.28626999258995056,0.0,0.0,0.5825399849563837,0.5725399851799011,0.5725399851799011,0.0,0.0,0.0,0.0,0.0,0.0,0.0,0.0,0.0,0.0,0.0,0.0,0.0,635000.0,0.0,0.0,14.0,6.0,0.0,20.0,2,1.0,1.0,26.55906412532296,64.52221526442385,103.43658069024184,,,0.0,0.0,0.0,0.0,0.0
59157,north east,bauchi,tafawa balewa,rural,1424.0,2024,1070,guinea corn (sorghum),0.2853499948978424,600.0,300000.0,300000.0,0.2853499948978424,0.2140125036239624,0.0,1.0,1.0,0.2140125036239624,0.2853499948978424,0.0,0.0,0.7449609935283661,0.7449609935283661,0.7449609935283661,138.0,0.0,0.0,0.0,0.0,300.0,300.0,0.0,0.0,9.0,1.0,0.0,0.0,0.0,0.0,0.0,7.0,9.0,0.0,16.0,2,1.0,3.0,26.55906412532296,64.52221526442385,103.43658069024184,,,0.0,0.0,0.0,0.0,0.0
59160,north east,bauchi,tafawa balewa,rural,1424.0,2024,1070,guinea corn (sorghum),0.18358999490737915,900.0,450000.0,450000.0,0.12116940319538116,0.12116940319538116,0.0,0.6600000262260437,0.6666666865348816,0.12116940319538116,0.12116940319538116,0.0,0.0,0.6463199853897095,0.6463199853897095,0.6463199853897095,151.0,24.0,22.0,0.0,200.0,250.0,450.0,0.0,0.0,12.0,1.0,0.0,0.0,0.0,1524000.0,0.0,41.0,10.0,16.0,67.0,2,1.0,1.0,26.55906412532296,64.52221526442385,103.43658069024184,,,0.0,0.0,0.0,0.0,0.0
59163,north east,bauchi,tafawa balewa,rural,1424.0,2024,1070,guinea corn (sorghum),2.3566999435424805,100.0,80000.0,80000.0,0.5891749858856201,0.388855516910553,0.0,0.25,0.25,0.388855516910553,0.5891749858856201,0.0,0.0,5.361699943430722,2.3566999435424805,5.3566999435424805,46.0,0.0,0.0,0.0,0.0,100.0,100.0,0.0,0.0,4.0,1.0,0.0,0.0,180000.0,0.0,0.0,45.0,15.0,0.0,60.0,2,1.0,1.0,26.55906412532296,64.52221526442385,103.43658069024184,,,0.0,0.0,0.0,0.0,0.0
59164,north east,bauchi,tafawa balewa,rural,1424.0,2024,1070,guinea corn (sorghum),0.7192099988460541,500.0,250000.0,250000.0,0.5352844744920731,0.4014633595943451,0.0,1.4680851101875305,1.4680851101875305,0.4014633595943451,0.5352844744920731,0.0,0.0,1.0387499928474426,1.0387499928474426,1.0387499928474426,55.0,6.0,5.5,0.0,50.0,100.0,150.0,0.0,0.0,5.0,1.0,0.0,0.0,0.0,0.0,0.0,20.0,6.0,0.0,26.0,2,1.0,3.0,26.55906412532296,64.52221526442385,103.43658069024184,,,0.0,0.0,0.0,0.0,0.0
59165,north east,bauchi,tafawa balewa,rural,1424.0,2024,1070,guinea corn (sorghum),0.2910600006580353,300.0,150000.0,150000.0,0.19209960103034973,0.06339287012815475,0.0,0.6600000262260437,0.6666666865348816,0.06339287012815475,0.19209960103034973,0.0,0.0,0.5829600095748901,0.5829600095748901,0.5829600095748901,9.0,6.0,5.5,0.0,50.0,0.0,50.0,0.0,1.0,1.0,1.0,0.0,0.0,0.0,0.0,0.0,16.0,4.0,0.0,20.0,2,1.0,2.0,26.55906412532296,64.52221526442385,103.43658069024184,,,0.0,0.0,0.0,0.0,0.0
59169,north east,bauchi,asari toro,rural,1788.0,2024,1070,guinea corn (sorghum),0.2592099905014038,700.0,350000.0,350000.0,0.2592099905014038,0.1710786074399948,0.0,1.0,1.0,0.1710786074399948,0.2592099905014038,0.0,0.0,0.6127699911594391,0.6127699911594391,0.6127699911594391,0.0,0.0,0.0,0.0,0.0,0.0,0.0,0.0,0.0,0.0,0.0,0.0,0.0,0.0,0.0,0.0,29.0,15.0,0.0,44.0,2,1.0,1.0,24.36011568409344,55.08424595229267,140.40833333333333,,,0.0,0.0,0.0,0.0,0.0
59170,north east,bauchi,asari toro,rural,1788.0,2024,1070,guinea corn (sorghum),0.6482999920845032,200.0,100000.0,100000.0,0.1952710896730423,0.1952710896730423,0.0,0.3012048304080963,0.3012048304080963,0.1952710896730423,0.1952710896730423,0.0,0.0,0.6482999920845032,0.6482999920845032,0.6482999920845032,0.0,0.0,0.0,0.0,0.0,0.0,0.0,0.0,0.0,0.0,0.0,0.0,0.0,0.0,1500.0,0.0,37.0,0.0,0.0,37.0,2,1.0,1.0,24.36011568409344,55.08424595229267,140.40833333333333,,,0.0,0.0,0.0,0.0,0.0
59171,north east,bauchi,asari toro,rural,1788.0,2024,1070,guinea corn (sorghum),0.9318299889564514,100.0,50000.0,50000.0,0.23295749723911285,0.17471812665462494,0.0,0.25,0.25,0.17471812665462494,0.23295749723911285,0.0,0.0,0.9318299889564514,0.9318299889564514,0.9318299889564514,0.0,0.0,0.0,0.0,0.0,0.0,0.0,0.0,0.0,0.0,0.0,0.0,0.0,0.0,0.0,0.0,28.0,12.0,13.0,53.0,2,1.0,1.0,24.36011568409344,55.08424595229267,140.40833333333333,,,0.0,0.0,0.0,0.0,0.0
59174,north east,bauchi,asari toro,rural,1788.0,2024,1070,guinea corn (sorghum),0.5038400292396545,1000.0,500000.0,600000.0,0.5038400292396545,0.5038400292396545,0.0,1.0,1.0,0.5038400292396545,0.5038400292396545,60000.0,100.0,1.2164100110530853,1.2164100110530853,1.2164100110530853,0.0,0.0,0.0,0.0,0.0,0.0,0.0,0.0,0.0,0.0,0.0,0.0,0.0,158400.0,0.0,0.0,42.0,4.0,0.0,46.0,2,1.0,3.0,24.36011568409344,55.08424595229267,140.40833333333333,,,0.0,0.0,0.0,0.0,0.0
59176,north east,bauchi,asari toro,rural,1788.0,2024,1070,guinea corn (sorghum),0.18894000351428986,600.0,300000.0,300000.0,0.06235020235180855,0.06235020235180855,0.0,0.33000001311302185,0.3333333432674408,0.06235020235180855,0.06235020235180855,0.0,0.0,0.18894000351428986,0.18894000351428986,0.18894000351428986,0.0,0.0,0.0,0.0,0.0,0.0,0.0,0.0,0.0,0.0,0.0,0.0,0.0,1740000.0,6000.0,0.0,12.0,4.0,4.0,20.0,2,1.0,1.0,24.36011568409344,55.08424595229267,140.40833333333333,,,0.0,0.0,0.0,0.0,0.0
59179,north east,bauchi,asari toro,rural,1788.0,2024,1070,guinea corn (sorghum),0.25446000695228577,400.0,200000.0,200000.0,0.10905428975820541,0.035987917333841324,0.0,0.4285714328289032,0.4285714328289032,0.035987917333841324,0.10905428975820541,0.0,0.0,0.3969999998807907,0.3969999998807907,0.3969999998807907,0.0,0.0,0.0,0.0,0.0,0.0,0.0,0.0,0.0,0.0,0.0,0.0,0.0,0.0,0.0,0.0,24.0,1.0,0.0,25.0,2,1.0,2.0,24.36011568409344,55.08424595229267,140.40833333333333,,,0.0,0.0,0.0,0.0,0.0
59182,north east,bauchi,asari toro,rural,2802.0,2024,1070,guinea corn (sorghum),1.5227999687194824,600.0,300000.0,300000.0,0.7425374537706375,0.2215612307190895,0.0,0.8738589584827423,0.8738589584827423,0.2215612307190895,0.7425374537706375,0.0,0.0,2.256459951400757,2.256459951400757,2.256459951400757,0.0,0.0,0.0,0.0,0.0,0.0,0.0,0.0,0.0,0.0,0.0,0.0,0.0,0.0,0.0,0.0,8.0,6.0,15.0,29.0,2,1.0,1.0,24.36011568409344,55.08424595229267,140.40833333333333,,,0.0,0.0,0.0,0.0,0.0
59191,north east,bauchi,asari toro,rural,2802.0,2024,1070,guinea corn (sorghum),2.190200090408325,800.0,400000.0,400000.0,0.5126000046730042,0.5126000046730042,0.0,0.23404255509376526,0.23404255509376526,0.5126000046730042,0.5126000046730042,200000.0,400.0,2.6724900901317596,2.6724900901317596,2.6724900901317596,0.0,0.0,0.0,0.0,0.0,0.0,0.0,0.0,0.0,0.0,0.0,0.0,0.0,348000.0,0.0,0.0,44.0,0.0,0.0,44.0,2,1.0,1.0,24.36011568409344,55.08424595229267,140.40833333333333,,,0.0,0.0,0.0,0.0,0.0
59212,north east,bauchi,jamare,rural,796.0,2024,1070,guinea corn (sorghum),1.498829960823059,200.0,100000.0,100000.0,0.3469513803720474,0.1973256915807724,0.0,0.46296295523643494,0.46296295523643494,0.1973256915807724,0.3469513803720474,0.0,0.0,1.5038299607113004,1.498829960823059,1.498829960823059,0.0,0.0,0.0,0.0,0.0,0.0,0.0,0.0,0.0,0.0,0.0,0.0,0.0,0.0,0.0,0.0,32.0,5.0,9.0,46.0,2,1.0,1.0,26.55906412532296,64.52221526442385,103.43658069024184,,,0.0,0.0,0.0,0.0,0.0
70013,north central,benue,gwer west,rural,754.0,2024,1070,guinea corn (sorghum),0.32993000745773315,300.0,129000.0,150000.0,0.32993000745773315,0.32993000745773315,0.0,1.0,1.0,0.32993000745773315,0.32993000745773315,100000.0,200.0,0.9423700124025345,0.9423700124025345,0.9423700124025345,0.0,0.0,0.0,0.0,0.0,0.0,0.0,0.0,2.0,0.0,0.0,0.0,0.0,0.0,0.0,0.0,35.0,9.0,6.0,50.0,2,1.0,1.0,27.403363459399333,66.28596483747374,81.02916666666667,2022.0,fulani ethnic militia (nigeria),1.0,15.0,15.0,3.0,0.0
70013,north central,benue,gwer west,rural,754.0,2024,1070,guinea corn (sorghum),0.32993000745773315,300.0,129000.0,150000.0,0.32993000745773315,0.32993000745773315,0.0,1.0,1.0,0.32993000745773315,0.32993000745773315,100000.0,200.0,0.9423700124025345,0.9423700124025345,0.9423700124025345,0.0,0.0,0.0,0.0,0.0,0.0,0.0,0.0,2.0,0.0,0.0,0.0,0.0,0.0,0.0,0.0,35.0,9.0,6.0,50.0,2,1.0,1.0,27.403363459399333,66.28596483747374,81.02916666666667,2023.0,fulani ethnic militia (nigeria),1.0,46.0,71.0,20.0,0.0
70013,north central,benue,gwer west,rural,754.0,2024,1070,guinea corn (sorghum),0.32993000745773315,300.0,129000.0,150000.0,0.32993000745773315,0.32993000745773315,0.0,1.0,1.0,0.32993000745773315,0.32993000745773315,100000.0,200.0,0.9423700124025345,0.9423700124025345,0.9423700124025345,0.0,0.0,0.0,0.0,0.0,0.0,0.0,0.0,2.0,0.0,0.0,0.0,0.0,0.0,0.0,0.0,35.0,9.0,6.0,50.0,2,1.0,1.0,27.403363459399333,66.28596483747374,81.02916666666667,2024.0,fulani ethnic militia (nigeria),1.0,17.0,66.0,7.0,0.0
70016,north central,benue,gwer west,rural,754.0,2024,1070,guinea corn (sorghum),0.3697200119495392,200.0,86000.0,100000.0,0.3697200119495392,0.3697200119495392,0.0,1.0,1.0,0.3697200119495392,0.3697200119495392,50000.0,100.0,10.231344193220139,0.9410400092601776,0.9410400092601776,0.0,0.0,0.0,0.0,0.0,0.0,0.0,0.0,0.0,0.0,0.0,0.0,0.0,0.0,0.0,0.0,28.0,4.0,0.0,32.0,2,2.0,4.0,27.403363459399333,66.28596483747374,81.02916666666667,2022.0,fulani ethnic militia (nigeria),1.0,15.0,15.0,3.0,0.0
70016,north central,benue,gwer west,rural,754.0,2024,1070,guinea corn (sorghum),0.3697200119495392,200.0,86000.0,100000.0,0.3697200119495392,0.3697200119495392,0.0,1.0,1.0,0.3697200119495392,0.3697200119495392,50000.0,100.0,10.231344193220139,0.9410400092601776,0.9410400092601776,0.0,0.0,0.0,0.0,0.0,0.0,0.0,0.0,0.0,0.0,0.0,0.0,0.0,0.0,0.0,0.0,28.0,4.0,0.0,32.0,2,2.0,4.0,27.403363459399333,66.28596483747374,81.02916666666667,2023.0,fulani ethnic militia (nigeria),1.0,46.0,71.0,20.0,0.0
70016,north central,benue,gwer west,rural,754.0,2024,1070,guinea corn (sorghum),0.3697200119495392,200.0,86000.0,100000.0,0.3697200119495392,0.3697200119495392,0.0,1.0,1.0,0.3697200119495392,0.3697200119495392,50000.0,100.0,10.231344193220139,0.9410400092601776,0.9410400092601776,0.0,0.0,0.0,0.0,0.0,0.0,0.0,0.0,0.0,0.0,0.0,0.0,0.0,0.0,0.0,0.0,28.0,4.0,0.0,32.0,2,2.0,4.0,27.403363459399333,66.28596483747374,81.02916666666667,2024.0,fulani ethnic militia (nigeria),1.0,17.0,66.0,7.0,0.0
70017,north central,benue,gwer west,rural,754.0,2024,1070,guinea corn (sorghum),0.3240000009536743,300.0,129000.0,180000.0,0.3240000009536743,0.3240000009536743,0.0,1.0,1.0,0.3240000009536743,0.3240000009536743,120000.0,200.0,10.830304190516472,1.540000006556511,1.540000006556511,23.0,0.0,0.0,0.0,0.0,50.0,50.0,0.0,0.0,8.0,1.0,0.0,0.0,0.0,0.0,0.0,11.0,5.0,0.0,16.0,2,2.0,2.0,27.403363459399333,66.28596483747374,81.02916666666667,2022.0,fulani ethnic militia (nigeria),1.0,15.0,15.0,3.0,0.0
70017,north central,benue,gwer west,rural,754.0,2024,1070,guinea corn (sorghum),0.3240000009536743,300.0,129000.0,180000.0,0.3240000009536743,0.3240000009536743,0.0,1.0,1.0,0.3240000009536743,0.3240000009536743,120000.0,200.0,10.830304190516472,1.540000006556511,1.540000006556511,23.0,0.0,0.0,0.0,0.0,50.0,50.0,0.0,0.0,8.0,1.0,0.0,0.0,0.0,0.0,0.0,11.0,5.0,0.0,16.0,2,2.0,2.0,27.403363459399333,66.28596483747374,81.02916666666667,2023.0,fulani ethnic militia (nigeria),1.0,46.0,71.0,20.0,0.0
70017,north central,benue,gwer west,rural,754.0,2024,1070,guinea corn (sorghum),0.3240000009536743,300.0,129000.0,180000.0,0.3240000009536743,0.3240000009536743,0.0,1.0,1.0,0.3240000009536743,0.3240000009536743,120000.0,200.0,10.830304190516472,1.540000006556511,1.540000006556511,23.0,0.0,0.0,0.0,0.0,50.0,50.0,0.0,0.0,8.0,1.0,0.0,0.0,0.0,0.0,0.0,11.0,5.0,0.0,16.0,2,2.0,2.0,27.403363459399333,66.28596483747374,81.02916666666667,2024.0,fulani ethnic militia (nigeria),1.0,17.0,66.0,7.0,0.0
70071,north central,benue,katsina,rural,1226.0,2024,1070,guinea corn (sorghum),0.21268999576568604,0.0,0.0,0.0,0.21268999576568604,0.0,0.0,1.0,1.0,0.0,0.21268999576568604,0.0,0.0,0.678984984755516,0.678984984755516,0.678984984755516,0.0,0.0,0.0,0.0,0.0,0.0,0.0,0.0,0.0,5.0,0.0,0.0,0.0,66000.0,0.0,0.0,37.0,23.0,0.0,60.0,2,1.0,1.0,26.55906412532296,64.52221526442385,103.43658069024184,2022.0,fulani ethnic militia (nigeria),1.0,3.0,3.0,1.0,0.0
70071,north central,benue,katsina,rural,1226.0,2024,1070,guinea corn (sorghum),0.21268999576568604,0.0,0.0,0.0,0.21268999576568604,0.0,0.0,1.0,1.0,0.0,0.21268999576568604,0.0,0.0,0.678984984755516,0.678984984755516,0.678984984755516,0.0,0.0,0.0,0.0,0.0,0.0,0.0,0.0,0.0,5.0,0.0,0.0,0.0,66000.0,0.0,0.0,37.0,23.0,0.0,60.0,2,1.0,1.0,26.55906412532296,64.52221526442385,103.43658069024184,2022.0,military forces of nigeria (2015-2023),1.0,5.0,5.0,2.0,1.0
70071,north central,benue,katsina,rural,1226.0,2024,1070,guinea corn (sorghum),0.21268999576568604,0.0,0.0,0.0,0.21268999576568604,0.0,0.0,1.0,1.0,0.0,0.21268999576568604,0.0,0.0,0.678984984755516,0.678984984755516,0.678984984755516,0.0,0.0,0.0,0.0,0.0,0.0,0.0,0.0,0.0,5.0,0.0,0.0,0.0,66000.0,0.0,0.0,37.0,23.0,0.0,60.0,2,1.0,1.0,26.55906412532296,64.52221526442385,103.43658069024184,2024.0,fulani ethnic militia (nigeria),1.0,20.0,72.0,6.0,0.0
70071,north central,benue,katsina,rural,1226.0,2024,1070,guinea corn (sorghum),0.21268999576568604,0.0,0.0,0.0,0.21268999576568604,0.0,0.0,1.0,1.0,0.0,0.21268999576568604,0.0,0.0,0.678984984755516,0.678984984755516,0.678984984755516,0.0,0.0,0.0,0.0,0.0,0.0,0.0,0.0,0.0,5.0,0.0,0.0,0.0,66000.0,0.0,0.0,37.0,23.0,0.0,60.0,2,1.0,1.0,26.55906412532296,64.52221526442385,103.43658069024184,2024.0,military forces of nigeria (2023-),1.0,2.0,5.0,1.0,1.0
70072,north central,benue,katsina,rural,1226.0,2024,1070,guinea corn (sorghum),0.06443700194358826,0.0,0.0,0.0,0.06443700194358826,0.0,0.0,1.0,1.0,0.0,0.06443700194358826,0.0,0.0,0.37050700187683105,0.37050700187683105,0.37050700187683105,0.0,0.0,0.0,0.0,0.0,0.0,0.0,0.0,0.0,3.0,0.0,0.0,0.0,0.0,0.0,0.0,21.0,0.0,0.0,21.0,2,1.0,1.0,26.55906412532296,64.52221526442385,103.43658069024184,2022.0,fulani ethnic militia (nigeria),1.0,3.0,3.0,1.0,0.0
70072,north central,benue,katsina,rural,1226.0,2024,1070,guinea corn (sorghum),0.06443700194358826,0.0,0.0,0.0,0.06443700194358826,0.0,0.0,1.0,1.0,0.0,0.06443700194358826,0.0,0.0,0.37050700187683105,0.37050700187683105,0.37050700187683105,0.0,0.0,0.0,0.0,0.0,0.0,0.0,0.0,0.0,3.0,0.0,0.0,0.0,0.0,0.0,0.0,21.0,0.0,0.0,21.0,2,1.0,1.0,26.55906412532296,64.52221526442385,103.43658069024184,2022.0,military forces of nigeria (2015-2023),1.0,5.0,5.0,2.0,1.0
70072,north central,benue,katsina,rural,1226.0,2024,1070,guinea corn (sorghum),0.06443700194358826,0.0,0.0,0.0,0.06443700194358826,0.0,0.0,1.0,1.0,0.0,0.06443700194358826,0.0,0.0,0.37050700187683105,0.37050700187683105,0.37050700187683105,0.0,0.0,0.0,0.0,0.0,0.0,0.0,0.0,0.0,3.0,0.0,0.0,0.0,0.0,0.0,0.0,21.0,0.0,0.0,21.0,2,1.0,1.0,26.55906412532296,64.52221526442385,103.43658069024184,2024.0,fulani ethnic militia (nigeria),1.0,20.0,72.0,6.0,0.0
70072,north central,benue,katsina,rural,1226.0,2024,1070,guinea corn (sorghum),0.06443700194358826,0.0,0.0,0.0,0.06443700194358826,0.0,0.0,1.0,1.0,0.0,0.06443700194358826,0.0,0.0,0.37050700187683105,0.37050700187683105,0.37050700187683105,0.0,0.0,0.0,0.0,0.0,0.0,0.0,0.0,0.0,3.0,0.0,0.0,0.0,0.0,0.0,0.0,21.0,0.0,0.0,21.0,2,1.0,1.0,26.55906412532296,64.52221526442385,103.43658069024184,2024.0,military forces of nigeria (2023-),1.0,2.0,5.0,1.0,1.0
70073,north central,benue,katsina,rural,1226.0,2024,1070,guinea corn (sorghum),0.4206700026988983,0.0,0.0,0.0,0.4206700026988983,0.0,0.0,1.0,1.0,0.0,0.4206700026988983,0.0,0.0,1.3412860035896301,0.936599999666214,0.936599999666214,0.0,0.0,0.0,0.0,0.0,0.0,0.0,0.0,0.0,0.0,0.0,0.0,0.0,0.0,0.0,0.0,13.0,5.0,0.0,18.0,2,1.0,2.0,26.55906412532296,64.52221526442385,103.43658069024184,2022.0,fulani ethnic militia (nigeria),1.0,3.0,3.0,1.0,0.0
70073,north central,benue,katsina,rural,1226.0,2024,1070,guinea corn (sorghum),0.4206700026988983,0.0,0.0,0.0,0.4206700026988983,0.0,0.0,1.0,1.0,0.0,0.4206700026988983,0.0,0.0,1.3412860035896301,0.936599999666214,0.936599999666214,0.0,0.0,0.0,0.0,0.0,0.0,0.0,0.0,0.0,0.0,0.0,0.0,0.0,0.0,0.0,0.0,13.0,5.0,0.0,18.0,2,1.0,2.0,26.55906412532296,64.52221526442385,103.43658069024184,2022.0,military forces of nigeria (2015-2023),1.0,5.0,5.0,2.0,1.0
70073,north central,benue,katsina,rural,1226.0,2024,1070,guinea corn (sorghum),0.4206700026988983,0.0,0.0,0.0,0.4206700026988983,0.0,0.0,1.0,1.0,0.0,0.4206700026988983,0.0,0.0,1.3412860035896301,0.936599999666214,0.936599999666214,0.0,0.0,0.0,0.0,0.0,0.0,0.0,0.0,0.0,0.0,0.0,0.0,0.0,0.0,0.0,0.0,13.0,5.0,0.0,18.0,2,1.0,2.0,26.55906412532296,64.52221526442385,103.43658069024184,2024.0,fulani ethnic militia (nigeria),1.0,20.0,72.0,6.0,0.0
70073,north central,benue,katsina,rural,1226.0,2024,1070,guinea corn (sorghum),0.4206700026988983,0.0,0.0,0.0,0.4206700026988983,0.0,0.0,1.0,1.0,0.0,0.4206700026988983,0.0,0.0,1.3412860035896301,0.936599999666214,0.936599999666214,0.0,0.0,0.0,0.0,0.0,0.0,0.0,0.0,0.0,0.0,0.0,0.0,0.0,0.0,0.0,0.0,13.0,5.0,0.0,18.0,2,1.0,2.0,26.55906412532296,64.52221526442385,103.43658069024184,2024.0,military forces of nigeria (2023-),1.0,2.0,5.0,1.0,1.0
70075,north central,benue,katsina,rural,1226.0,2024,1070,guinea corn (sorghum),0.7167100012302399,0.0,0.0,0.0,0.24988750368356705,0.0,0.0,0.75,0.75,0.0,0.24988750368356705,0.0,0.0,0.7167100012302399,0.7167100012302399,0.7167100012302399,0.0,0.0,0.0,0.0,0.0,0.0,0.0,0.0,0.0,0.0,0.0,0.0,0.0,0.0,120000.0,0.0,9.0,0.0,2.0,11.0,2,1.0,1.0,26.55906412532296,64.52221526442385,103.43658069024184,2022.0,fulani ethnic militia (nigeria),1.0,3.0,3.0,1.0,0.0
70075,north central,benue,katsina,rural,1226.0,2024,1070,guinea corn (sorghum),0.7167100012302399,0.0,0.0,0.0,0.24988750368356705,0.0,0.0,0.75,0.75,0.0,0.24988750368356705,0.0,0.0,0.7167100012302399,0.7167100012302399,0.7167100012302399,0.0,0.0,0.0,0.0,0.0,0.0,0.0,0.0,0.0,0.0,0.0,0.0,0.0,0.0,120000.0,0.0,9.0,0.0,2.0,11.0,2,1.0,1.0,26.55906412532296,64.52221526442385,103.43658069024184,2022.0,military forces of nigeria (2015-2023),1.0,5.0,5.0,2.0,1.0
70075,north central,benue,katsina,rural,1226.0,2024,1070,guinea corn (sorghum),0.7167100012302399,0.0,0.0,0.0,0.24988750368356705,0.0,0.0,0.75,0.75,0.0,0.24988750368356705,0.0,0.0,0.7167100012302399,0.7167100012302399,0.7167100012302399,0.0,0.0,0.0,0.0,0.0,0.0,0.0,0.0,0.0,0.0,0.0,0.0,0.0,0.0,120000.0,0.0,9.0,0.0,2.0,11.0,2,1.0,1.0,26.55906412532296,64.52221526442385,103.43658069024184,2024.0,fulani ethnic militia (nigeria),1.0,20.0,72.0,6.0,0.0
70075,north central,benue,katsina,rural,1226.0,2024,1070,guinea corn (sorghum),0.7167100012302399,0.0,0.0,0.0,0.24988750368356705,0.0,0.0,0.75,0.75,0.0,0.24988750368356705,0.0,0.0,0.7167100012302399,0.7167100012302399,0.7167100012302399,0.0,0.0,0.0,0.0,0.0,0.0,0.0,0.0,0.0,0.0,0.0,0.0,0.0,0.0,120000.0,0.0,9.0,0.0,2.0,11.0,2,1.0,1.0,26.55906412532296,64.52221526442385,103.43658069024184,2024.0,military forces of nigeria (2023-),1.0,2.0,5.0,1.0,1.0
70076,north central,benue,katsina,rural,1226.0,2024,1070,guinea corn (sorghum),0.3025200068950653,0.0,0.0,0.0,0.3025200068950653,0.0,0.0,1.0,1.0,0.0,0.3025200068950653,0.0,0.0,10.347874194383621,1.0575700104236603,1.0575700104236603,0.0,0.0,0.0,0.0,0.0,0.0,0.0,0.0,0.0,0.0,0.0,0.0,0.0,0.0,0.0,0.0,5.0,5.0,0.0,10.0,2,2.0,2.0,26.55906412532296,64.52221526442385,103.43658069024184,2022.0,fulani ethnic militia (nigeria),1.0,3.0,3.0,1.0,0.0
70076,north central,benue,katsina,rural,1226.0,2024,1070,guinea corn (sorghum),0.3025200068950653,0.0,0.0,0.0,0.3025200068950653,0.0,0.0,1.0,1.0,0.0,0.3025200068950653,0.0,0.0,10.347874194383621,1.0575700104236603,1.0575700104236603,0.0,0.0,0.0,0.0,0.0,0.0,0.0,0.0,0.0,0.0,0.0,0.0,0.0,0.0,0.0,0.0,5.0,5.0,0.0,10.0,2,2.0,2.0,26.55906412532296,64.52221526442385,103.43658069024184,2022.0,military forces of nigeria (2015-2023),1.0,5.0,5.0,2.0,1.0
70076,north central,benue,katsina,rural,1226.0,2024,1070,guinea corn (sorghum),0.3025200068950653,0.0,0.0,0.0,0.3025200068950653,0.0,0.0,1.0,1.0,0.0,0.3025200068950653,0.0,0.0,10.347874194383621,1.0575700104236603,1.0575700104236603,0.0,0.0,0.0,0.0,0.0,0.0,0.0,0.0,0.0,0.0,0.0,0.0,0.0,0.0,0.0,0.0,5.0,5.0,0.0,10.0,2,2.0,2.0,26.55906412532296,64.52221526442385,103.43658069024184,2024.0,fulani ethnic militia (nigeria),1.0,20.0,72.0,6.0,0.0
70076,north central,benue,katsina,rural,1226.0,2024,1070,guinea corn (sorghum),0.3025200068950653,0.0,0.0,0.0,0.3025200068950653,0.0,0.0,1.0,1.0,0.0,0.3025200068950653,0.0,0.0,10.347874194383621,1.0575700104236603,1.0575700104236603,0.0,0.0,0.0,0.0,0.0,0.0,0.0,0.0,0.0,0.0,0.0,0.0,0.0,0.0,0.0,0.0,5.0,5.0,0.0,10.0,2,2.0,2.0,26.55906412532296,64.52221526442385,103.43658069024184,2024.0,military forces of nigeria (2023-),1.0,2.0,5.0,1.0,1.0
70078,north central,benue,katsina,rural,1226.0,2024,1070,guinea corn (sorghum),0.15150000154972076,0.0,0.0,0.0,0.15150000154972076,0.0,0.0,1.0,1.0,0.0,0.15150000154972076,0.0,0.0,0.21689999848604202,0.21689999848604202,0.21689999848604202,0.0,0.0,0.0,0.0,0.0,0.0,0.0,0.0,0.0,6.0,0.0,0.0,0.0,0.0,0.0,0.0,37.0,21.0,29.0,87.0,2,1.0,1.0,26.55906412532296,64.52221526442385,103.43658069024184,2022.0,fulani ethnic militia (nigeria),1.0,3.0,3.0,1.0,0.0
70078,north central,benue,katsina,rural,1226.0,2024,1070,guinea corn (sorghum),0.15150000154972076,0.0,0.0,0.0,0.15150000154972076,0.0,0.0,1.0,1.0,0.0,0.15150000154972076,0.0,0.0,0.21689999848604202,0.21689999848604202,0.21689999848604202,0.0,0.0,0.0,0.0,0.0,0.0,0.0,0.0,0.0,6.0,0.0,0.0,0.0,0.0,0.0,0.0,37.0,21.0,29.0,87.0,2,1.0,1.0,26.55906412532296,64.52221526442385,103.43658069024184,2022.0,military forces of nigeria (2015-2023),1.0,5.0,5.0,2.0,1.0
70078,north central,benue,katsina,rural,1226.0,2024,1070,guinea corn (sorghum),0.15150000154972076,0.0,0.0,0.0,0.15150000154972076,0.0,0.0,1.0,1.0,0.0,0.15150000154972076,0.0,0.0,0.21689999848604202,0.21689999848604202,0.21689999848604202,0.0,0.0,0.0,0.0,0.0,0.0,0.0,0.0,0.0,6.0,0.0,0.0,0.0,0.0,0.0,0.0,37.0,21.0,29.0,87.0,2,1.0,1.0,26.55906412532296,64.52221526442385,103.43658069024184,2024.0,fulani ethnic militia (nigeria),1.0,20.0,72.0,6.0,0.0
70078,north central,benue,katsina,rural,1226.0,2024,1070,guinea corn (sorghum),0.15150000154972076,0.0,0.0,0.0,0.15150000154972076,0.0,0.0,1.0,1.0,0.0,0.15150000154972076,0.0,0.0,0.21689999848604202,0.21689999848604202,0.21689999848604202,0.0,0.0,0.0,0.0,0.0,0.0,0.0,0.0,0.0,6.0,0.0,0.0,0.0,0.0,0.0,0.0,37.0,21.0,29.0,87.0,2,1.0,1.0,26.55906412532296,64.52221526442385,103.43658069024184,2024.0,military forces of nigeria (2023-),1.0,2.0,5.0,1.0,1.0
79015,north central,benue,agatu,rural,954.0,2024,1070,guinea corn (sorghum),0.4378400146961212,500.0,215000.0,400000.0,0.1587771475315094,0.1587771475315094,0.0,0.36263737082481384,0.36263737082481384,0.1587771475315094,0.1587771475315094,320000.0,400.0,0.4378400146961212,0.4378400146961212,0.4378400146961212,0.0,0.0,0.0,0.0,0.0,0.0,0.0,0.0,0.0,3.0,0.0,0.0,0.0,0.0,0.0,0.0,24.0,13.0,0.0,37.0,2,1.0,1.0,26.55906412532296,64.52221526442385,103.43658069024184,,,0.0,0.0,0.0,0.0,0.0
79016,north central,benue,agatu,rural,954.0,2024,1070,guinea corn (sorghum),0.42949000000953674,600.0,258000.0,480000.0,0.42949000000953674,0.42949000000953674,0.0,1.0,1.0,0.42949000000953674,0.42949000000953674,400000.0,500.0,0.9922130331397057,0.8993099927902222,0.8993099927902222,0.0,0.0,0.0,0.0,0.0,0.0,0.0,0.0,0.0,4.0,0.0,0.0,0.0,0.0,0.0,0.0,11.0,7.0,0.0,18.0,2,2.0,3.0,26.55906412532296,64.52221526442385,103.43658069024184,,,0.0,0.0,0.0,0.0,0.0
79018,north central,benue,agatu,rural,954.0,2024,1070,guinea corn (sorghum),0.3920400142669678,600.0,428571.4375,240000.0,0.22305724024772644,0.22305724024772644,0.0,0.568965494632721,0.5689655542373657,0.22305724024772644,0.22305724024772644,200000.0,500.0,0.7200700044631958,0.7200700044631958,0.7200700044631958,0.0,0.0,0.0,0.0,0.0,0.0,0.0,0.0,0.0,5.0,0.0,0.0,0.0,0.0,0.0,0.0,23.0,12.0,0.0,35.0,2,2.0,2.0,26.55906412532296,64.52221526442385,103.43658069024184,,,0.0,0.0,0.0,0.0,0.0
79019,north central,benue,agatu,rural,954.0,2024,1070,guinea corn (sorghum),0.25738999247550964,400.0,172000.0,200000.0,0.11094395071268082,0.11094395071268082,0.0,0.4310344457626343,0.43103447556495667,0.11094395071268082,0.11094395071268082,150000.0,300.0,0.982809990644455,0.6897599995136261,0.982809990644455,0.0,0.0,0.0,0.0,0.0,0.0,0.0,0.0,0.0,4.0,0.0,0.0,0.0,0.0,0.0,0.0,8.0,13.0,0.0,21.0,2,1.0,1.0,26.55906412532296,64.52221526442385,103.43658069024184,,,0.0,0.0,0.0,0.0,0.0
79020,north central,benue,agatu,rural,954.0,2024,1070,guinea corn (sorghum),0.23913000524044037,750.0,535714.25,300000.0,0.23913000524044037,0.23913000524044037,0.0,1.0,1.0,0.23913000524044037,0.23913000524044037,240000.0,600.0,1.3104798793792725,0.5893200039863586,0.5893200039863586,0.0,0.0,0.0,0.0,0.0,0.0,0.0,0.0,0.0,6.0,0.0,0.0,0.0,0.0,0.0,0.0,17.0,2.0,0.0,19.0,2,2.0,4.0,26.55906412532296,64.52221526442385,103.43658069024184,,,0.0,0.0,0.0,0.0,0.0
79023,north central,benue,agatu,rural,954.0,2024,1070,guinea corn (sorghum),0.2612299919128418,0.0,0.0,0.0,0.2612299919128418,0.0,0.0,1.0,1.0,0.0,0.2612299919128418,0.0,0.0,1.5976430475711823,1.5047400072216988,1.5047400072216988,27.0,18.0,16.5,0.0,150.0,0.0,150.0,0.0,0.0,5.0,1.0,0.0,0.0,0.0,0.0,0.0,41.0,0.0,0.0,41.0,2,2.0,3.0,26.55906412532296,64.52221526442385,103.43658069024184,,,0.0,0.0,0.0,0.0,0.0
79026,north central,benue,buruku,rural,10.0,2024,1070,guinea corn (sorghum),0.18268999457359314,500.0,215000.0,215000.0,0.18268999457359314,0.18268999457359314,0.0,1.0,1.0,0.18268999457359314,0.18268999457359314,0.0,0.0,1.1075799884274602,1.0950799882411957,1.0950799882411957,0.0,0.0,0.0,0.0,0.0,0.0,0.0,0.0,0.0,0.0,0.0,0.0,0.0,54000.0,0.0,0.0,20.0,32.0,12.0,64.0,2,2.0,2.0,26.55906412532296,64.52221526442385,103.43658069024184,,,0.0,0.0,0.0,0.0,0.0
79091,north central,benue,okpokwu,rural,504.0,2024,1070,guinea corn (sorghum),0.16617999970912933,25.0,17857.142578125,18750.0,0.08308999985456467,0.08308999985456467,0.0,0.5,0.5,0.08308999985456467,0.08308999985456467,15000.0,20.0,1.0565200299024582,1.0565200299024582,1.0565200299024582,0.0,0.0,0.0,0.0,0.0,0.0,0.0,0.0,0.0,3.0,0.0,0.0,0.0,152400.0,0.0,0.0,27.0,11.0,0.0,38.0,2,1.0,2.0,27.839642751205044,64.75450716845877,65.37583333333333,2022.0,fulani ethnic militia (nigeria),1.0,2.0,2.0,1.0,0.0
79109,north central,benue,otukpo,rural,270.0,2024,1070,guinea corn (sorghum),0.1516299992799759,200.0,86000.0,120000.0,0.1516299992799759,0.1516299992799759,0.0,1.0,1.0,0.1516299992799759,0.1516299992799759,60000.0,100.0,0.8599760085344315,0.4552900046110153,0.4552900046110153,92.0,0.0,0.0,0.0,0.0,200.0,200.0,0.0,0.0,12.0,1.0,0.0,0.0,5340000.0,0.0,0.0,34.0,35.0,0.0,69.0,2,2.0,2.0,26.55906412532296,64.52221526442385,103.43658069024184,,,0.0,0.0,0.0,0.0,0.0
79112,north central,benue,otukpo,rural,270.0,2024,1070,guinea corn (sorghum),0.12372999638319016,100.0,71428.5703125,71428.5703125,0.12372999638319016,0.12372999638319016,0.0,1.0,1.0,0.12372999638319016,0.12372999638319016,0.0,0.0,1.115843042731285,1.0229400023818016,1.0229400023818016,0.0,0.0,0.0,0.0,0.0,0.0,0.0,0.0,0.0,9.0,0.0,0.0,0.0,0.0,0.0,0.0,57.0,11.0,0.0,68.0,2,2.0,2.0,26.55906412532296,64.52221526442385,103.43658069024184,,,0.0,0.0,0.0,0.0,0.0
79116,north central,benue,otukpo,rural,270.0,2024,1070,guinea corn (sorghum),0.1039699986577034,250.0,178571.421875,178571.421875,0.1039699986577034,0.1039699986577034,0.0,1.0,1.0,0.1039699986577034,0.1039699986577034,0.0,0.0,1.805867962539196,1.805867962539196,1.805867962539196,0.0,0.0,0.0,0.0,0.0,0.0,0.0,0.0,0.4,25.0,0.0,0.0,0.0,114000.0,0.0,0.0,24.0,0.0,0.0,24.0,2,1.0,3.0,26.55906412532296,64.52221526442385,103.43658069024184,,,0.0,0.0,0.0,0.0,0.0
79117,north central,benue,otukpo,rural,270.0,2024,1070,guinea corn (sorghum),0.25095999240875244,400.0,172000.0,240000.0,0.25095999240875244,0.25095999240875244,0.0,1.0,1.0,0.25095999240875244,0.25095999240875244,120000.0,200.0,0.8315900042653084,0.8315900042653084,0.8315900042653084,69.0,0.0,0.0,0.0,0.0,150.0,150.0,0.0,0.0,6.0,1.0,0.0,0.0,0.0,0.0,0.0,23.0,5.0,0.0,28.0,2,1.0,3.0,26.55906412532296,64.52221526442385,103.43658069024184,,,0.0,0.0,0.0,0.0,0.0
79119,north central,benue,otukpo,rural,270.0,2024,1070,guinea corn (sorghum),0.26732000708580017,200.0,86000.0,86000.0,0.26732000708580017,0.26732000708580017,0.0,1.0,1.0,0.26732000708580017,0.26732000708580017,0.0,0.0,0.6630900055170059,0.6630900055170059,0.6630900055170059,32.0,6.0,5.5,0.0,50.0,50.0,100.0,0.0,0.0,12.0,1.0,0.0,0.0,1414600.0,0.0,0.0,22.0,3.0,0.0,25.0,2,1.0,1.0,26.55906412532296,64.52221526442385,103.43658069024184,,,0.0,0.0,0.0,0.0,0.0
79134,north central,benue,vandeikya,rural,1088.0,2024,1070,guinea corn (sorghum),0.29096001386642456,200.0,86000.0,86000.0,0.06735185533761978,0.06735185533761978,0.0,0.23148147761821747,0.23148147761821747,0.06735185533761978,0.06735185533761978,0.0,0.0,1.1555090174078941,1.1555090174078941,1.1555090174078941,46.0,0.0,0.0,0.0,0.0,100.0,100.0,0.0,0.0,14.0,1.0,0.0,0.0,0.0,0.0,0.0,27.0,28.0,0.0,55.0,2,1.0,2.0,26.55906412532296,64.52221526442385,103.43658069024184,,,0.0,0.0,0.0,0.0,0.0
80012,north east,borno,maiduguri,urban,1448.0,2024,1070,guinea corn (sorghum),0.5248000025749207,0.0,0.0,0.0,0.07169398665428162,0.0,0.0,0.13661201298236847,0.13661202788352966,0.0,0.07169398665428162,0.0,0.0,4.595112967304885,4.5835000872612,4.5835000872612,0.0,0.0,0.0,0.0,0.0,0.0,0.0,0.0,0.0,0.0,0.0,0.0,0.0,90000.0,0.0,0.0,42.0,0.0,0.0,42.0,2,1.0,2.0,26.55906412532296,64.52221526442385,103.43658069024184,,,0.0,0.0,0.0,0.0,0.0
80017,north east,borno,maiduguri,urban,1448.0,2024,1070,guinea corn (sorghum),2.1634795665740967,6.611999988555908,2975.39990234375,2975.39990234375,0.3090685307979584,0.3090685307979584,0.0,0.1428571492433548,0.1428571492433548,0.3090685307979584,0.3090685307979584,0.0,0.0,2.43042958015576,2.4279295802116394,2.4279295802116394,0.0,0.0,0.0,0.0,0.0,0.0,0.0,0.0,0.0,0.0,0.0,0.0,0.0,136800.0,0.0,0.0,32.0,1.0,0.0,33.0,2,2.0,3.0,26.55906412532296,64.52221526442385,103.43658069024184,,,0.0,0.0,0.0,0.0,0.0
80102,north east,borno,shani,rural,804.0,2024,1070,guinea corn (sorghum),1.1347100138664246,149.63999938964844,67338.0,67338.0,0.3066856861114502,0.07667142152786255,0.0,0.5479256212711334,0.5479256212711334,0.07667142152786255,0.3066856861114502,0.0,0.0,4.523750141263008,3.1238860189914703,4.337944060564041,81.0,54.0,49.5,0.0,450.0,0.0,450.0,0.0,5.0,16.0,1.0,0.0,0.0,59400.0,0.0,0.0,42.0,0.0,0.0,42.0,2,2.0,2.0,27.541327771598077,54.93359674329502,119.815,2022.0,islamic state west africa province (iswap) and/or boko haram - jamaatu ahli is-sunnah lid-dawati wal-jihad,1.0,7.0,7.0,2.0,0.0
80102,north east,borno,shani,rural,804.0,2024,1070,guinea corn (sorghum),1.1347100138664246,149.63999938964844,67338.0,67338.0,0.3066856861114502,0.07667142152786255,0.0,0.5479256212711334,0.5479256212711334,0.07667142152786255,0.3066856861114502,0.0,0.0,4.523750141263008,3.1238860189914703,4.337944060564041,81.0,54.0,49.5,0.0,450.0,0.0,450.0,0.0,5.0,16.0,1.0,0.0,0.0,59400.0,0.0,0.0,42.0,0.0,0.0,42.0,2,2.0,2.0,27.541327771598077,54.93359674329502,119.815,2022.0,military forces of nigeria (2015-2023),1.0,3.0,3.0,1.0,1.0
80106,north east,borno,shani,rural,804.0,2024,1070,guinea corn (sorghum),0.48197001218795776,200.0,90000.0,90000.0,0.09639400243759155,0.09639400243759155,0.0,0.20000000298023224,0.20000000298023224,0.09639400243759155,0.09639400243759155,0.0,0.0,1.8308928487822413,1.819279968738556,1.819279968738556,23.0,0.0,0.0,0.0,0.0,50.0,50.0,0.0,3.0,8.0,1.0,0.0,0.0,280000.0,0.0,0.0,24.0,0.0,2.0,26.0,2,2.0,3.0,27.541327771598077,54.93359674329502,119.815,2022.0,islamic state west africa province (iswap) and/or boko haram - jamaatu ahli is-sunnah lid-dawati wal-jihad,1.0,7.0,7.0,2.0,0.0
80106,north east,borno,shani,rural,804.0,2024,1070,guinea corn (sorghum),0.48197001218795776,200.0,90000.0,90000.0,0.09639400243759155,0.09639400243759155,0.0,0.20000000298023224,0.20000000298023224,0.09639400243759155,0.09639400243759155,0.0,0.0,1.8308928487822413,1.819279968738556,1.819279968738556,23.0,0.0,0.0,0.0,0.0,50.0,50.0,0.0,3.0,8.0,1.0,0.0,0.0,280000.0,0.0,0.0,24.0,0.0,2.0,26.0,2,2.0,3.0,27.541327771598077,54.93359674329502,119.815,2022.0,military forces of nigeria (2015-2023),1.0,3.0,3.0,1.0,1.0
80107,north east,borno,shani,rural,804.0,2024,1070,guinea corn (sorghum),0.2526499927043915,100.0,45000.0,45000.0,0.12632499635219574,0.12632499635219574,0.0,0.5,0.5,0.12632499635219574,0.12632499635219574,0.0,0.0,2.501762825064361,2.4901499450206757,2.4901499450206757,9.0,6.0,5.5,0.0,50.0,0.0,50.0,0.0,1.0,8.0,1.0,0.0,0.0,1068000.0,0.0,0.0,24.0,0.0,0.0,24.0,2,2.0,3.0,27.541327771598077,54.93359674329502,119.815,2022.0,islamic state west africa province (iswap) and/or boko haram - jamaatu ahli is-sunnah lid-dawati wal-jihad,1.0,7.0,7.0,2.0,0.0
80107,north east,borno,shani,rural,804.0,2024,1070,guinea corn (sorghum),0.2526499927043915,100.0,45000.0,45000.0,0.12632499635219574,0.12632499635219574,0.0,0.5,0.5,0.12632499635219574,0.12632499635219574,0.0,0.0,2.501762825064361,2.4901499450206757,2.4901499450206757,9.0,6.0,5.5,0.0,50.0,0.0,50.0,0.0,1.0,8.0,1.0,0.0,0.0,1068000.0,0.0,0.0,24.0,0.0,0.0,24.0,2,2.0,3.0,27.541327771598077,54.93359674329502,119.815,2022.0,military forces of nigeria (2015-2023),1.0,3.0,3.0,1.0,1.0
80108,north east,borno,shani,rural,804.0,2024,1070,guinea corn (sorghum),0.802649974822998,200.0,90000.0,90000.0,0.267549991607666,0.267549991607666,0.0,0.3333333432674408,0.3333333432674408,0.267549991607666,0.267549991607666,0.0,0.0,5.832100700587034,5.7856491804122925,5.7856491804122925,16.632,11.087999,10.164,2.0,92.399994,0.0,92.399994,200.0,1.0,8.0,1.0,0.0,0.0,0.0,0.0,0.0,37.0,0.0,0.0,37.0,2,2.0,2.0,27.541327771598077,54.93359674329502,119.815,2022.0,islamic state west africa province (iswap) and/or boko haram - jamaatu ahli is-sunnah lid-dawati wal-jihad,1.0,7.0,7.0,2.0,0.0
80108,north east,borno,shani,rural,804.0,2024,1070,guinea corn (sorghum),0.802649974822998,200.0,90000.0,90000.0,0.267549991607666,0.267549991607666,0.0,0.3333333432674408,0.3333333432674408,0.267549991607666,0.267549991607666,0.0,0.0,5.832100700587034,5.7856491804122925,5.7856491804122925,16.632,11.087999,10.164,2.0,92.399994,0.0,92.399994,200.0,1.0,8.0,1.0,0.0,0.0,0.0,0.0,0.0,37.0,0.0,0.0,37.0,2,2.0,2.0,27.541327771598077,54.93359674329502,119.815,2022.0,military forces of nigeria (2015-2023),1.0,3.0,3.0,1.0,1.0
80109,north east,borno,shani,rural,804.0,2024,1070,guinea corn (sorghum),0.7973500043153763,149.8799991607666,67445.99951171875,67445.99951171875,0.200966976583004,0.052789744921028614,0.0,0.7108585983514786,0.7108585983514786,0.03121091052889824,0.12484364211559296,0.0,0.0,0.8933608857914805,0.8817480057477951,0.8817480057477951,2.4839997,0.0,0.0,0.0,0.0,5.3999996,5.3999996,0.0,2.0,4.0,1.0,0.0,0.0,35200.0,0.0,0.0,7.0,12.0,0.0,19.0,2,2.0,4.0,27.541327771598077,54.93359674329502,119.815,2022.0,islamic state west africa province (iswap) and/or boko haram - jamaatu ahli is-sunnah lid-dawati wal-jihad,1.0,7.0,7.0,2.0,0.0
80109,north east,borno,shani,rural,804.0,2024,1070,guinea corn (sorghum),0.7973500043153763,149.8799991607666,67445.99951171875,67445.99951171875,0.200966976583004,0.052789744921028614,0.0,0.7108585983514786,0.7108585983514786,0.03121091052889824,0.12484364211559296,0.0,0.0,0.8933608857914805,0.8817480057477951,0.8817480057477951,2.4839997,0.0,0.0,0.0,0.0,5.3999996,5.3999996,0.0,2.0,4.0,1.0,0.0,0.0,35200.0,0.0,0.0,7.0,12.0,0.0,19.0,2,2.0,4.0,27.541327771598077,54.93359674329502,119.815,2022.0,military forces of nigeria (2015-2023),1.0,3.0,3.0,1.0,1.0
80110,north east,borno,shani,rural,804.0,2024,1070,guinea corn (sorghum),1.4636000394821167,200.0,90000.0,90000.0,0.2927200198173523,0.09659761190414429,0.0,0.20000000298023224,0.20000000298023224,0.09659761190414429,0.2927200198173523,0.0,0.0,2.427793836221099,2.404568076133728,2.404568076133728,46.0,0.0,0.0,0.0,0.0,100.0,130.0,0.0,4.0,6.0,1.0,0.0,0.0,27500.0,17500.0,0.0,11.0,0.0,0.0,11.0,2,2.0,4.0,27.541327771598077,54.93359674329502,119.815,2022.0,islamic state west africa province (iswap) and/or boko haram - jamaatu ahli is-sunnah lid-dawati wal-jihad,1.0,7.0,7.0,2.0,0.0
80110,north east,borno,shani,rural,804.0,2024,1070,guinea corn (sorghum),1.4636000394821167,200.0,90000.0,90000.0,0.2927200198173523,0.09659761190414429,0.0,0.20000000298023224,0.20000000298023224,0.09659761190414429,0.2927200198173523,0.0,0.0,2.427793836221099,2.404568076133728,2.404568076133728,46.0,0.0,0.0,0.0,0.0,100.0,130.0,0.0,4.0,6.0,1.0,0.0,0.0,27500.0,17500.0,0.0,11.0,0.0,0.0,11.0,2,2.0,4.0,27.541327771598077,54.93359674329502,119.815,2022.0,military forces of nigeria (2015-2023),1.0,3.0,3.0,1.0,1.0
89005,north east,borno,maiduguri,urban,12.0,2024,1070,guinea corn (sorghum),2.1721999645233154,18.55000114440918,8347.5009765625,8347.5009765625,0.6206285953521729,0.6206285953521729,0.0,0.2857142984867096,0.2857142984867096,0.6206285953521729,0.6206285953521729,0.0,0.0,2.304762843064964,2.2931499630212784,2.2931499630212784,1.5264,1.0175999,0.93279994,5.0,8.48,0.0,8.48,500.0,4.0,3.0,1.0,0.0,0.0,100200.0,720000.0,0.0,49.0,10.0,6.0,65.0,2,2.0,4.0,26.55906412532296,64.52221526442385,103.43658069024184,,,0.0,0.0,0.0,0.0,0.0
89009,north east,borno,maiduguri,urban,12.0,2024,1070,guinea corn (sorghum),0.046451520174741745,700.0,315000.0,315000.0,0.023225760087370872,0.017419319599866867,0.0,0.5,0.5,0.0,0.0,0.0,0.0,0.33677351381629705,0.3251606337726116,0.3251606337726116,0.0,0.0,0.0,2.0,0.0,0.0,0.0,200.0,3.0,7.0,0.0,0.0,0.0,62700.0,22500.0,0.0,30.0,20.0,15.0,65.0,2,2.0,2.0,26.55906412532296,64.52221526442385,103.43658069024184,,,0.0,0.0,0.0,0.0,0.0
89023,north east,borno,maiduguri,urban,1628.0,2024,1070,guinea corn (sorghum),0.13935455679893494,0.0,0.0,0.0,0.027870912104845047,0.0,0.0,0.20000000298023224,0.20000000298023224,0.0,0.0,0.0,0.0,0.18580607697367668,0.13935455679893494,0.13935455679893494,0.0,0.0,0.0,0.0,0.0,0.0,0.0,0.0,0.0,0.0,0.0,0.0,0.0,33000.0,0.0,0.0,7.0,0.0,0.0,7.0,2,1.0,1.0,26.55906412532296,64.52221526442385,103.43658069024184,,,0.0,0.0,0.0,0.0,0.0
89028,north east,borno,maiduguri,urban,1628.0,2024,1070,guinea corn (sorghum),0.28106001019477844,13.25,5962.5,5962.5,0.052830830216407776,0.052830830216407776,0.0,0.18796992301940918,0.18796992301940918,0.052830830216407776,0.052830830216407776,0.0,0.0,0.3275115303695202,0.28106001019477844,0.28106001019477844,0.0,0.0,0.0,0.0,0.0,0.0,0.0,0.0,0.0,0.0,0.0,0.0,0.0,211200.0,900000.0,0.0,26.0,0.0,14.0,40.0,2,1.0,1.0,26.55906412532296,64.52221526442385,103.43658069024184,,,0.0,0.0,0.0,0.0,0.0
150015,north east,gombe,kwami,rural,1682.0,2024,1070,guinea corn (sorghum),0.8066999912261963,400.0,176000.0,176000.0,0.8066999912261963,0.8066999912261963,0.0,1.0,1.0,0.8066999912261963,0.8066999912261963,0.0,0.0,0.9725999981164932,0.9725999981164932,0.9725999981164932,0.0,0.0,0.0,0.0,0.0,0.0,0.0,0.0,0.0,0.0,0.0,0.0,0.0,0.0,0.0,0.0,20.0,0.0,0.0,20.0,2,1.0,1.0,26.91272574465455,53.90653018786306,125.93916666666668,,,0.0,0.0,0.0,0.0,0.0
150016,north east,gombe,kwami,rural,1682.0,2024,1070,guinea corn (sorghum),1.4767999649047852,1500.0,660000.0,600000.0,0.48734399676322937,0.48734399676322937,0.0,0.33000001311302185,0.3333333432674408,0.48734399676322937,0.48734399676322937,120000.0,300.0,1.8583799693733454,1.8483799695968628,1.8483799695968628,0.0,0.0,0.0,0.0,0.0,0.0,0.0,0.0,0.0,0.0,0.0,0.0,0.0,237600.0,480000.0,72000.0,41.0,3.0,0.0,44.0,2,2.0,3.0,26.91272574465455,53.90653018786306,125.93916666666668,,,0.0,0.0,0.0,0.0,0.0
150017,north east,gombe,kwami,rural,1682.0,2024,1070,guinea corn (sorghum),1.0824500024318695,1200.0,528000.0,360000.0,0.2706125006079674,0.2706125006079674,0.0,0.5,0.5,0.2706125006079674,0.2706125006079674,90000.0,300.0,1.175353042781353,1.0824500024318695,1.0824500024318695,0.0,0.0,0.0,0.0,0.0,0.0,0.0,0.0,0.0,0.0,0.0,0.0,0.0,636000.0,0.0,0.0,11.0,0.0,0.0,11.0,2,1.0,1.0,26.91272574465455,53.90653018786306,125.93916666666668,,,0.0,0.0,0.0,0.0,0.0
150018,north east,gombe,kwami,rural,1682.0,2024,1070,guinea corn (sorghum),0.4204599857330322,200.0,88000.0,88000.0,0.2102299928665161,0.2102299928665161,0.0,0.5,0.5,0.2102299928665161,0.2102299928665161,0.0,0.0,0.4254599856212735,0.4204599857330322,0.4204599857330322,0.0,0.0,0.0,0.0,0.0,0.0,0.0,0.0,0.0,0.0,0.0,0.0,0.0,210000.0,0.0,0.0,17.0,5.0,0.0,22.0,2,1.0,1.0,26.91272574465455,53.90653018786306,125.93916666666668,,,0.0,0.0,0.0,0.0,0.0
150020,north east,gombe,kwami,rural,1682.0,2024,1070,guinea corn (sorghum),0.5767999887466431,600.0,264000.0,210000.0,0.14419999718666077,0.14419999718666077,0.0,0.25,0.25,0.14419999718666077,0.14419999718666077,140000.0,400.0,0.9613857623189688,0.9381600022315979,0.9381600022315979,0.0,0.0,0.0,0.0,0.0,0.0,0.0,0.0,0.0,0.0,0.0,0.0,0.0,45000.0,600000.0,0.0,11.0,0.0,0.0,11.0,2,1.0,3.0,26.91272574465455,53.90653018786306,125.93916666666668,,,0.0,0.0,0.0,0.0,0.0
150021,north east,gombe,yamaltu deba,rural,1938.0,2024,1070,guinea corn (sorghum),2.1977999210357666,1100.0,484000.0,484000.0,0.7252740263938904,0.47868087887763977,0.0,0.33000001311302185,0.3333333432674408,0.47868087887763977,0.7252740263938904,176000.0,400.0,2.4377999156713486,2.1977999210357666,2.1977999210357666,23.0,0.0,0.0,0.0,0.0,50.0,50.0,0.0,0.0,0.0,1.0,0.0,0.0,330000.0,0.0,0.0,45.0,40.0,0.0,85.0,2,2.0,2.0,26.55906412532296,64.52221526442385,103.43658069024184,,,0.0,0.0,0.0,0.0,0.0
150022,north east,gombe,yamaltu deba,rural,1938.0,2024,1070,guinea corn (sorghum),0.6070500016212463,400.0,176000.0,176000.0,0.30352500081062317,0.15176250040531158,0.0,0.5,0.5,0.15176250040531158,0.30352500081062317,0.0,0.0,1.0124599933624268,1.0124599933624268,1.0124599933624268,46.0,0.0,0.0,7.5,0.0,100.0,100.0,750.0,0.0,2.0,1.0,0.0,0.0,1848000.0,0.0,0.0,38.0,8.0,20.0,66.0,2,1.0,2.0,26.55906412532296,64.52221526442385,103.43658069024184,,,0.0,0.0,0.0,0.0,0.0
150023,north east,gombe,yamaltu deba,rural,1938.0,2024,1070,guinea corn (sorghum),0.9961100220680237,500.0,220000.0,220000.0,0.5667522549629211,0.42506420612335205,0.0,0.568965494632721,0.5689655542373657,0.42506420612335205,0.5667522549629211,0.0,0.0,1.4627600312232971,1.4627600312232971,1.4627600312232971,46.0,0.0,0.0,0.0,0.0,100.0,100.0,0.0,0.0,2.0,1.0,0.0,0.0,1612000.0,0.0,0.0,32.0,8.0,0.0,40.0,2,1.0,1.0,26.55906412532296,64.52221526442385,103.43658069024184,,,0.0,0.0,0.0,0.0,0.0
150029,north east,gombe,yamaltu deba,rural,1938.0,2024,1070,guinea corn (sorghum),0.4280399978160858,300.0,132000.0,132000.0,0.10700999945402145,0.10700999945402145,0.0,0.25,0.25,0.10700999945402145,0.10700999945402145,0.0,0.0,0.4330399977043271,0.4280399978160858,0.4280399978160858,0.0,0.0,0.0,20.0,0.0,0.0,0.0,2000.0,3.0,2.0,0.0,0.0,0.0,0.0,0.0,0.0,22.0,15.0,0.0,37.0,2,2.0,2.0,26.55906412532296,64.52221526442385,103.43658069024184,,,0.0,0.0,0.0,0.0,0.0
150069,north east,gombe,billiri,rural,634.0,2024,1070,guinea corn (sorghum),1.6243000030517578,150.0,66000.0,66000.0,0.37599536776542664,0.37599536776542664,0.0,0.23148147761821747,0.23148147761821747,0.37599536776542664,0.37599536776542664,0.0,0.0,11.358243346214294,3.9259999990463257,3.9259999990463257,114.0,30.0,27.5,0.0,250.0,150.0,400.0,0.0,0.0,42.0,1.0,0.0,0.0,320000.0,0.0,0.0,26.0,16.0,0.0,42.0,2,2.0,2.0,27.711078018786303,54.73490535780497,94.45666666666666,2024.0,fulani ethnic militia (nigeria),1.0,2.0,2.0,2.0,0.0
159001,north east,gombe,balanga,rural,1386.0,2024,1070,guinea corn (sorghum),0.5780100226402283,900.0,396000.0,420000.0,0.28900501132011414,0.28900501132011414,0.0,0.5,0.5,0.28900501132011414,0.28900501132011414,140000.0,300.0,1.4970600008964539,1.4970600008964539,1.4970600008964539,64.0,12.0,11.0,0.0,100.0,100.0,200.0,0.0,0.0,0.0,1.0,0.0,0.0,720000.0,0.0,0.0,11.0,8.0,0.0,19.0,2,1.0,1.0,26.55906412532296,64.52221526442385,103.43658069024184,,,0.0,0.0,0.0,0.0,0.0
159002,north east,gombe,balanga,rural,1386.0,2024,1070,guinea corn (sorghum),1.4507999420166016,1000.0,440000.0,440000.0,1.0074999332427979,0.7556249499320984,0.0,0.6944444179534912,0.6944444179534912,0.7556249499320984,1.0074999332427979,0.0,0.0,1.927789956331253,1.927789956331253,1.927789956331253,23.0,0.0,0.0,0.0,0.0,50.0,50.0,0.0,7.0,0.0,1.0,0.0,0.0,427200.0,0.0,0.0,36.0,9.0,18.0,63.0,2,1.0,1.0,26.55906412532296,64.52221526442385,103.43658069024184,,,0.0,0.0,0.0,0.0,0.0
159004,north east,gombe,balanga,rural,1386.0,2024,1070,guinea corn (sorghum),0.3894599974155426,1500.0,660000.0,795000.0,0.3894599974155426,0.3894599974155426,0.0,1.0,1.0,0.3894599974155426,0.3894599974155426,318000.0,600.0,0.3894599974155426,0.3894599974155426,0.3894599974155426,0.0,0.0,0.0,15.0,0.0,0.0,0.0,1500.0,0.0,0.0,0.0,0.0,0.0,0.0,0.0,0.0,19.0,0.0,0.0,19.0,2,1.0,1.0,26.55906412532296,64.52221526442385,103.43658069024184,,,0.0,0.0,0.0,0.0,0.0
159005,north east,gombe,balanga,rural,1386.0,2024,1070,guinea corn (sorghum),0.5691999793052673,200.0,88000.0,88000.0,0.18783600628376007,0.18783600628376007,0.0,0.33000001311302185,0.3333333432674408,0.18783600628376007,0.18783600628376007,0.0,0.0,0.5781999789178371,0.5691999793052673,0.5691999793052673,0.0,0.0,0.0,0.0,0.0,0.0,0.0,0.0,0.0,2.0,0.0,0.0,0.0,136000.0,0.0,0.0,29.0,8.0,0.0,37.0,2,2.0,2.0,26.55906412532296,64.52221526442385,103.43658069024184,,,0.0,0.0,0.0,0.0,0.0
159007,north east,gombe,balanga,rural,1386.0,2024,1070,guinea corn (sorghum),0.5263500213623047,100.0,44000.0,44000.0,0.17369551956653595,0.17369551956653595,0.0,0.33000001311302185,0.3333333432674408,0.17369551956653595,0.17369551956653595,0.0,0.0,0.5349500216543674,0.5263500213623047,0.5263500213623047,0.0,0.0,0.0,0.0,0.0,0.0,0.0,0.0,0.0,0.0,0.0,0.0,0.0,138000.0,0.0,0.0,13.0,7.0,0.0,20.0,2,2.0,2.0,26.55906412532296,64.52221526442385,103.43658069024184,,,0.0,0.0,0.0,0.0,0.0
159010,north east,gombe,balanga,rural,1386.0,2024,1070,guinea corn (sorghum),0.19216999411582947,200.0,88000.0,88000.0,0.13345137238502502,0.08807791024446487,0.0,0.6944444179534912,0.6944444179534912,0.08807791024446487,0.13345137238502502,0.0,0.0,0.6835300028324127,0.6835300028324127,0.6835300028324127,7.36,0.0,0.0,9.0,0.0,16.0,16.0,900.0,0.0,0.0,1.0,0.0,0.0,60000.0,0.0,0.0,32.0,1.0,0.0,33.0,2,1.0,1.0,26.55906412532296,64.52221526442385,103.43658069024184,,,0.0,0.0,0.0,0.0,0.0
159022,north east,gombe,billiri,rural,864.0,2024,1070,guinea corn (sorghum),0.25446999073028564,100.0,44000.0,44000.0,0.05089399963617325,0.05089399963617325,0.0,0.20000000298023224,0.20000000298023224,0.05089399963617325,0.05089399963617325,0.0,0.0,1.8810515217483044,1.8346000015735626,1.8346000015735626,69.0,0.0,0.0,0.0,0.0,150.0,150.0,0.0,2.0,5.0,1.0,0.0,0.0,0.0,0.0,0.0,21.0,0.0,0.0,21.0,2,1.0,1.0,27.711078018786303,54.73490535780497,94.45666666666666,2024.0,fulani ethnic militia (nigeria),1.0,2.0,2.0,2.0,0.0
159028,north east,gombe,billiri,rural,1076.0,2024,1070,guinea corn (sorghum),0.7676100134849548,200.0,88000.0,88000.0,0.25331130623817444,0.25331130623817444,0.0,0.33000001311302185,0.3333333432674408,0.25331130623817444,0.25331130623817444,0.0,0.0,0.8635860132053494,0.8585860133171082,0.8585860133171082,0.0,0.0,0.0,0.0,0.0,0.0,0.0,0.0,0.0,0.0,0.0,0.0,0.0,0.0,0.0,0.0,7.0,3.0,0.0,10.0,2,2.0,2.0,27.711078018786303,54.73490535780497,94.45666666666666,2024.0,fulani ethnic militia (nigeria),1.0,2.0,2.0,2.0,0.0
159033,north east,gombe,billiri,rural,1076.0,2024,1070,guinea corn (sorghum),0.9176599979400635,200.0,88000.0,88000.0,0.3028278052806854,0.07570695132017136,0.0,0.33000001311302185,0.3333333432674408,0.07570695132017136,0.3028278052806854,0.0,0.0,1.7845299933105707,1.7745299935340881,1.7745299935340881,0.0,0.0,0.0,0.0,0.0,0.0,0.0,0.0,0.0,0.0,0.0,0.0,0.0,605000.0,0.0,0.0,10.0,3.0,0.0,13.0,2,2.0,2.0,27.711078018786303,54.73490535780497,94.45666666666666,2024.0,fulani ethnic militia (nigeria),1.0,2.0,2.0,2.0,0.0
159055,north east,gombe,gombe,urban,458.0,2024,1070,guinea corn (sorghum),0.382999986410141,200.0,88000.0,82000.0,0.1263899952173233,0.09479250013828278,0.0,0.33000001311302185,0.3333333432674408,0.09479250013828278,0.1263899952173233,82000.0,200.0,0.7970499899238348,0.7885499894618988,0.7885499894618988,0.0,0.0,0.0,0.0,0.0,0.0,0.0,0.0,2.0,2.0,0.0,0.0,0.0,693600.0,684000.0,0.0,21.0,10.0,0.0,31.0,2,2.0,3.0,26.55906412532296,64.52221526442385,103.43658069024184,,,0.0,0.0,0.0,0.0,0.0
159056,north east,gombe,gombe,urban,458.0,2024,1070,guinea corn (sorghum),0.7035800218582153,600.0,264000.0,264000.0,0.7035800218582153,0.7035800218582153,0.0,1.0,1.0,0.7035800218582153,0.7035800218582153,0.0,0.0,0.7035800218582153,0.7035800218582153,0.7035800218582153,46.0,0.0,0.0,0.0,0.0,100.0,100.0,0.0,2.0,2.0,1.0,0.0,0.0,560000.0,420000.0,0.0,20.0,6.0,0.0,26.0,2,1.0,1.0,26.55906412532296,64.52221526442385,103.43658069024184,,,0.0,0.0,0.0,0.0,0.0
159072,north east,gombe,nafada,rural,388.0,2024,1070,guinea corn (sorghum),1.4323999881744385,400.0,176000.0,120000.0,0.47269201278686523,0.47269201278686523,0.0,0.33000001311302185,0.3333333432674408,0.47269201278686523,0.47269201278686523,60000.0,200.0,1.7818299923092127,1.77182999253273,1.77182999253273,0.0,0.0,0.0,22.0,0.0,0.0,0.0,2200.0,1.0,6.0,0.0,0.0,0.0,451000.0,384000.0,0.0,55.0,2.0,0.0,57.0,2,2.0,2.0,26.55906412532296,64.52221526442385,103.43658069024184,,,0.0,0.0,0.0,0.0,0.0
159073,north east,gombe,nafada,rural,388.0,2024,1070,guinea corn (sorghum),0.7182700037956238,500.0,220000.0,220000.0,0.7182700037956238,0.7182700037956238,0.0,1.0,1.0,0.7182700037956238,0.7182700037956238,0.0,0.0,1.3705000281333923,1.3705000281333923,1.3705000281333923,127.0,54.0,49.5,11.0,450.0,100.0,550.0,1100.0,4.0,6.0,1.0,0.0,0.0,1152000.0,840000.0,0.0,21.0,46.0,18.0,85.0,2,1.0,1.0,26.55906412532296,64.52221526442385,103.43658069024184,,,0.0,0.0,0.0,0.0,0.0
159074,north east,gombe,nafada,rural,388.0,2024,1070,guinea corn (sorghum),0.5153899788856506,560.0,246400.0,198800.0,0.5153899788856506,0.5153899788856506,0.0,1.0,1.0,0.5153899788856506,0.5153899788856506,71000.0,200.0,1.1810799837112427,1.1810799837112427,1.1810799837112427,34.5,0.0,0.0,0.0,0.0,75.0,75.0,0.0,0.0,7.0,1.0,0.0,0.0,200400.0,0.0,0.0,12.0,12.0,0.0,24.0,2,1.0,2.0,26.55906412532296,64.52221526442385,103.43658069024184,,,0.0,0.0,0.0,0.0,0.0
159078,north east,gombe,nafada,rural,388.0,2024,1070,guinea corn (sorghum),0.3159799873828888,400.0,176000.0,176000.0,0.20854680240154266,0.20854680240154266,0.0,0.6600000262260437,0.6666666865348816,0.20854680240154266,0.20854680240154266,0.0,0.0,1.372280036099255,1.3672800362110138,1.3672800362110138,0.0,0.0,0.0,0.0,0.0,0.0,0.0,0.0,3.0,2.0,0.0,0.0,0.0,283500.0,1800000.0,0.0,34.0,3.0,0.0,37.0,2,2.0,3.0,26.55906412532296,64.52221526442385,103.43658069024184,,,0.0,0.0,0.0,0.0,0.0
159079,north east,gombe,nafada,rural,388.0,2024,1070,guinea corn (sorghum),0.30535998940467834,1200.0,528000.0,540000.0,0.30535998940467834,0.30535998940467834,0.0,1.0,1.0,0.30535998940467834,0.30535998940467834,45000.0,100.0,3.0298100374639034,0.7008099853992462,3.0208100378513336,46.0,0.0,0.0,10.0,0.0,100.0,100.0,1000.0,1.0,4.0,1.0,0.0,0.0,472000.0,360000.0,0.0,17.0,7.0,0.0,24.0,2,1.0,2.0,26.55906412532296,64.52221526442385,103.43658069024184,,,0.0,0.0,0.0,0.0,0.0
159083,north east,gombe,nafada,rural,388.0,2024,1070,guinea corn (sorghum),0.45991000533103943,1300.0,572000.0,455000.0,0.45991000533103943,0.45991000533103943,0.0,1.0,1.0,0.45991000533103943,0.45991000533103943,70000.0,200.0,0.8267900096252561,0.8217900097370148,0.8217900097370148,48.0,9.0,8.25,0.0,75.0,75.0,150.0,0.0,2.0,0.0,1.0,0.0,0.0,63800.0,480000.0,0.0,8.0,17.0,2.0,27.0,2,2.0,3.0,26.55906412532296,64.52221526442385,103.43658069024184,,,0.0,0.0,0.0,0.0,0.0
159085,north east,gombe,shongom,rural,838.0,2024,1070,guinea corn (sorghum),0.3718000054359436,1200.0,528000.0,528000.0,0.3718000054359436,0.3718000054359436,0.0,1.0,1.0,0.3718000054359436,0.3718000054359436,0.0,0.0,0.6967345662415028,0.5573800057172775,0.5573800057172775,115.0,0.0,0.0,22.5,0.0,250.0,250.0,2250.0,6.0,7.0,1.0,0.0,0.0,1044000.0,0.0,0.0,77.0,20.0,26.0,123.0,2,1.0,2.0,26.55906412532296,64.52221526442385,103.43658069024184,,,0.0,0.0,0.0,0.0,0.0
159086,north east,gombe,shongom,rural,838.0,2024,1070,guinea corn (sorghum),1.0175000429153442,1500.0,660000.0,750000.0,0.25437501072883606,0.25437501072883606,0.0,0.25,0.25,0.25437501072883606,0.25437501072883606,350000.0,700.0,1.0255000432953238,1.0175000429153442,1.0175000429153442,69.0,0.0,0.0,0.0,0.0,150.0,150.0,0.0,2.0,3.0,1.0,0.0,0.0,0.0,0.0,0.0,42.0,10.0,10.0,62.0,2,2.0,2.0,26.55906412532296,64.52221526442385,103.43658069024184,,,0.0,0.0,0.0,0.0,0.0
159088,north east,gombe,shongom,rural,838.0,2024,1070,guinea corn (sorghum),0.7774699926376343,300.0,132000.0,133500.0,0.7774699926376343,0.5131301879882812,0.0,1.0,1.0,0.5131301879882812,0.7774699926376343,44500.0,100.0,1.2148000001907349,1.2148000001907349,1.2148000001907349,0.0,0.0,0.0,0.0,0.0,0.0,0.0,0.0,0.0,2.0,0.0,0.0,0.0,0.0,576000.0,16000.0,32.0,0.0,51.0,83.0,2,1.0,2.0,26.55906412532296,64.52221526442385,103.43658069024184,,,0.0,0.0,0.0,0.0,0.0
159089,north east,gombe,shongom,rural,838.0,2024,1070,guinea corn (sorghum),0.28902000188827515,600.0,264000.0,264000.0,0.14451000094413757,0.14451000094413757,0.0,0.5,0.5,0.14451000094413757,0.14451000094413757,0.0,0.0,0.28902000188827515,0.28902000188827515,0.28902000188827515,0.0,0.0,0.0,15.0,0.0,0.0,0.0,1500.0,3.0,3.0,0.0,0.0,0.0,504000.0,0.0,0.0,16.0,0.0,0.0,16.0,2,1.0,1.0,26.55906412532296,64.52221526442385,103.43658069024184,,,0.0,0.0,0.0,0.0,0.0
159090,north east,gombe,shongom,rural,838.0,2024,1070,guinea corn (sorghum),0.5828800201416016,250.0,110000.0,110000.0,0.43716001510620117,0.43716001510620117,0.0,0.75,0.75,0.43716001510620117,0.43716001510620117,0.0,0.0,0.8896100064739585,0.8816100060939789,0.8816100060939789,0.0,0.0,0.0,0.0,0.0,0.0,0.0,0.0,2.5,0.0,0.0,0.0,0.0,0.0,0.0,27750.0,38.0,2.0,30.0,70.0,2,2.0,3.0,26.55906412532296,64.52221526442385,103.43658069024184,,,0.0,0.0,0.0,0.0,0.0
159093,north east,gombe,shongom,rural,838.0,2024,1070,guinea corn (sorghum),0.04179999977350235,150.0,66000.0,66000.0,0.04179999977350235,0.04179999977350235,0.0,1.0,1.0,0.0,0.0,0.0,0.0,0.0882515199482441,0.04179999977350235,0.04179999977350235,0.0,0.0,0.0,0.0,0.0,0.0,0.0,0.0,0.0,0.0,0.0,0.0,0.0,0.0,0.0,0.0,11.0,0.0,4.0,15.0,2,1.0,1.0,26.55906412532296,64.52221526442385,103.43658069024184,,,0.0,0.0,0.0,0.0,0.0
159094,north east,gombe,shongom,rural,838.0,2024,1070,guinea corn (sorghum),1.2507700026035309,600.0,264000.0,264000.0,0.2987860031425953,0.2987860031425953,0.0,0.7000000029802322,0.7000000029802322,0.2987860031425953,0.2987860031425953,0.0,0.0,1.3436730429530144,1.2507700026035309,1.2507700026035309,0.0,0.0,0.0,12.5,0.0,0.0,0.0,1250.0,0.0,0.0,0.0,0.0,0.0,120000.0,0.0,0.0,19.0,0.0,0.0,19.0,2,1.0,3.0,26.55906412532296,64.52221526442385,103.43658069024184,,,0.0,0.0,0.0,0.0,0.0
159095,north east,gombe,shongom,rural,838.0,2024,1070,guinea corn (sorghum),0.4977700114250183,300.0,132000.0,210000.0,0.24888500571250916,0.24888500571250916,0.0,0.5,0.5,0.24888500571250916,0.24888500571250916,70000.0,100.0,0.4977700114250183,0.4977700114250183,0.4977700114250183,0.0,0.0,0.0,0.0,0.0,0.0,0.0,0.0,0.0,1.0,0.0,0.0,0.0,344000.0,0.0,0.0,32.0,1.0,0.0,33.0,2,1.0,1.0,26.55906412532296,64.52221526442385,103.43658069024184,,,0.0,0.0,0.0,0.0,0.0
159097,north east,gombe,yamaltu deba,rural,1498.0,2024,1070,guinea corn (sorghum),0.38319000601768494,500.0,220000.0,220000.0,0.16516809165477753,0.16516809165477753,0.0,0.4310344457626343,0.43103447556495667,0.16516809165477753,0.16516809165477753,0.0,0.0,0.5605700016021729,0.5605700016021729,0.5605700016021729,0.0,0.0,0.0,0.0,0.0,0.0,0.0,0.0,0.0,0.0,0.0,0.0,0.0,656000.0,0.0,0.0,12.0,0.0,0.0,12.0,2,1.0,2.0,26.55906412532296,64.52221526442385,103.43658069024184,,,0.0,0.0,0.0,0.0,0.0
159098,north east,gombe,yamaltu deba,rural,1498.0,2024,1070,guinea corn (sorghum),0.7847700119018555,400.0,176000.0,180000.0,0.4177002012729645,0.4177002012729645,0.0,0.5322580933570862,0.5322580933570862,0.4177002012729645,0.4177002012729645,90000.0,200.0,1.1212200205773115,1.1167200207710266,1.1167200207710266,0.0,0.0,0.0,0.0,0.0,0.0,0.0,0.0,0.0,0.0,0.0,0.0,0.0,0.0,0.0,0.0,43.0,3.0,0.0,46.0,2,1.0,1.0,26.55906412532296,64.52221526442385,103.43658069024184,,,0.0,0.0,0.0,0.0,0.0
159099,north east,gombe,yamaltu deba,rural,1498.0,2024,1070,guinea corn (sorghum),0.7443699836730957,700.0,308000.0,308000.0,0.18609249591827393,0.18609249591827393,0.0,0.25,0.25,0.18609249591827393,0.18609249591827393,0.0,0.0,2.006269931793213,2.006269931793213,2.006269931793213,0.0,0.0,0.0,0.0,0.0,0.0,0.0,0.0,0.0,0.0,0.0,0.0,0.0,259000.0,0.0,0.0,15.0,22.0,16.0,53.0,2,1.0,2.0,26.55906412532296,64.52221526442385,103.43658069024184,,,0.0,0.0,0.0,0.0,0.0
159101,north east,gombe,yamaltu deba,rural,1498.0,2024,1070,guinea corn (sorghum),0.8107100129127502,300.0,132000.0,132000.0,0.20267750322818756,0.20267750322818756,0.0,0.25,0.25,0.20267750322818756,0.20267750322818756,0.0,0.0,0.857161533087492,0.8107100129127502,0.8107100129127502,0.0,0.0,0.0,0.0,0.0,0.0,0.0,0.0,0.0,0.0,0.0,0.0,0.0,0.0,0.0,0.0,21.0,0.0,8.0,29.0,2,1.0,1.0,26.55906412532296,64.52221526442385,103.43658069024184,,,0.0,0.0,0.0,0.0,0.0
159102,north east,gombe,yamaltu deba,rural,1498.0,2024,1070,guinea corn (sorghum),0.6388900279998779,100.0,44000.0,44000.0,0.31944501399993896,0.31944501399993896,0.0,0.5,0.5,0.31944501399993896,0.31944501399993896,0.0,0.0,0.7407800257205963,0.7407800257205963,0.7407800257205963,0.0,0.0,0.0,0.0,0.0,0.0,0.0,0.0,0.0,0.0,0.0,0.0,0.0,0.0,0.0,0.0,14.0,0.0,24.0,38.0,2,1.0,2.0,26.55906412532296,64.52221526442385,103.43658069024184,,,0.0,0.0,0.0,0.0,0.0
159105,north east,gombe,yamaltu deba,rural,1498.0,2024,1070,guinea corn (sorghum),1.663599967956543,200.0,88000.0,88000.0,0.7701851725578308,0.3850925862789154,0.0,0.46296295523643494,0.46296295523643494,0.3850925862789154,0.7701851725578308,0.0,0.0,2.622629951685667,2.6171299517154694,2.6171299517154694,0.0,0.0,0.0,0.0,0.0,0.0,0.0,0.0,0.0,0.0,0.0,0.0,0.0,744000.0,0.0,0.0,21.0,8.0,0.0,29.0,2,2.0,2.0,26.55906412532296,64.52221526442385,103.43658069024184,,,0.0,0.0,0.0,0.0,0.0
170041,north west,jigawa,miga,rural,96.0,2024,1070,guinea corn (sorghum),0.7231400012969971,500.0,420000.0,450000.0,0.36157000064849854,0.2711775004863739,0.0,0.5,0.5,0.2711775004863739,0.36157000064849854,225000.0,250.0,1.0025900099426508,0.9925900101661682,0.9925900101661682,0.0,0.0,0.0,0.0,0.0,0.0,0.0,0.0,0.0,0.0,0.0,0.0,0.0,0.0,0.0,0.0,38.0,15.0,0.0,53.0,2,1.0,2.0,26.55906412532296,64.52221526442385,103.43658069024184,,,0.0,0.0,0.0,0.0,0.0
170043,north west,jigawa,miga,rural,96.0,2024,1070,guinea corn (sorghum),1.0529999732971191,1000.0,500000.0,500000.0,0.5264999866485596,0.5264999866485596,0.0,0.5,0.5,0.5264999866485596,0.5264999866485596,0.0,0.0,1.2790299700573087,1.2740299701690674,1.2740299701690674,0.0,0.0,0.0,0.0,0.0,0.0,0.0,0.0,0.0,0.0,0.0,0.0,0.0,0.0,0.0,0.0,14.0,5.0,0.0,19.0,2,1.0,2.0,26.55906412532296,64.52221526442385,103.43658069024184,,,0.0,0.0,0.0,0.0,0.0
170044,north west,jigawa,miga,rural,96.0,2024,1070,guinea corn (sorghum),0.9950000047683716,500.0,420000.0,390000.0,0.4975000023841858,0.3283500075340271,0.0,0.5,0.5,0.3283500075340271,0.4975000023841858,117000.0,150.0,2.428510010242462,2.428510010242462,2.428510010242462,0.0,0.0,0.0,0.0,0.0,0.0,0.0,0.0,0.0,0.0,0.0,0.0,0.0,0.0,0.0,0.0,42.0,0.0,0.0,42.0,2,1.0,1.0,26.55906412532296,64.52221526442385,103.43658069024184,,,0.0,0.0,0.0,0.0,0.0
170045,north west,jigawa,miga,rural,96.0,2024,1070,guinea corn (sorghum),0.03594899922609329,200.0,100000.0,100000.0,0.03594899922609329,0.02696174941956997,0.0,1.0,1.0,0.0,0.0,0.0,0.0,0.24094900442287326,0.23694900423288345,0.23694900423288345,0.0,0.0,0.0,0.0,0.0,0.0,0.0,0.0,0.0,0.0,0.0,0.0,0.0,99000.0,0.0,0.0,10.0,0.0,4.0,14.0,2,2.0,3.0,26.55906412532296,64.52221526442385,103.43658069024184,,,0.0,0.0,0.0,0.0,0.0
170047,north west,jigawa,miga,rural,96.0,2024,1070,guinea corn (sorghum),0.11152999848127365,200.0,100000.0,100000.0,0.11152999848127365,0.11152999848127365,0.0,1.0,1.0,0.11152999848127365,0.11152999848127365,0.0,0.0,0.11652999836951494,0.11152999848127365,0.11152999848127365,0.0,0.0,0.0,0.0,0.0,0.0,0.0,0.0,0.0,0.0,0.0,0.0,0.0,156000.0,0.0,0.0,9.0,6.0,6.0,21.0,2,2.0,2.0,26.55906412532296,64.52221526442385,103.43658069024184,,,0.0,0.0,0.0,0.0,0.0
170050,north west,jigawa,miga,rural,96.0,2024,1070,guinea corn (sorghum),0.3731299936771393,200.0,100000.0,100000.0,0.18656499683856964,0.13992375135421753,0.0,0.5,0.5,0.13992375135421753,0.18656499683856964,0.0,0.0,0.6693399846553802,0.6693399846553802,0.6693399846553802,0.0,0.0,0.0,0.0,0.0,0.0,0.0,0.0,0.0,0.0,0.0,0.0,0.0,87000.0,0.0,0.0,13.0,4.0,0.0,17.0,2,1.0,1.0,26.55906412532296,64.52221526442385,103.43658069024184,,,0.0,0.0,0.0,0.0,0.0
170081,north west,jigawa,kaugama,rural,1452.0,2024,1070,guinea corn (sorghum),0.38113999366760254,600.0,300000.0,300000.0,0.19056999683380127,0.19056999683380127,0.0,1.0,1.0,0.19056999683380127,0.19056999683380127,0.0,0.0,0.38513999385759234,0.38113999366760254,0.38113999366760254,4.7188,1.0175999,0.93279994,0.0,8.48,6.94,15.42,0.0,0.0,0.0,1.0,0.0,0.0,90000.0,0.0,0.0,13.0,3.0,0.0,16.0,2,3.0,3.0,26.735128043505128,46.75287285255222,91.60083333333334,,,0.0,0.0,0.0,0.0,0.0
170082,north west,jigawa,kaugama,rural,1452.0,2024,1070,guinea corn (sorghum),1.5348100364208221,800.0,400000.0,400000.0,0.3295925036072731,0.3295925036072731,0.0,0.45000000298023224,0.45000000298023224,0.3295925036072731,0.3295925036072731,0.0,0.0,1.5398100363090634,1.5348100364208221,1.5348100364208221,0.0,0.0,0.0,25.0,0.0,0.0,0.0,2500.0,0.0,0.0,0.0,0.0,0.0,878400.0,0.0,0.0,38.0,6.0,0.0,44.0,2,1.0,1.0,26.735128043505128,46.75287285255222,91.60083333333334,,,0.0,0.0,0.0,0.0,0.0
170083,north west,jigawa,kaugama,rural,1452.0,2024,1070,guinea corn (sorghum),1.1888399720191956,250.0,210000.0,190000.0,0.2972099930047989,0.267488993704319,0.0,0.5,0.5,0.267488993704319,0.2972099930047989,38000.0,50.0,1.1988399717956781,1.1888399720191956,1.1888399720191956,46.0,0.0,0.0,65.0,0.0,100.0,100.0,6500.0,1.0,0.0,1.0,0.0,0.0,0.0,0.0,0.0,37.0,0.0,0.0,37.0,2,1.0,2.0,26.735128043505128,46.75287285255222,91.60083333333334,,,0.0,0.0,0.0,0.0,0.0
170085,north west,jigawa,kaugama,rural,1452.0,2024,1070,guinea corn (sorghum),1.7962400317192078,805.3000001907349,404240.0,404240.0,1.2643666863441467,0.9243407249450684,0.0,1.3333333432674408,1.3333333432674408,0.9243407249450684,1.2643666863441467,0.0,0.0,1.7962400317192078,1.7962400317192078,1.7962400317192078,0.0,0.0,0.0,0.0,0.0,0.0,0.0,0.0,0.0,0.0,0.0,0.0,0.0,258000.0,7500.0,0.0,27.0,10.0,0.0,37.0,2,1.0,1.0,26.735128043505128,46.75287285255222,91.60083333333334,,,0.0,0.0,0.0,0.0,0.0
170087,north west,jigawa,kaugama,rural,1452.0,2024,1070,guinea corn (sorghum),0.7790299952030182,750.0,375000.0,300000.0,0.3343183323740959,0.3343183323740959,0.0,0.8333333432674408,0.8333333432674408,0.3343183323740959,0.3343183323740959,80000.0,200.0,0.7840299950912595,0.7790299952030182,0.7790299952030182,13.737599,9.1584,8.395199,17.5,76.31999,0.0,76.31999,1750.0,0.0,0.0,1.0,0.0,0.0,1485600.0,60000.0,0.0,14.0,7.0,8.0,29.0,2,2.0,2.0,26.735128043505128,46.75287285255222,91.60083333333334,,,0.0,0.0,0.0,0.0,0.0
170088,north west,jigawa,kaugama,rural,1452.0,2024,1070,guinea corn (sorghum),1.5328699350357056,700.0,588000.0,616000.0,0.3576039895415306,0.3192329779267311,0.0,0.45000000298023224,0.45000000298023224,0.3192329779267311,0.3576039895415306,220000.0,250.0,1.5428699348121881,1.5328699350357056,1.5328699350357056,46.0,0.0,0.0,50.0,0.0,100.0,100.0,5000.0,2.0,0.0,1.0,0.0,0.0,984000.0,0.0,0.0,63.0,9.0,0.0,72.0,2,1.0,1.0,26.735128043505128,46.75287285255222,91.60083333333334,,,0.0,0.0,0.0,0.0,0.0
170089,north west,jigawa,kaugama,rural,1452.0,2024,1070,guinea corn (sorghum),1.747439980506897,1000.0,500000.0,500000.0,0.7166924923658371,0.5375193767249584,0.0,1.0833333432674408,1.0833333432674408,0.5014500021934509,0.6685999929904938,0.0,0.0,1.747439980506897,1.747439980506897,1.747439980506897,25.865799,0.0,0.0,0.0,0.0,56.23,56.23,0.0,0.0,0.0,1.0,0.0,0.0,24000.0,0.0,0.0,18.0,0.0,0.0,18.0,2,1.0,3.0,26.735128043505128,46.75287285255222,91.60083333333334,,,0.0,0.0,0.0,0.0,0.0
170090,north west,jigawa,kaugama,rural,1452.0,2024,1070,guinea corn (sorghum),1.285099983215332,300.0,150000.0,150000.0,0.42836666107177734,0.42836666107177734,0.0,0.3333333432674408,0.3333333432674408,0.42836666107177734,0.42836666107177734,0.0,0.0,2.2515999721363187,2.2465999722480774,2.2465999722480774,0.0,0.0,0.0,0.0,0.0,0.0,0.0,0.0,4.0,0.0,0.0,0.0,0.0,126000.0,0.0,0.0,26.0,18.0,6.0,50.0,2,2.0,4.0,26.735128043505128,46.75287285255222,91.60083333333334,,,0.0,0.0,0.0,0.0,0.0
179001,north west,jigawa,auyo,rural,10.0,2024,1070,guinea corn (sorghum),0.7415500283241272,200.0,100000.0,100000.0,0.24718335270881653,0.24718335270881653,0.0,0.3333333432674408,0.3333333432674408,0.24718335270881653,0.24718335270881653,0.0,0.0,0.7445500283502042,0.7415500283241272,0.7415500283241272,0.0,0.0,0.0,0.0,0.0,0.0,0.0,0.0,0.0,0.0,0.0,0.0,0.0,156000.0,0.0,0.0,31.0,9.0,0.0,40.0,2,2.0,2.0,26.55906412532296,64.52221526442385,103.43658069024184,,,0.0,0.0,0.0,0.0,0.0
179002,north west,jigawa,auyo,rural,10.0,2024,1070,guinea corn (sorghum),1.7843900322914124,700.0,588000.0,588000.0,0.4460975080728531,0.34001176804304123,0.0,0.5,0.5,0.34001176804304123,0.4460975080728531,0.0,0.0,2.6172900246456265,2.6122900247573853,2.6122900247573853,0.0,0.0,0.0,0.0,0.0,0.0,0.0,0.0,0.0,0.0,0.0,0.0,0.0,0.0,0.0,0.0,26.0,11.0,0.0,37.0,2,1.0,2.0,26.55906412532296,64.52221526442385,103.43658069024184,,,0.0,0.0,0.0,0.0,0.0
179003,north west,jigawa,auyo,rural,10.0,2024,1070,guinea corn (sorghum),1.580199956893921,300.0,150000.0,150000.0,0.3950499892234802,0.3950499892234802,0.0,0.25,0.25,0.3950499892234802,0.3950499892234802,0.0,0.0,1.580199956893921,1.580199956893921,1.580199956893921,0.0,0.0,0.0,0.0,0.0,0.0,0.0,0.0,0.0,0.0,0.0,0.0,0.0,0.0,0.0,0.0,36.0,2.0,0.0,38.0,2,1.0,1.0,26.55906412532296,64.52221526442385,103.43658069024184,,,0.0,0.0,0.0,0.0,0.0
179004,north west,jigawa,auyo,rural,10.0,2024,1070,guinea corn (sorghum),1.1744099855422974,350.0,175000.0,175000.0,0.3203941658139229,0.17734375596046448,0.0,0.5833333432674408,0.5833333432674408,0.17734375596046448,0.3203941658139229,0.0,0.0,1.1794099854305387,1.1744099855422974,1.1744099855422974,0.0,0.0,0.0,0.0,0.0,0.0,0.0,0.0,0.0,0.0,0.0,0.0,0.0,0.0,0.0,1500.0,30.0,5.0,30.0,65.0,2,1.0,1.0,26.55906412532296,64.52221526442385,103.43658069024184,,,0.0,0.0,0.0,0.0,0.0
179005,north west,jigawa,auyo,rural,10.0,2024,1070,guinea corn (sorghum),1.1626499891281128,350.0,294000.0,280000.0,0.3875500112771988,0.3276238441467285,0.0,0.6666666865348816,0.6666666865348816,0.3276238441467285,0.3875500112771988,120000.0,150.0,1.1626499891281128,1.1626499891281128,1.1626499891281128,0.0,0.0,0.0,0.0,0.0,0.0,0.0,0.0,0.0,0.0,0.0,0.0,0.0,0.0,0.0,0.0,24.0,0.0,0.0,24.0,2,1.0,2.0,26.55906412532296,64.52221526442385,103.43658069024184,,,0.0,0.0,0.0,0.0,0.0
179008,north west,jigawa,auyo,rural,10.0,2024,1070,guinea corn (sorghum),2.4939000010490417,1450.0,725000.0,725000.0,1.4336333870887756,1.0752250254154205,0.0,1.3333333432674408,1.3333333432674408,1.0752250254154205,1.4336333870887756,0.0,0.0,4.500899970531464,4.500899970531464,4.500899970531464,0.0,0.0,0.0,0.0,0.0,0.0,0.0,0.0,0.0,0.0,0.0,0.0,0.0,144000.0,0.0,0.0,48.0,7.0,0.0,55.0,2,1.0,1.0,26.55906412532296,64.52221526442385,103.43658069024184,,,0.0,0.0,0.0,0.0,0.0
179010,north west,jigawa,auyo,rural,10.0,2024,1070,guinea corn (sorghum),0.2546899914741516,300.0,150000.0,150000.0,0.0636724978685379,0.0636724978685379,0.0,0.25,0.25,0.0636724978685379,0.0636724978685379,0.0,0.0,0.2596899913623929,0.2546899914741516,0.2546899914741516,0.0,0.0,0.0,0.0,0.0,0.0,0.0,0.0,0.0,0.0,0.0,0.0,0.0,636000.0,0.0,0.0,14.0,21.0,1.0,36.0,2,2.0,2.0,26.55906412532296,64.52221526442385,103.43658069024184,,,0.0,0.0,0.0,0.0,0.0
179011,north west,jigawa,auyo,rural,10.0,2024,1070,guinea corn (sorghum),1.8535000085830688,300.0,150000.0,150000.0,0.4633750021457672,0.4633750021457672,0.0,0.25,0.25,0.4633750021457672,0.4633750021457672,0.0,0.0,1.8635000083595514,1.8535000085830688,1.8535000085830688,0.0,0.0,0.0,0.0,0.0,0.0,0.0,0.0,0.0,0.0,0.0,0.0,0.0,840000.0,0.0,0.0,20.0,0.0,0.0,20.0,2,1.0,1.0,26.55906412532296,64.52221526442385,103.43658069024184,,,0.0,0.0,0.0,0.0,0.0
179012,north west,jigawa,auyo,rural,10.0,2024,1070,guinea corn (sorghum),5.080299973487854,1400.0,1176000.0,980000.0,2.225974977016449,1.9076562523841858,0.0,1.5833333432674408,1.5833333432674408,1.9076562523841858,2.225974977016449,455000.0,650.0,5.085299973376095,5.080299973487854,5.080299973487854,0.0,0.0,0.0,0.0,0.0,0.0,0.0,0.0,0.0,0.0,0.0,0.0,0.0,156000.0,0.0,0.0,61.0,9.0,28.0,98.0,2,2.0,4.0,26.55906412532296,64.52221526442385,103.43658069024184,,,0.0,0.0,0.0,0.0,0.0
179013,north west,jigawa,gagarawa,rural,284.0,2024,1070,guinea corn (sorghum),1.1456000208854675,332.5,206000.0,206000.0,0.3818666785955429,0.3818666785955429,0.0,0.6666666865348816,0.6666666865348816,0.3818666785955429,0.3818666785955429,0.0,0.0,1.1506000207737088,1.1456000208854675,1.1456000208854675,0.9315,0.0,0.0,0.0,0.0,2.025,2.025,0.0,2.0,0.0,1.0,0.0,0.0,96000.0,0.0,0.0,23.0,30.0,28.0,81.0,2,2.0,3.0,26.55906412532296,64.52221526442385,103.43658069024184,,,0.0,0.0,0.0,0.0,0.0
179018,north west,jigawa,gagarawa,rural,284.0,2024,1070,guinea corn (sorghum),1.1094000339508057,400.0,336000.0,384000.0,0.2773500084877014,0.20801250636577606,0.0,0.25,0.25,0.20801250636577606,0.2773500084877014,144000.0,150.0,1.114400033839047,1.1094000339508057,1.1094000339508057,46.0,0.0,0.0,5.0,0.0,100.0,100.0,500.0,0.0,0.0,1.0,0.0,0.0,462000.0,0.0,0.0,13.0,28.0,0.0,41.0,2,1.0,1.0,26.55906412532296,64.52221526442385,103.43658069024184,,,0.0,0.0,0.0,0.0,0.0
179020,north west,jigawa,gagarawa,rural,284.0,2024,1070,guinea corn (sorghum),0.4866099953651428,150.0,126000.0,144000.0,0.1216524988412857,0.10948724299669266,0.0,0.25,0.25,0.10948724299669266,0.1216524988412857,48000.0,50.0,0.4916099952533841,0.4866099953651428,0.4866099953651428,46.0,0.0,0.0,7.5,0.0,100.0,100.0,750.0,0.0,2.0,1.0,0.0,0.0,218400.0,0.0,0.0,5.0,3.0,0.0,8.0,2,1.0,1.0,26.55906412532296,64.52221526442385,103.43658069024184,,,0.0,0.0,0.0,0.0,0.0
179021,north west,jigawa,gagarawa,rural,284.0,2024,1070,guinea corn (sorghum),2.695199966430664,400.0,200000.0,200000.0,0.673799991607666,0.4447080194950104,0.0,0.25,0.25,0.4447080194950104,0.673799991607666,0.0,0.0,3.4006499648094177,3.4006499648094177,3.4006499648094177,69.0,0.0,0.0,0.0,0.0,150.0,150.0,0.0,0.0,0.0,1.0,0.0,0.0,80000.0,0.0,0.0,18.0,17.0,0.0,35.0,2,1.0,2.0,26.55906412532296,64.52221526442385,103.43658069024184,,,0.0,0.0,0.0,0.0,0.0
179022,north west,jigawa,gagarawa,rural,284.0,2024,1070,guinea corn (sorghum),0.5738000273704529,300.0,252000.0,294000.0,0.14345000684261322,0.1319740116596222,0.0,0.25,0.25,0.1319740116596222,0.14345000684261322,147000.0,150.0,0.5813000272028148,0.5738000273704529,0.5738000273704529,46.0,0.0,0.0,5.0,0.0,100.0,100.0,500.0,1.0,2.0,1.0,0.0,0.0,840000.0,0.0,0.0,11.0,32.0,0.0,43.0,2,1.0,1.0,26.55906412532296,64.52221526442385,103.43658069024184,,,0.0,0.0,0.0,0.0,0.0
179024,north west,jigawa,gagarawa,rural,284.0,2024,1070,guinea corn (sorghum),5.598999977111816,1000.0,500000.0,500000.0,1.8663333654403687,1.8663333654403687,0.0,1.0000000298023224,1.0000000298023224,1.8663333654403687,1.8663333654403687,0.0,0.0,5.598999977111816,5.598999977111816,5.598999977111816,169.0,36.0,33.0,0.0,300.0,250.0,550.0,0.0,0.0,0.0,1.0,0.0,0.0,3027600.0,0.0,0.0,11.0,19.0,0.0,30.0,2,1.0,3.0,26.55906412532296,64.52221526442385,103.43658069024184,,,0.0,0.0,0.0,0.0,0.0
179025,north west,jigawa,giwa,rural,126.0,2024,1070,guinea corn (sorghum),1.1212999820709229,1000.0,500000.0,500000.0,0.5606499910354614,0.5606499910354614,0.0,0.5,0.5,0.5606499910354614,0.5606499910354614,0.0,0.0,1.1212999820709229,1.1212999820709229,1.1212999820709229,46.0,0.0,0.0,15.0,0.0,100.0,100.0,1500.0,2.0,0.0,1.0,0.0,0.0,1080000.0,0.0,0.0,37.0,0.0,0.0,37.0,2,1.0,1.0,26.55906412532296,64.52221526442385,103.43658069024184,,,0.0,0.0,0.0,0.0,0.0
179026,north west,jigawa,giwa,rural,126.0,2024,1070,guinea corn (sorghum),0.7843499779701233,350.0,175000.0,175000.0,0.19608749449253082,0.19608749449253082,0.0,0.25,0.25,0.19608749449253082,0.19608749449253082,0.0,0.0,0.7843499779701233,0.7843499779701233,0.7843499779701233,7.981,0.0,0.0,10.0,0.0,17.35,17.35,1000.0,2.0,0.0,1.0,0.0,0.0,288000.0,0.0,0.0,35.0,20.0,6.0,61.0,2,1.0,1.0,26.55906412532296,64.52221526442385,103.43658069024184,,,0.0,0.0,0.0,0.0,0.0
179028,north west,jigawa,giwa,rural,126.0,2024,1070,guinea corn (sorghum),0.7124199867248535,300.0,150000.0,150000.0,0.23747333884239197,0.23747333884239197,0.0,0.3333333432674408,0.3333333432674408,0.23747333884239197,0.23747333884239197,0.0,0.0,0.7124199867248535,0.7124199867248535,0.7124199867248535,9.0,6.0,5.5,10.0,50.0,0.0,50.0,1000.0,0.0,0.0,1.0,0.0,0.0,0.0,0.0,0.0,35.0,0.0,0.0,35.0,2,1.0,1.0,26.55906412532296,64.52221526442385,103.43658069024184,,,0.0,0.0,0.0,0.0,0.0
179030,north west,jigawa,giwa,rural,126.0,2024,1070,guinea corn (sorghum),0.9426800012588501,300.0,150000.0,150000.0,0.47134000062942505,0.47134000062942505,0.0,0.5,0.5,0.47134000062942505,0.47134000062942505,0.0,0.0,2.220479965209961,2.220479965209961,2.220479965209961,0.0,0.0,0.0,0.0,0.0,0.0,0.0,0.0,0.0,0.0,0.0,0.0,0.0,26000.0,0.0,0.0,21.0,0.0,0.0,21.0,2,1.0,1.0,26.55906412532296,64.52221526442385,103.43658069024184,,,0.0,0.0,0.0,0.0,0.0
179032,north west,jigawa,giwa,rural,126.0,2024,1070,guinea corn (sorghum),0.6998299956321716,300.0,252000.0,156000.0,0.23327666521072388,0.20994898676872253,0.0,0.3333333432674408,0.3333333432674408,0.20994898676872253,0.23327666521072388,78000.0,150.0,0.6998299956321716,0.6998299956321716,0.6998299956321716,0.0,0.0,0.0,15.0,0.0,0.0,0.0,1500.0,0.0,0.0,0.0,0.0,0.0,0.0,0.0,0.0,14.0,0.0,0.0,14.0,2,1.0,1.0,26.55906412532296,64.52221526442385,103.43658069024184,,,0.0,0.0,0.0,0.0,0.0
179033,north west,jigawa,giwa,rural,126.0,2024,1070,guinea corn (sorghum),0.22588999569416046,500.0,420000.0,530000.0,0.056472498923540115,0.04235437512397766,0.0,0.25,0.25,0.04235437512397766,0.056472498923540115,212000.0,200.0,0.22588999569416046,0.22588999569416046,0.22588999569416046,32.0,6.0,5.5,15.0,50.0,50.0,100.0,1500.0,2.0,1.0,1.0,0.0,0.0,349800.0,0.0,0.0,35.0,12.0,0.0,47.0,2,1.0,1.0,26.55906412532296,64.52221526442385,103.43658069024184,,,0.0,0.0,0.0,0.0,0.0
179034,north west,jigawa,giwa,rural,126.0,2024,1070,guinea corn (sorghum),0.2797299921512604,400.0,200000.0,200000.0,0.09324333071708679,0.0699324980378151,0.0,0.3333333432674408,0.3333333432674408,0.0699324980378151,0.09324333071708679,0.0,0.0,0.2797299921512604,0.2797299921512604,0.2797299921512604,9.0,6.0,5.5,0.0,50.0,0.0,50.0,0.0,1.0,1.0,1.0,0.0,0.0,10000.0,0.0,0.0,17.0,0.0,0.0,17.0,2,1.0,1.0,26.55906412532296,64.52221526442385,103.43658069024184,,,0.0,0.0,0.0,0.0,0.0
179036,north west,jigawa,giwa,rural,126.0,2024,1070,guinea corn (sorghum),0.6176300048828125,600.0,300000.0,300000.0,0.4289097189903259,0.32168227434158325,0.0,0.6944444179534912,0.6944444179534912,0.32168227434158325,0.4289097189903259,0.0,0.0,1.0081299934536219,0.9981299936771393,0.9981299936771393,0.0,0.0,0.0,0.0,0.0,0.0,0.0,0.0,0.0,0.0,0.0,0.0,0.0,0.0,0.0,0.0,20.0,0.0,0.0,20.0,2,1.0,1.0,26.55906412532296,64.52221526442385,103.43658069024184,,,0.0,0.0,0.0,0.0,0.0
179037,north west,jigawa,kahin hausa,rural,3064.0,2024,1070,guinea corn (sorghum),0.6018400192260742,200.0,100000.0,100000.0,0.45138001441955566,0.33853501081466675,0.0,0.75,0.75,0.33853501081466675,0.45138001441955566,0.0,0.0,0.989400033839047,0.9844000339508057,0.9844000339508057,0.0,0.0,0.0,17.5,0.0,0.0,0.0,1750.0,0.0,0.0,0.0,0.0,0.0,336000.0,0.0,0.0,29.0,2.0,0.0,31.0,2,1.0,1.0,26.55906412532296,64.52221526442385,103.43658069024184,,,0.0,0.0,0.0,0.0,0.0
179039,north west,jigawa,kahin hausa,rural,3064.0,2024,1070,guinea corn (sorghum),0.45037001371383667,150.0,75000.0,75000.0,0.29724422097206116,0.19618119299411774,0.0,0.6600000262260437,0.6666666865348816,0.19618119299411774,0.29724422097206116,0.0,0.0,1.4347299979999661,1.4297299981117249,1.4297299981117249,0.0,0.0,0.0,0.0,0.0,0.0,0.0,0.0,0.0,0.0,0.0,0.0,0.0,609400.0,0.0,0.0,20.0,14.0,0.0,34.0,2,1.0,2.0,26.55906412532296,64.52221526442385,103.43658069024184,,,0.0,0.0,0.0,0.0,0.0
179041,north west,jigawa,kahin hausa,rural,3064.0,2024,1070,guinea corn (sorghum),1.2201000452041626,200.0,168000.0,168000.0,0.6100500226020813,0.5185425281524658,0.0,0.5,0.5,0.5185425281524658,0.6100500226020813,42000.0,50.0,1.655060057528317,1.6500600576400757,1.6500600576400757,36.0,24.0,22.0,20.0,200.0,0.0,200.0,2000.0,1.0,4.0,1.0,0.0,0.0,0.0,0.0,0.0,34.0,0.0,0.0,34.0,2,1.0,1.0,26.55906412532296,64.52221526442385,103.43658069024184,,,0.0,0.0,0.0,0.0,0.0
179044,north west,jigawa,kahin hausa,rural,3064.0,2024,1070,guinea corn (sorghum),1.1375299990177155,250.0,210000.0,295000.0,0.37917666882276535,0.29763100296258926,0.0,0.6666666865348816,0.6666666865348816,0.29763100296258926,0.37917666882276535,118000.0,100.0,1.1375299990177155,1.1375299990177155,1.1375299990177155,0.0,0.0,0.0,35.0,0.0,0.0,0.0,3500.0,0.0,0.0,0.0,0.0,0.0,0.0,0.0,0.0,20.0,0.0,0.0,20.0,2,1.0,2.0,26.55906412532296,64.52221526442385,103.43658069024184,,,0.0,0.0,0.0,0.0,0.0
179045,north west,jigawa,kahin hausa,rural,3064.0,2024,1070,guinea corn (sorghum),0.8206400275230408,300.0,150000.0,102000.0,0.2051600068807602,0.2051600068807602,0.0,0.25,0.25,0.2051600068807602,0.2051600068807602,68000.0,200.0,1.050660029053688,1.050660029053688,1.050660029053688,32.0,6.0,5.5,20.0,50.0,50.0,100.0,2000.0,0.0,4.0,1.0,0.0,0.0,87600.0,530000.0,0.0,25.0,6.0,0.0,31.0,2,1.0,1.0,26.55906412532296,64.52221526442385,103.43658069024184,,,0.0,0.0,0.0,0.0,0.0
179047,north west,jigawa,kahin hausa,rural,3064.0,2024,1070,guinea corn (sorghum),0.31418999284505844,253.0,142400.0,142400.0,0.12928468361496925,0.12928468361496925,0.0,0.8310344517230988,0.8310344815254211,0.12928468361496925,0.12928468361496925,0.0,0.0,0.31918999273329973,0.31418999284505844,0.31418999284505844,0.0,0.0,0.0,16.0,0.0,0.0,0.0,1600.0,0.0,0.0,0.0,0.0,0.0,648000.0,0.0,0.0,30.0,5.0,20.0,55.0,2,1.0,1.0,26.55906412532296,64.52221526442385,103.43658069024184,,,0.0,0.0,0.0,0.0,0.0
179049,north west,jigawa,kaugama,rural,1344.0,2024,1070,guinea corn (sorghum),1.1541799902915955,750.0,375000.0,375000.0,0.3847266733646393,0.3847266733646393,0.0,1.0000000298023224,1.0000000298023224,0.3847266733646393,0.3847266733646393,0.0,0.0,1.1541799902915955,1.1541799902915955,1.1541799902915955,11.173401,0.0,0.0,25.0,0.0,24.29,24.29,2500.0,0.0,0.0,1.0,0.0,0.0,3516000.0,0.0,0.0,45.0,9.0,0.0,54.0,2,1.0,2.0,26.735128043505128,46.75287285255222,91.60083333333334,,,0.0,0.0,0.0,0.0,0.0
179050,north west,jigawa,kaugama,rural,1344.0,2024,1070,guinea corn (sorghum),0.42618998885154724,150.0,126000.0,120000.0,0.21309499442577362,0.15982124209403992,0.0,0.5,0.5,0.15982124209403992,0.21309499442577362,40000.0,50.0,0.6545399874448776,0.6545399874448776,0.6545399874448776,27.0,18.0,16.5,36.0,150.0,0.0,150.0,3600.0,3.0,0.0,1.0,0.0,0.0,96000.0,0.0,0.0,15.0,14.0,0.0,29.0,2,1.0,1.0,26.735128043505128,46.75287285255222,91.60083333333334,,,0.0,0.0,0.0,0.0,0.0
179053,north west,jigawa,kaugama,rural,1344.0,2024,1070,guinea corn (sorghum),0.2417600005865097,600.0,300000.0,300000.0,0.08058667182922363,0.060440003871917725,0.0,0.3333333432674408,0.3333333432674408,0.060440003871917725,0.08058667182922363,0.0,0.0,0.2417600005865097,0.2417600005865097,0.2417600005865097,7.981,0.0,0.0,0.0,0.0,17.35,17.35,0.0,0.0,0.0,1.0,0.0,0.0,171600.0,0.0,0.0,17.0,6.0,0.0,23.0,2,1.0,1.0,26.735128043505128,46.75287285255222,91.60083333333334,,,0.0,0.0,0.0,0.0,0.0
179054,north west,jigawa,kaugama,rural,1344.0,2024,1070,guinea corn (sorghum),0.2424200028181076,200.0,100000.0,100000.0,0.0808066725730896,0.0808066725730896,0.0,0.3333333432674408,0.3333333432674408,0.0808066725730896,0.0808066725730896,0.0,0.0,0.2474200027063489,0.2424200028181076,0.2424200028181076,0.0,0.0,0.0,0.0,0.0,0.0,0.0,0.0,0.0,0.0,0.0,0.0,0.0,402000.0,0.0,0.0,38.0,7.0,35.0,80.0,2,2.0,2.0,26.735128043505128,46.75287285255222,91.60083333333334,,,0.0,0.0,0.0,0.0,0.0
179055,north west,jigawa,kaugama,rural,1344.0,2024,1070,guinea corn (sorghum),2.6619800329208374,1400.0,700000.0,700000.0,1.0300900340080261,0.7725675404071808,0.0,0.8333333432674408,0.8333333432674408,0.7725675404071808,1.0300900340080261,0.0,0.0,2.6669800328090787,2.6619800329208374,2.6619800329208374,0.0,0.0,0.0,0.0,0.0,0.0,0.0,0.0,0.0,0.0,0.0,0.0,0.0,25000.0,0.0,0.0,30.0,7.0,14.0,51.0,2,2.0,2.0,26.735128043505128,46.75287285255222,91.60083333333334,,,0.0,0.0,0.0,0.0,0.0
179056,north west,jigawa,kaugama,rural,1344.0,2024,1070,guinea corn (sorghum),0.8249599933624268,550.0,462000.0,253000.0,0.8249599933624268,0.6187199950218201,0.0,1.0,1.0,0.6187199950218201,0.8249599933624268,69000.0,150.0,0.829959993250668,0.8249599933624268,0.8249599933624268,46.0,0.0,0.0,40.0,0.0,100.0,100.0,4000.0,0.0,3.0,1.0,0.0,0.0,0.0,360000.0,0.0,39.0,4.0,30.0,73.0,2,2.0,2.0,26.735128043505128,46.75287285255222,91.60083333333334,,,0.0,0.0,0.0,0.0,0.0
179058,north west,jigawa,kaugama,rural,1344.0,2024,1070,guinea corn (sorghum),0.37084999680519104,700.0,350000.0,350000.0,0.09271249920129776,0.09271249920129776,0.0,0.25,0.25,0.09271249920129776,0.09271249920129776,0.0,0.0,0.37584999669343233,0.37084999680519104,0.37084999680519104,32.0,6.0,5.5,0.0,50.0,50.0,100.0,0.0,0.0,0.0,1.0,0.0,0.0,0.0,0.0,0.0,4.0,28.0,0.0,32.0,2,1.0,1.0,26.735128043505128,46.75287285255222,91.60083333333334,,,0.0,0.0,0.0,0.0,0.0
179059,north west,jigawa,kaugama,rural,1344.0,2024,1070,guinea corn (sorghum),0.9154299795627594,700.0,350000.0,350000.0,0.22885749489068985,0.15314750000834465,0.0,0.5,0.5,0.15314750000834465,0.22885749489068985,0.0,0.0,10.20573416352272,0.9154299795627594,0.9154299795627594,0.0,0.0,0.0,0.0,0.0,0.0,0.0,0.0,0.0,0.0,0.0,0.0,0.0,100800.0,0.0,0.0,17.0,10.0,0.0,27.0,2,1.0,2.0,26.735128043505128,46.75287285255222,91.60083333333334,,,0.0,0.0,0.0,0.0,0.0
179060,north west,jigawa,kaugama,rural,1344.0,2024,1070,guinea corn (sorghum),0.42085000872612,400.0,200000.0,200000.0,0.10521250218153,0.10521250218153,0.0,0.25,0.25,0.10521250218153,0.10521250218153,0.0,0.0,0.42085000872612,0.42085000872612,0.42085000872612,7.6319995,5.088,4.6639996,4.0,42.399998,0.0,42.399998,400.0,0.0,2.0,1.0,0.0,0.0,480000.0,421500.0,0.0,15.0,0.0,0.0,15.0,2,1.0,1.0,26.735128043505128,46.75287285255222,91.60083333333334,,,0.0,0.0,0.0,0.0,0.0
179061,north west,jigawa,kazaure,rural,378.0,2024,1070,guinea corn (sorghum),1.5795699656009674,750.0,375000.0,375000.0,1.0193199813365936,1.0193199813365936,0.0,1.5,1.5,1.0193199813365936,1.0193199813365936,0.0,0.0,1.5795699656009674,1.5795699656009674,1.5795699656009674,0.0,0.0,0.0,0.0,0.0,0.0,0.0,0.0,0.0,0.0,0.0,0.0,0.0,0.0,0.0,0.0,49.0,5.0,0.0,54.0,2,1.0,2.0,26.55906412532296,64.52221526442385,103.43658069024184,,,0.0,0.0,0.0,0.0,0.0
179064,north west,jigawa,kazaure,rural,378.0,2024,1070,guinea corn (sorghum),1.2453999519348145,200.0,100000.0,100000.0,0.4151333272457123,0.4151333272457123,0.0,0.3333333432674408,0.3333333432674408,0.4151333272457123,0.4151333272457123,0.0,0.0,1.2453999519348145,1.2453999519348145,1.2453999519348145,0.0,0.0,0.0,0.0,0.0,0.0,0.0,0.0,0.0,0.0,0.0,0.0,0.0,84000.0,0.0,0.0,43.0,0.0,0.0,43.0,2,1.0,1.0,26.55906412532296,64.52221526442385,103.43658069024184,,,0.0,0.0,0.0,0.0,0.0
179065,north west,jigawa,kazaure,rural,378.0,2024,1070,guinea corn (sorghum),0.7712000012397766,350.0,175000.0,175000.0,0.28043636679649353,0.28043636679649353,0.0,0.3636363744735718,0.3636363744735718,0.28043636679649353,0.28043636679649353,0.0,0.0,0.7712000012397766,0.7712000012397766,0.7712000012397766,0.0,0.0,0.0,0.0,0.0,0.0,0.0,0.0,0.0,0.0,0.0,0.0,0.0,0.0,0.0,0.0,29.0,0.0,0.0,29.0,2,1.0,1.0,26.55906412532296,64.52221526442385,103.43658069024184,,,0.0,0.0,0.0,0.0,0.0
179067,north west,jigawa,kazaure,rural,378.0,2024,1070,guinea corn (sorghum),0.3714100122451782,400.0,200000.0,200000.0,0.1857050061225891,0.1857050061225891,0.0,0.5,0.5,0.1857050061225891,0.1857050061225891,0.0,0.0,0.3714100122451782,0.3714100122451782,0.3714100122451782,0.0,0.0,0.0,0.0,0.0,0.0,0.0,0.0,0.0,0.0,0.0,0.0,0.0,0.0,0.0,0.0,18.0,0.0,0.0,18.0,2,1.0,1.0,26.55906412532296,64.52221526442385,103.43658069024184,,,0.0,0.0,0.0,0.0,0.0
179068,north west,jigawa,kazaure,rural,378.0,2024,1070,guinea corn (sorghum),1.3725999593734741,500.0,250000.0,250000.0,0.6862999796867371,0.6862999796867371,0.0,0.5,0.5,0.6862999796867371,0.6862999796867371,0.0,0.0,1.3725999593734741,1.3725999593734741,1.3725999593734741,0.0,0.0,0.0,0.0,0.0,0.0,0.0,0.0,0.0,0.0,0.0,0.0,0.0,600000.0,0.0,0.0,7.0,0.0,8.0,15.0,2,1.0,1.0,26.55906412532296,64.52221526442385,103.43658069024184,,,0.0,0.0,0.0,0.0,0.0
179069,north west,jigawa,kazaure,rural,378.0,2024,1070,guinea corn (sorghum),0.8239499926567078,250.0,210000.0,245000.0,0.4119749963283539,0.3707774877548218,0.0,0.5,0.5,0.3707774877548218,0.4119749963283539,98000.0,100.0,0.8239499926567078,0.8239499926567078,0.8239499926567078,0.0,0.0,0.0,0.0,0.0,0.0,0.0,0.0,0.0,0.0,0.0,0.0,0.0,348000.0,0.0,0.0,9.0,9.0,20.0,38.0,2,1.0,1.0,26.55906412532296,64.52221526442385,103.43658069024184,,,0.0,0.0,0.0,0.0,0.0
179070,north west,jigawa,kazaure,rural,378.0,2024,1070,guinea corn (sorghum),0.9528899788856506,1000.0,500000.0,500000.0,0.9528899788856506,0.9528899788856506,0.0,1.0,1.0,0.9528899788856506,0.9528899788856506,0.0,0.0,1.3953399658203125,1.3953399658203125,1.3953399658203125,0.0,0.0,0.0,0.0,0.0,0.0,0.0,0.0,0.0,0.0,0.0,0.0,0.0,1140000.0,0.0,0.0,49.0,12.0,0.0,61.0,2,1.0,2.0,26.55906412532296,64.52221526442385,103.43658069024184,,,0.0,0.0,0.0,0.0,0.0
179072,north west,jigawa,kazaure,rural,378.0,2024,1070,guinea corn (sorghum),0.3394699990749359,500.0,250000.0,250000.0,0.16973499953746796,0.08486749976873398,0.0,0.5,0.5,0.08486749976873398,0.16973499953746796,0.0,0.0,0.3394699990749359,0.3394699990749359,0.3394699990749359,0.0,0.0,0.0,0.0,0.0,0.0,0.0,0.0,0.0,0.0,0.0,0.0,0.0,3800.0,0.0,0.0,14.0,9.0,4.0,27.0,2,1.0,1.0,26.55906412532296,64.52221526442385,103.43658069024184,,,0.0,0.0,0.0,0.0,0.0
179074,north west,jigawa,malam madori,urban,1272.0,2024,1070,guinea corn (sorghum),0.9272800087928772,300.0,150000.0,150000.0,0.2318200021982193,0.2318200021982193,0.0,0.25,0.25,0.2318200021982193,0.2318200021982193,0.0,0.0,0.9272800087928772,0.9272800087928772,0.9272800087928772,18.0,12.0,11.0,0.0,100.0,0.0,100.0,0.0,0.0,0.0,1.0,0.0,0.0,189600.0,0.0,0.0,9.0,13.0,4.0,26.0,2,1.0,1.0,26.55906412532296,64.52221526442385,103.43658069024184,,,0.0,0.0,0.0,0.0,0.0
179079,north west,jigawa,malam madori,urban,1272.0,2024,1070,guinea corn (sorghum),2.196000039577484,700.0,350000.0,350000.0,0.613400012254715,0.613400012254715,0.0,0.5800000131130219,0.5833333432674408,0.613400012254715,0.613400012254715,0.0,0.0,2.2010000394657254,2.196000039577484,2.196000039577484,0.0,0.0,0.0,110.0,0.0,0.0,0.0,11000.0,0.0,0.0,0.0,0.0,0.0,84000.0,240000.0,0.0,24.0,0.0,0.0,24.0,2,1.0,2.0,26.55906412532296,64.52221526442385,103.43658069024184,,,0.0,0.0,0.0,0.0,0.0
179086,north west,jigawa,rigim,urban,668.0,2024,1070,guinea corn (sorghum),0.8971099853515625,400.0,200000.0,200000.0,0.22427749633789062,0.22427749633789062,0.0,0.25,0.25,0.22427749633789062,0.22427749633789062,0.0,0.0,2.024309992790222,2.024309992790222,2.024309992790222,64.0,12.0,11.0,0.0,100.0,100.0,200.0,0.0,0.0,0.0,1.0,0.0,0.0,326400.0,780000.0,0.0,17.0,3.0,0.0,20.0,2,1.0,1.0,26.55906412532296,64.52221526442385,103.43658069024184,,,0.0,0.0,0.0,0.0,0.0
179089,north west,jigawa,rigim,urban,668.0,2024,1070,guinea corn (sorghum),0.6369500160217285,300.0,150000.0,105000.0,0.15923750400543213,0.15923750400543213,0.0,0.25,0.25,0.15923750400543213,0.15923750400543213,105000.0,300.0,0.6369500160217285,0.6369500160217285,0.6369500160217285,9.0,6.0,5.5,5.0,50.0,0.0,50.0,500.0,0.0,0.0,1.0,0.0,0.0,345600.0,1640000.0,0.0,4.0,15.0,0.0,19.0,2,1.0,1.0,26.55906412532296,64.52221526442385,103.43658069024184,,,0.0,0.0,0.0,0.0,0.0
179097,north west,jigawa,sule tankar kar,rural,200.0,2024,1070,guinea corn (sorghum),1.3163000345230103,500.0,250000.0,250000.0,0.4387666881084442,0.4387666881084442,0.0,0.3333333432674408,0.3333333432674408,0.4387666881084442,0.4387666881084442,0.0,0.0,1.3163000345230103,1.3163000345230103,1.3163000345230103,0.0,0.0,0.0,0.0,0.0,0.0,0.0,0.0,0.0,0.0,0.0,0.0,0.0,0.0,0.0,0.0,28.0,0.0,0.0,28.0,2,1.0,1.0,26.55906412532296,64.52221526442385,103.43658069024184,,,0.0,0.0,0.0,0.0,0.0
179098,north west,jigawa,sule tankar kar,rural,200.0,2024,1070,guinea corn (sorghum),1.9101999998092651,500.0,250000.0,250000.0,0.63673335313797,0.63673335313797,0.0,0.3333333432674408,0.3333333432674408,0.63673335313797,0.63673335313797,0.0,0.0,1.9101999998092651,1.9101999998092651,1.9101999998092651,0.0,0.0,0.0,0.0,0.0,0.0,0.0,0.0,0.0,0.0,0.0,0.0,0.0,271200.0,12000.0,0.0,20.0,0.0,0.0,20.0,2,1.0,1.0,26.55906412532296,64.52221526442385,103.43658069024184,,,0.0,0.0,0.0,0.0,0.0
179100,north west,jigawa,sule tankar kar,rural,200.0,2024,1070,guinea corn (sorghum),1.3841999769210815,200.0,168000.0,192000.0,0.6920999884605408,0.5190749764442444,0.0,0.5,0.5,0.5190749764442444,0.6920999884605408,96000.0,100.0,1.3841999769210815,1.3841999769210815,1.3841999769210815,0.0,0.0,0.0,10.0,0.0,0.0,0.0,1000.0,0.0,0.0,0.0,0.0,0.0,414000.0,0.0,0.0,38.0,0.0,0.0,38.0,2,1.0,1.0,26.55906412532296,64.52221526442385,103.43658069024184,,,0.0,0.0,0.0,0.0,0.0
179101,north west,jigawa,sule tankar kar,rural,200.0,2024,1070,guinea corn (sorghum),0.47714000940322876,200.0,100000.0,100000.0,0.11928500235080719,0.029821250587701797,0.0,0.25,0.25,0.029821250587701797,0.11928500235080719,0.0,0.0,0.47714000940322876,0.47714000940322876,0.47714000940322876,0.0,0.0,0.0,25.0,0.0,0.0,0.0,2500.0,0.0,0.0,0.0,0.0,0.0,100000.0,0.0,0.0,27.0,13.0,27.0,67.0,2,1.0,1.0,26.55906412532296,64.52221526442385,103.43658069024184,,,0.0,0.0,0.0,0.0,0.0
179103,north west,jigawa,sule tankar kar,rural,200.0,2024,1070,guinea corn (sorghum),0.4803600013256073,400.0,200000.0,200000.0,0.16012001037597656,0.16012001037597656,0.0,0.3333333432674408,0.3333333432674408,0.16012001037597656,0.16012001037597656,0.0,0.0,0.4803600013256073,0.4803600013256073,0.4803600013256073,0.0,0.0,0.0,0.0,0.0,0.0,0.0,0.0,2.0,0.0,0.0,0.0,0.0,60000.0,0.0,0.0,40.0,0.0,19.0,59.0,2,1.0,1.0,26.55906412532296,64.52221526442385,103.43658069024184,,,0.0,0.0,0.0,0.0,0.0
179104,north west,jigawa,sule tankar kar,rural,200.0,2024,1070,guinea corn (sorghum),1.0125999450683594,150.0,126000.0,123000.0,0.25314998626708984,0.22783498466014862,0.0,0.25,0.25,0.22783498466014862,0.25314998626708984,41000.0,50.0,1.0125999450683594,1.0125999450683594,1.0125999450683594,0.0,0.0,0.0,10.0,0.0,0.0,0.0,1000.0,0.0,0.0,0.0,0.0,0.0,570000.0,0.0,0.0,18.0,1.0,0.0,19.0,2,1.0,1.0,26.55906412532296,64.52221526442385,103.43658069024184,,,0.0,0.0,0.0,0.0,0.0
179105,north west,jigawa,sule tankar kar,rural,200.0,2024,1070,guinea corn (sorghum),0.8990399837493896,300.0,150000.0,150000.0,0.2247599959373474,0.2247599959373474,0.0,0.25,0.25,0.2247599959373474,0.2247599959373474,0.0,0.0,0.8990399837493896,0.8990399837493896,0.8990399837493896,0.0,0.0,0.0,10.0,0.0,0.0,0.0,1000.0,0.0,0.0,0.0,0.0,0.0,150000.0,0.0,0.0,19.0,0.0,0.0,19.0,2,1.0,1.0,26.55906412532296,64.52221526442385,103.43658069024184,,,0.0,0.0,0.0,0.0,0.0
179106,north west,jigawa,sule tankar kar,rural,200.0,2024,1070,guinea corn (sorghum),0.6757699847221375,200.0,168000.0,196000.0,0.16894249618053436,0.12670686841011047,0.0,0.25,0.25,0.12670686841011047,0.16894249618053436,98000.0,100.0,0.6757699847221375,0.6757699847221375,0.6757699847221375,0.0,0.0,0.0,7.5,0.0,0.0,0.0,750.0,0.0,0.0,0.0,0.0,0.0,582000.0,0.0,0.0,26.0,0.0,0.0,26.0,2,1.0,1.0,26.55906412532296,64.52221526442385,103.43658069024184,,,0.0,0.0,0.0,0.0,0.0
179108,north west,jigawa,sule tankar kar,rural,200.0,2024,1070,guinea corn (sorghum),1.531999945640564,400.0,200000.0,200000.0,0.382999986410141,0.382999986410141,0.0,0.25,0.25,0.382999986410141,0.382999986410141,0.0,0.0,1.531999945640564,1.531999945640564,1.531999945640564,0.0,0.0,0.0,0.0,0.0,0.0,0.0,0.0,2.0,0.0,0.0,0.0,0.0,0.0,0.0,0.0,13.0,1.0,0.0,14.0,2,1.0,1.0,26.55906412532296,64.52221526442385,103.43658069024184,,,0.0,0.0,0.0,0.0,0.0
180034,north west,kaduna,giwa,rural,840.0,2024,1070,guinea corn (sorghum),0.9055399894714355,300.0,150000.0,138000.0,0.3622159957885742,0.3622159957885742,0.0,0.4000000059604645,0.4000000059604645,0.3622159957885742,0.3622159957885742,46000.0,100.0,1.1078829914331436,0.9055399894714355,0.9055399894714355,32.0,6.0,5.5,3.0,50.0,50.0,100.0,300.0,2.0,3.0,1.0,0.0,0.0,165000.0,0.0,6750.0,28.0,9.0,0.0,37.0,2,1.0,1.0,24.478785193424795,59.630119361018416,111.98666666666666,2022.0,kaduna communal militia (nigeria),1.0,131.0,609.0,18.0,0.0
180034,north west,kaduna,giwa,rural,840.0,2024,1070,guinea corn (sorghum),0.9055399894714355,300.0,150000.0,138000.0,0.3622159957885742,0.3622159957885742,0.0,0.4000000059604645,0.4000000059604645,0.3622159957885742,0.3622159957885742,46000.0,100.0,1.1078829914331436,0.9055399894714355,0.9055399894714355,32.0,6.0,5.5,3.0,50.0,50.0,100.0,300.0,2.0,3.0,1.0,0.0,0.0,165000.0,0.0,6750.0,28.0,9.0,0.0,37.0,2,1.0,1.0,24.478785193424795,59.630119361018416,111.98666666666666,2022.0,military forces of nigeria (2015-2023),1.0,92.0,92.0,22.0,1.0
180034,north west,kaduna,giwa,rural,840.0,2024,1070,guinea corn (sorghum),0.9055399894714355,300.0,150000.0,138000.0,0.3622159957885742,0.3622159957885742,0.0,0.4000000059604645,0.4000000059604645,0.3622159957885742,0.3622159957885742,46000.0,100.0,1.1078829914331436,0.9055399894714355,0.9055399894714355,32.0,6.0,5.5,3.0,50.0,50.0,100.0,300.0,2.0,3.0,1.0,0.0,0.0,165000.0,0.0,6750.0,28.0,9.0,0.0,37.0,2,1.0,1.0,24.478785193424795,59.630119361018416,111.98666666666666,2023.0,kaduna communal militia (nigeria),1.0,13.0,13.0,5.0,0.0
180034,north west,kaduna,giwa,rural,840.0,2024,1070,guinea corn (sorghum),0.9055399894714355,300.0,150000.0,138000.0,0.3622159957885742,0.3622159957885742,0.0,0.4000000059604645,0.4000000059604645,0.3622159957885742,0.3622159957885742,46000.0,100.0,1.1078829914331436,0.9055399894714355,0.9055399894714355,32.0,6.0,5.5,3.0,50.0,50.0,100.0,300.0,2.0,3.0,1.0,0.0,0.0,165000.0,0.0,6750.0,28.0,9.0,0.0,37.0,2,1.0,1.0,24.478785193424795,59.630119361018416,111.98666666666666,2023.0,military forces of nigeria (2015-2023),1.0,4.0,10.0,3.0,1.0
180034,north west,kaduna,giwa,rural,840.0,2024,1070,guinea corn (sorghum),0.9055399894714355,300.0,150000.0,138000.0,0.3622159957885742,0.3622159957885742,0.0,0.4000000059604645,0.4000000059604645,0.3622159957885742,0.3622159957885742,46000.0,100.0,1.1078829914331436,0.9055399894714355,0.9055399894714355,32.0,6.0,5.5,3.0,50.0,50.0,100.0,300.0,2.0,3.0,1.0,0.0,0.0,165000.0,0.0,6750.0,28.0,9.0,0.0,37.0,2,1.0,1.0,24.478785193424795,59.630119361018416,111.98666666666666,2023.0,military forces of nigeria (2023-),1.0,6.0,6.0,1.0,1.0
180034,north west,kaduna,giwa,rural,840.0,2024,1070,guinea corn (sorghum),0.9055399894714355,300.0,150000.0,138000.0,0.3622159957885742,0.3622159957885742,0.0,0.4000000059604645,0.4000000059604645,0.3622159957885742,0.3622159957885742,46000.0,100.0,1.1078829914331436,0.9055399894714355,0.9055399894714355,32.0,6.0,5.5,3.0,50.0,50.0,100.0,300.0,2.0,3.0,1.0,0.0,0.0,165000.0,0.0,6750.0,28.0,9.0,0.0,37.0,2,1.0,1.0,24.478785193424795,59.630119361018416,111.98666666666666,2024.0,kaduna communal militia (nigeria),1.0,5.0,5.0,17.0,0.0
180034,north west,kaduna,giwa,rural,840.0,2024,1070,guinea corn (sorghum),0.9055399894714355,300.0,150000.0,138000.0,0.3622159957885742,0.3622159957885742,0.0,0.4000000059604645,0.4000000059604645,0.3622159957885742,0.3622159957885742,46000.0,100.0,1.1078829914331436,0.9055399894714355,0.9055399894714355,32.0,6.0,5.5,3.0,50.0,50.0,100.0,300.0,2.0,3.0,1.0,0.0,0.0,165000.0,0.0,6750.0,28.0,9.0,0.0,37.0,2,1.0,1.0,24.478785193424795,59.630119361018416,111.98666666666666,2024.0,military forces of nigeria (2023-),1.0,121.0,124.0,20.0,1.0
180035,north west,kaduna,soba,rural,0.0,2024,1070,guinea corn (sorghum),0.2952600121498108,400.0,140000.0,160000.0,0.16872002184391022,0.16872002184391022,0.0,0.5714285969734192,0.5714285969734192,0.16872002184391022,0.16872002184391022,120000.0,300.0,0.2952600121498108,0.2952600121498108,0.2952600121498108,46.0,0.0,0.0,0.0,0.0,100.0,100.0,0.0,4.0,0.0,1.0,0.0,0.0,278400.0,0.0,0.0,18.0,6.0,6.0,30.0,2,1.0,1.0,26.55906412532296,64.52221526442385,103.43658069024184,,,0.0,0.0,0.0,0.0,0.0
180043,north west,kaduna,kudan,urban,378.0,2024,1070,guinea corn (sorghum),0.1743900030851364,400.0,200000.0,208000.0,0.1743900030851364,0.1743900030851364,0.0,1.0,1.0,0.1743900030851364,0.1743900030851364,156000.0,300.0,0.3767330050468445,0.1743900030851364,0.1743900030851364,23.0,0.0,0.0,0.0,0.0,50.0,50.0,0.0,0.0,0.0,1.0,0.0,0.0,243000.0,0.0,0.0,14.0,15.0,0.0,29.0,2,1.0,1.0,25.133166543072548,53.25511725991843,80.20666666666668,2024.0,kaduna communal militia (nigeria),1.0,3.0,3.0,1.0,0.0
180050,north west,kaduna,kudan,urban,378.0,2024,1070,guinea corn (sorghum),0.40149998664855957,100.0,50000.0,50000.0,0.10037499666213989,0.10037499666213989,0.0,0.25,0.25,0.10037499666213989,0.10037499666213989,0.0,0.0,0.4479515068233013,0.40149998664855957,0.40149998664855957,0.0,0.0,0.0,20.0,0.0,0.0,0.0,2000.0,0.0,0.0,0.0,0.0,0.0,425500.0,0.0,0.0,8.0,21.0,0.0,29.0,2,2.0,2.0,25.133166543072548,53.25511725991843,80.20666666666668,2024.0,kaduna communal militia (nigeria),1.0,3.0,3.0,1.0,0.0
180092,north west,kaduna,sanga,rural,450.0,2024,1070,guinea corn (sorghum),0.27257999777793884,400.0,200000.0,200000.0,0.27257999777793884,0.27257999777793884,0.0,1.0,1.0,0.27257999777793884,0.27257999777793884,0.0,0.0,0.3190315179526806,0.27257999777793884,0.27257999777793884,0.0,0.0,0.0,0.5,0.0,0.0,0.0,50.0,0.0,3.0,0.0,0.0,0.0,0.0,0.0,0.0,50.0,0.0,0.0,50.0,2,2.0,2.0,26.990271536274875,60.80941805710048,108.34916666666663,2022.0,kaduna communal militia (nigeria),1.0,0.0,0.0,2.0,0.0
180092,north west,kaduna,sanga,rural,450.0,2024,1070,guinea corn (sorghum),0.27257999777793884,400.0,200000.0,200000.0,0.27257999777793884,0.27257999777793884,0.0,1.0,1.0,0.27257999777793884,0.27257999777793884,0.0,0.0,0.3190315179526806,0.27257999777793884,0.27257999777793884,0.0,0.0,0.0,0.5,0.0,0.0,0.0,50.0,0.0,3.0,0.0,0.0,0.0,0.0,0.0,0.0,50.0,0.0,0.0,50.0,2,2.0,2.0,26.990271536274875,60.80941805710048,108.34916666666663,2024.0,kaduna communal militia (nigeria),1.0,11.0,11.0,2.0,0.0
180095,north west,kaduna,sanga,rural,450.0,2024,1070,guinea corn (sorghum),0.8288800120353699,34.34199905395508,17171.0,17171.0,0.41444000601768494,0.41444000601768494,0.0,0.5,0.5,0.41444000601768494,0.41444000601768494,0.0,0.0,1.9401315562427044,1.8936800360679626,1.8936800360679626,0.0,0.0,0.0,0.0,0.0,0.0,0.0,0.0,0.0,0.0,0.0,0.0,0.0,0.0,0.0,0.0,23.0,0.0,0.0,23.0,2,1.0,2.0,26.990271536274875,60.80941805710048,108.34916666666663,2022.0,kaduna communal militia (nigeria),1.0,0.0,0.0,2.0,0.0
180095,north west,kaduna,sanga,rural,450.0,2024,1070,guinea corn (sorghum),0.8288800120353699,34.34199905395508,17171.0,17171.0,0.41444000601768494,0.41444000601768494,0.0,0.5,0.5,0.41444000601768494,0.41444000601768494,0.0,0.0,1.9401315562427044,1.8936800360679626,1.8936800360679626,0.0,0.0,0.0,0.0,0.0,0.0,0.0,0.0,0.0,0.0,0.0,0.0,0.0,0.0,0.0,0.0,23.0,0.0,0.0,23.0,2,1.0,2.0,26.990271536274875,60.80941805710048,108.34916666666663,2024.0,kaduna communal militia (nigeria),1.0,11.0,11.0,2.0,0.0
180096,north west,kaduna,sanga,rural,450.0,2024,1070,guinea corn (sorghum),0.5515999794006348,500.0,250000.0,250000.0,0.5515999794006348,0.5515999794006348,0.0,1.0,1.0,0.5515999794006348,0.5515999794006348,0.0,0.0,0.7883014939725399,0.7418499737977982,0.7418499737977982,0.0,0.0,0.0,0.0,0.0,0.0,0.0,0.0,2.0,5.0,0.0,0.0,0.0,0.0,0.0,0.0,9.0,6.0,7.0,22.0,2,1.0,1.0,26.990271536274875,60.80941805710048,108.34916666666663,2022.0,kaduna communal militia (nigeria),1.0,0.0,0.0,2.0,0.0
180096,north west,kaduna,sanga,rural,450.0,2024,1070,guinea corn (sorghum),0.5515999794006348,500.0,250000.0,250000.0,0.5515999794006348,0.5515999794006348,0.0,1.0,1.0,0.5515999794006348,0.5515999794006348,0.0,0.0,0.7883014939725399,0.7418499737977982,0.7418499737977982,0.0,0.0,0.0,0.0,0.0,0.0,0.0,0.0,2.0,5.0,0.0,0.0,0.0,0.0,0.0,0.0,9.0,6.0,7.0,22.0,2,1.0,1.0,26.990271536274875,60.80941805710048,108.34916666666663,2024.0,kaduna communal militia (nigeria),1.0,11.0,11.0,2.0,0.0
180097,north west,kaduna,sanga,rural,450.0,2024,1070,guinea corn (sorghum),0.524429976940155,400.0,200000.0,200000.0,0.22475570440292358,0.22475570440292358,0.0,0.4285714328289032,0.4285714328289032,0.22475570440292358,0.22475570440292358,0.0,0.0,0.524429976940155,0.524429976940155,0.524429976940155,0.0,0.0,0.0,0.0,0.0,0.0,0.0,0.0,3.0,2.0,0.0,0.0,0.0,0.0,0.0,0.0,33.0,6.0,2.0,41.0,2,1.0,1.0,26.990271536274875,60.80941805710048,108.34916666666663,2022.0,kaduna communal militia (nigeria),1.0,0.0,0.0,2.0,0.0
180097,north west,kaduna,sanga,rural,450.0,2024,1070,guinea corn (sorghum),0.524429976940155,400.0,200000.0,200000.0,0.22475570440292358,0.22475570440292358,0.0,0.4285714328289032,0.4285714328289032,0.22475570440292358,0.22475570440292358,0.0,0.0,0.524429976940155,0.524429976940155,0.524429976940155,0.0,0.0,0.0,0.0,0.0,0.0,0.0,0.0,3.0,2.0,0.0,0.0,0.0,0.0,0.0,0.0,33.0,6.0,2.0,41.0,2,1.0,1.0,26.990271536274875,60.80941805710048,108.34916666666663,2024.0,kaduna communal militia (nigeria),1.0,11.0,11.0,2.0,0.0
180100,north west,kaduna,sanga,rural,450.0,2024,1070,guinea corn (sorghum),0.6149700284004211,100.0,50000.0,50000.0,0.6149700284004211,0.6149700284004211,0.0,1.0,1.0,0.6149700284004211,0.6149700284004211,0.0,0.0,1.313420057296753,1.313420057296753,1.313420057296753,0.0,0.0,0.0,0.0,0.0,0.0,0.0,0.0,0.0,9.0,0.0,0.0,0.0,242000.0,0.0,0.0,15.0,0.0,0.0,15.0,2,1.0,1.0,26.990271536274875,60.80941805710048,108.34916666666663,2022.0,kaduna communal militia (nigeria),1.0,0.0,0.0,2.0,0.0
180100,north west,kaduna,sanga,rural,450.0,2024,1070,guinea corn (sorghum),0.6149700284004211,100.0,50000.0,50000.0,0.6149700284004211,0.6149700284004211,0.0,1.0,1.0,0.6149700284004211,0.6149700284004211,0.0,0.0,1.313420057296753,1.313420057296753,1.313420057296753,0.0,0.0,0.0,0.0,0.0,0.0,0.0,0.0,0.0,9.0,0.0,0.0,0.0,242000.0,0.0,0.0,15.0,0.0,0.0,15.0,2,1.0,1.0,26.990271536274875,60.80941805710048,108.34916666666663,2024.0,kaduna communal militia (nigeria),1.0,11.0,11.0,2.0,0.0
189040,north west,kaduna,ikara,rural,674.0,2024,1070,guinea corn (sorghum),0.26207999140024185,132.5,66250.0,66250.0,0.13103999570012093,0.13103999570012093,0.0,1.0,1.0,0.13103999570012093,0.13103999570012093,0.0,0.0,0.6393329873681068,0.4369899854063988,0.4369899854063988,36.5,9.0,8.25,15.0,75.0,50.0,125.0,1500.0,0.0,3.0,1.0,0.0,0.0,1080000.0,0.0,72000.0,52.0,0.0,0.0,52.0,2,1.0,3.0,26.55906412532296,64.52221526442385,103.43658069024184,,,0.0,0.0,0.0,0.0,0.0
189045,north west,kaduna,ikara,rural,674.0,2024,1070,guinea corn (sorghum),0.2819899916648865,200.0,100000.0,100000.0,0.10696172714233398,0.10696172714233398,0.0,0.37931036949157715,0.37931036949157715,0.10696172714233398,0.10696172714233398,0.0,0.0,0.5248015969991684,0.2819899916648865,0.2819899916648865,110.0,12.0,11.0,55.0,100.0,200.0,300.0,5500.0,5.0,6.0,1.0,0.0,0.0,1310000.0,0.0,0.0,33.0,36.0,0.0,69.0,2,1.0,1.0,26.55906412532296,64.52221526442385,103.43658069024184,,,0.0,0.0,0.0,0.0,0.0
189052,north west,kaduna,ikara,rural,792.0,2024,1070,guinea corn (sorghum),0.45412999391555786,300.0,150000.0,150000.0,0.11353249847888947,0.11353249847888947,0.0,0.25,0.25,0.11353249847888947,0.11353249847888947,0.0,0.0,0.6564729958772659,0.45412999391555786,0.45412999391555786,17.25,0.0,0.0,5.0,0.0,37.5,37.5,500.0,0.0,3.0,1.0,0.0,0.0,340800.0,0.0,0.0,21.0,0.0,0.0,21.0,2,2.0,2.0,26.55906412532296,64.52221526442385,103.43658069024184,,,0.0,0.0,0.0,0.0,0.0
189062,north west,kaduna,jema a,rural,1754.0,2024,1070,guinea corn (sorghum),1.5047999620437622,800.0,400000.0,400000.0,0.6449142694473267,0.6449142694473267,0.0,0.4285714328289032,0.4285714328289032,0.6449142694473267,0.6449142694473267,0.0,0.0,2.58270001411438,2.58270001411438,2.58270001411438,161.0,0.0,0.0,5.0,0.0,350.0,350.0,500.0,0.0,11.0,1.0,0.0,0.0,1140000.0,0.0,0.0,14.0,31.0,12.0,57.0,2,1.0,1.0,26.55906412532296,64.52221526442385,103.43658069024184,,,0.0,0.0,0.0,0.0,0.0
189075,north west,kaduna,kaduna north,rural,0.0,2024,1070,guinea corn (sorghum),2.4791998863220215,1000.0,350000.0,350000.0,0.683917224407196,0.683917224407196,0.0,0.27586206793785095,0.27586206793785095,0.683917224407196,0.683917224407196,0.0,0.0,2.8909529373049736,2.79804989695549,2.79804989695549,0.0,0.0,0.0,20.0,0.0,0.0,0.0,2000.0,1.0,0.0,0.0,0.0,0.0,583000.0,600000.0,0.0,17.0,3.0,0.0,20.0,2,1.0,3.0,26.55906412532296,64.52221526442385,103.43658069024184,,,0.0,0.0,0.0,0.0,0.0
189116,north west,kaduna,kajuru,rural,42.0,2024,1070,guinea corn (sorghum),0.5528200268745422,500.0,250000.0,250000.0,0.2764100134372711,0.2764100134372711,0.0,0.5,0.5,0.2764100134372711,0.2764100134372711,0.0,0.0,1.0023000240325928,1.0023000240325928,1.0023000240325928,98.77,12.18,11.165,0.0,101.5,175.0,276.5,0.0,0.0,9.0,1.0,0.0,0.0,77000.0,0.0,0.0,27.0,10.0,2.0,39.0,2,1.0,1.0,26.55906412532296,64.52221526442385,103.43658069024184,2022.0,fulani ethnic militia (nigeria),1.0,48.0,48.0,3.0,0.0
189116,north west,kaduna,kajuru,rural,42.0,2024,1070,guinea corn (sorghum),0.5528200268745422,500.0,250000.0,250000.0,0.2764100134372711,0.2764100134372711,0.0,0.5,0.5,0.2764100134372711,0.2764100134372711,0.0,0.0,1.0023000240325928,1.0023000240325928,1.0023000240325928,98.77,12.18,11.165,0.0,101.5,175.0,276.5,0.0,0.0,9.0,1.0,0.0,0.0,77000.0,0.0,0.0,27.0,10.0,2.0,39.0,2,1.0,1.0,26.55906412532296,64.52221526442385,103.43658069024184,2022.0,kaduna communal militia (nigeria),1.0,2.0,2.0,4.0,0.0
189116,north west,kaduna,kajuru,rural,42.0,2024,1070,guinea corn (sorghum),0.5528200268745422,500.0,250000.0,250000.0,0.2764100134372711,0.2764100134372711,0.0,0.5,0.5,0.2764100134372711,0.2764100134372711,0.0,0.0,1.0023000240325928,1.0023000240325928,1.0023000240325928,98.77,12.18,11.165,0.0,101.5,175.0,276.5,0.0,0.0,9.0,1.0,0.0,0.0,77000.0,0.0,0.0,27.0,10.0,2.0,39.0,2,1.0,1.0,26.55906412532296,64.52221526442385,103.43658069024184,2023.0,kaduna communal militia (nigeria),1.0,1.0,1.0,5.0,0.0
189116,north west,kaduna,kajuru,rural,42.0,2024,1070,guinea corn (sorghum),0.5528200268745422,500.0,250000.0,250000.0,0.2764100134372711,0.2764100134372711,0.0,0.5,0.5,0.2764100134372711,0.2764100134372711,0.0,0.0,1.0023000240325928,1.0023000240325928,1.0023000240325928,98.77,12.18,11.165,0.0,101.5,175.0,276.5,0.0,0.0,9.0,1.0,0.0,0.0,77000.0,0.0,0.0,27.0,10.0,2.0,39.0,2,1.0,1.0,26.55906412532296,64.52221526442385,103.43658069024184,2024.0,fulani ethnic militia (nigeria),1.0,0.0,0.0,1.0,0.0
189116,north west,kaduna,kajuru,rural,42.0,2024,1070,guinea corn (sorghum),0.5528200268745422,500.0,250000.0,250000.0,0.2764100134372711,0.2764100134372711,0.0,0.5,0.5,0.2764100134372711,0.2764100134372711,0.0,0.0,1.0023000240325928,1.0023000240325928,1.0023000240325928,98.77,12.18,11.165,0.0,101.5,175.0,276.5,0.0,0.0,9.0,1.0,0.0,0.0,77000.0,0.0,0.0,27.0,10.0,2.0,39.0,2,1.0,1.0,26.55906412532296,64.52221526442385,103.43658069024184,2024.0,kaduna communal militia (nigeria),1.0,34.0,34.0,10.0,0.0
189116,north west,kaduna,kajuru,rural,42.0,2024,1070,guinea corn (sorghum),0.5528200268745422,500.0,250000.0,250000.0,0.2764100134372711,0.2764100134372711,0.0,0.5,0.5,0.2764100134372711,0.2764100134372711,0.0,0.0,1.0023000240325928,1.0023000240325928,1.0023000240325928,98.77,12.18,11.165,0.0,101.5,175.0,276.5,0.0,0.0,9.0,1.0,0.0,0.0,77000.0,0.0,0.0,27.0,10.0,2.0,39.0,2,1.0,1.0,26.55906412532296,64.52221526442385,103.43658069024184,2024.0,military forces of nigeria (2023-),1.0,10.0,10.0,1.0,1.0
189118,north west,kaduna,kajuru,rural,42.0,2024,1070,guinea corn (sorghum),0.22739000618457794,100.0,84000.0,84000.0,0.22739000618457794,0.22739000618457794,0.0,1.0,1.0,0.22739000618457794,0.22739000618457794,0.0,0.0,1.0294800251722336,1.0294800251722336,1.0294800251722336,91.5,15.0,13.75,0.0,125.0,150.0,275.0,0.0,6.0,5.0,1.0,0.0,0.0,0.0,0.0,0.0,31.0,10.0,19.0,60.0,2,1.0,2.0,26.55906412532296,64.52221526442385,103.43658069024184,2022.0,fulani ethnic militia (nigeria),1.0,48.0,48.0,3.0,0.0
189118,north west,kaduna,kajuru,rural,42.0,2024,1070,guinea corn (sorghum),0.22739000618457794,100.0,84000.0,84000.0,0.22739000618457794,0.22739000618457794,0.0,1.0,1.0,0.22739000618457794,0.22739000618457794,0.0,0.0,1.0294800251722336,1.0294800251722336,1.0294800251722336,91.5,15.0,13.75,0.0,125.0,150.0,275.0,0.0,6.0,5.0,1.0,0.0,0.0,0.0,0.0,0.0,31.0,10.0,19.0,60.0,2,1.0,2.0,26.55906412532296,64.52221526442385,103.43658069024184,2022.0,kaduna communal militia (nigeria),1.0,2.0,2.0,4.0,0.0
189118,north west,kaduna,kajuru,rural,42.0,2024,1070,guinea corn (sorghum),0.22739000618457794,100.0,84000.0,84000.0,0.22739000618457794,0.22739000618457794,0.0,1.0,1.0,0.22739000618457794,0.22739000618457794,0.0,0.0,1.0294800251722336,1.0294800251722336,1.0294800251722336,91.5,15.0,13.75,0.0,125.0,150.0,275.0,0.0,6.0,5.0,1.0,0.0,0.0,0.0,0.0,0.0,31.0,10.0,19.0,60.0,2,1.0,2.0,26.55906412532296,64.52221526442385,103.43658069024184,2023.0,kaduna communal militia (nigeria),1.0,1.0,1.0,5.0,0.0
189118,north west,kaduna,kajuru,rural,42.0,2024,1070,guinea corn (sorghum),0.22739000618457794,100.0,84000.0,84000.0,0.22739000618457794,0.22739000618457794,0.0,1.0,1.0,0.22739000618457794,0.22739000618457794,0.0,0.0,1.0294800251722336,1.0294800251722336,1.0294800251722336,91.5,15.0,13.75,0.0,125.0,150.0,275.0,0.0,6.0,5.0,1.0,0.0,0.0,0.0,0.0,0.0,31.0,10.0,19.0,60.0,2,1.0,2.0,26.55906412532296,64.52221526442385,103.43658069024184,2024.0,fulani ethnic militia (nigeria),1.0,0.0,0.0,1.0,0.0
189118,north west,kaduna,kajuru,rural,42.0,2024,1070,guinea corn (sorghum),0.22739000618457794,100.0,84000.0,84000.0,0.22739000618457794,0.22739000618457794,0.0,1.0,1.0,0.22739000618457794,0.22739000618457794,0.0,0.0,1.0294800251722336,1.0294800251722336,1.0294800251722336,91.5,15.0,13.75,0.0,125.0,150.0,275.0,0.0,6.0,5.0,1.0,0.0,0.0,0.0,0.0,0.0,31.0,10.0,19.0,60.0,2,1.0,2.0,26.55906412532296,64.52221526442385,103.43658069024184,2024.0,kaduna communal militia (nigeria),1.0,34.0,34.0,10.0,0.0
189118,north west,kaduna,kajuru,rural,42.0,2024,1070,guinea corn (sorghum),0.22739000618457794,100.0,84000.0,84000.0,0.22739000618457794,0.22739000618457794,0.0,1.0,1.0,0.22739000618457794,0.22739000618457794,0.0,0.0,1.0294800251722336,1.0294800251722336,1.0294800251722336,91.5,15.0,13.75,0.0,125.0,150.0,275.0,0.0,6.0,5.0,1.0,0.0,0.0,0.0,0.0,0.0,31.0,10.0,19.0,60.0,2,1.0,2.0,26.55906412532296,64.52221526442385,103.43658069024184,2024.0,military forces of nigeria (2023-),1.0,10.0,10.0,1.0,1.0
189120,north west,kaduna,kajuru,rural,42.0,2024,1070,guinea corn (sorghum),0.23225760459899902,600.0,300000.0,300000.0,0.17419320344924927,0.17419320344924927,0.0,0.75,0.75,0.17419320344924927,0.17419320344924927,0.0,0.0,0.7618591301143169,0.7154076099395752,0.7154076099395752,0.0,0.0,0.0,5.0,0.0,0.0,300.0,500.0,0.0,4.0,1.0,0.0,0.0,0.0,0.0,0.0,12.0,0.0,24.0,36.0,2,1.0,1.0,26.55906412532296,64.52221526442385,103.43658069024184,2022.0,fulani ethnic militia (nigeria),1.0,48.0,48.0,3.0,0.0
189120,north west,kaduna,kajuru,rural,42.0,2024,1070,guinea corn (sorghum),0.23225760459899902,600.0,300000.0,300000.0,0.17419320344924927,0.17419320344924927,0.0,0.75,0.75,0.17419320344924927,0.17419320344924927,0.0,0.0,0.7618591301143169,0.7154076099395752,0.7154076099395752,0.0,0.0,0.0,5.0,0.0,0.0,300.0,500.0,0.0,4.0,1.0,0.0,0.0,0.0,0.0,0.0,12.0,0.0,24.0,36.0,2,1.0,1.0,26.55906412532296,64.52221526442385,103.43658069024184,2022.0,kaduna communal militia (nigeria),1.0,2.0,2.0,4.0,0.0
189120,north west,kaduna,kajuru,rural,42.0,2024,1070,guinea corn (sorghum),0.23225760459899902,600.0,300000.0,300000.0,0.17419320344924927,0.17419320344924927,0.0,0.75,0.75,0.17419320344924927,0.17419320344924927,0.0,0.0,0.7618591301143169,0.7154076099395752,0.7154076099395752,0.0,0.0,0.0,5.0,0.0,0.0,300.0,500.0,0.0,4.0,1.0,0.0,0.0,0.0,0.0,0.0,12.0,0.0,24.0,36.0,2,1.0,1.0,26.55906412532296,64.52221526442385,103.43658069024184,2023.0,kaduna communal militia (nigeria),1.0,1.0,1.0,5.0,0.0
189120,north west,kaduna,kajuru,rural,42.0,2024,1070,guinea corn (sorghum),0.23225760459899902,600.0,300000.0,300000.0,0.17419320344924927,0.17419320344924927,0.0,0.75,0.75,0.17419320344924927,0.17419320344924927,0.0,0.0,0.7618591301143169,0.7154076099395752,0.7154076099395752,0.0,0.0,0.0,5.0,0.0,0.0,300.0,500.0,0.0,4.0,1.0,0.0,0.0,0.0,0.0,0.0,12.0,0.0,24.0,36.0,2,1.0,1.0,26.55906412532296,64.52221526442385,103.43658069024184,2024.0,fulani ethnic militia (nigeria),1.0,0.0,0.0,1.0,0.0
189120,north west,kaduna,kajuru,rural,42.0,2024,1070,guinea corn (sorghum),0.23225760459899902,600.0,300000.0,300000.0,0.17419320344924927,0.17419320344924927,0.0,0.75,0.75,0.17419320344924927,0.17419320344924927,0.0,0.0,0.7618591301143169,0.7154076099395752,0.7154076099395752,0.0,0.0,0.0,5.0,0.0,0.0,300.0,500.0,0.0,4.0,1.0,0.0,0.0,0.0,0.0,0.0,12.0,0.0,24.0,36.0,2,1.0,1.0,26.55906412532296,64.52221526442385,103.43658069024184,2024.0,kaduna communal militia (nigeria),1.0,34.0,34.0,10.0,0.0
189120,north west,kaduna,kajuru,rural,42.0,2024,1070,guinea corn (sorghum),0.23225760459899902,600.0,300000.0,300000.0,0.17419320344924927,0.17419320344924927,0.0,0.75,0.75,0.17419320344924927,0.17419320344924927,0.0,0.0,0.7618591301143169,0.7154076099395752,0.7154076099395752,0.0,0.0,0.0,5.0,0.0,0.0,300.0,500.0,0.0,4.0,1.0,0.0,0.0,0.0,0.0,0.0,12.0,0.0,24.0,36.0,2,1.0,1.0,26.55906412532296,64.52221526442385,103.43658069024184,2024.0,military forces of nigeria (2023-),1.0,10.0,10.0,1.0,1.0
189122,north west,kaduna,kajuru,rural,522.0,2024,1070,guinea corn (sorghum),0.26194998621940613,700.0,350000.0,350000.0,0.06548749655485153,0.06548749655485153,0.0,0.25,0.25,0.06548749655485153,0.06548749655485153,0.0,0.0,0.48197998106479645,0.4369799792766571,0.4369799792766571,0.0,0.0,0.0,0.0,0.0,0.0,0.0,0.0,0.0,0.0,0.0,0.0,0.0,0.0,0.0,0.0,6.0,7.0,0.0,13.0,2,2.0,2.0,26.55906412532296,64.52221526442385,103.43658069024184,2022.0,fulani ethnic militia (nigeria),1.0,48.0,48.0,3.0,0.0
189122,north west,kaduna,kajuru,rural,522.0,2024,1070,guinea corn (sorghum),0.26194998621940613,700.0,350000.0,350000.0,0.06548749655485153,0.06548749655485153,0.0,0.25,0.25,0.06548749655485153,0.06548749655485153,0.0,0.0,0.48197998106479645,0.4369799792766571,0.4369799792766571,0.0,0.0,0.0,0.0,0.0,0.0,0.0,0.0,0.0,0.0,0.0,0.0,0.0,0.0,0.0,0.0,6.0,7.0,0.0,13.0,2,2.0,2.0,26.55906412532296,64.52221526442385,103.43658069024184,2022.0,kaduna communal militia (nigeria),1.0,2.0,2.0,4.0,0.0
189122,north west,kaduna,kajuru,rural,522.0,2024,1070,guinea corn (sorghum),0.26194998621940613,700.0,350000.0,350000.0,0.06548749655485153,0.06548749655485153,0.0,0.25,0.25,0.06548749655485153,0.06548749655485153,0.0,0.0,0.48197998106479645,0.4369799792766571,0.4369799792766571,0.0,0.0,0.0,0.0,0.0,0.0,0.0,0.0,0.0,0.0,0.0,0.0,0.0,0.0,0.0,0.0,6.0,7.0,0.0,13.0,2,2.0,2.0,26.55906412532296,64.52221526442385,103.43658069024184,2023.0,kaduna communal militia (nigeria),1.0,1.0,1.0,5.0,0.0
189122,north west,kaduna,kajuru,rural,522.0,2024,1070,guinea corn (sorghum),0.26194998621940613,700.0,350000.0,350000.0,0.06548749655485153,0.06548749655485153,0.0,0.25,0.25,0.06548749655485153,0.06548749655485153,0.0,0.0,0.48197998106479645,0.4369799792766571,0.4369799792766571,0.0,0.0,0.0,0.0,0.0,0.0,0.0,0.0,0.0,0.0,0.0,0.0,0.0,0.0,0.0,0.0,6.0,7.0,0.0,13.0,2,2.0,2.0,26.55906412532296,64.52221526442385,103.43658069024184,2024.0,fulani ethnic militia (nigeria),1.0,0.0,0.0,1.0,0.0
189122,north west,kaduna,kajuru,rural,522.0,2024,1070,guinea corn (sorghum),0.26194998621940613,700.0,350000.0,350000.0,0.06548749655485153,0.06548749655485153,0.0,0.25,0.25,0.06548749655485153,0.06548749655485153,0.0,0.0,0.48197998106479645,0.4369799792766571,0.4369799792766571,0.0,0.0,0.0,0.0,0.0,0.0,0.0,0.0,0.0,0.0,0.0,0.0,0.0,0.0,0.0,0.0,6.0,7.0,0.0,13.0,2,2.0,2.0,26.55906412532296,64.52221526442385,103.43658069024184,2024.0,kaduna communal militia (nigeria),1.0,34.0,34.0,10.0,0.0
189122,north west,kaduna,kajuru,rural,522.0,2024,1070,guinea corn (sorghum),0.26194998621940613,700.0,350000.0,350000.0,0.06548749655485153,0.06548749655485153,0.0,0.25,0.25,0.06548749655485153,0.06548749655485153,0.0,0.0,0.48197998106479645,0.4369799792766571,0.4369799792766571,0.0,0.0,0.0,0.0,0.0,0.0,0.0,0.0,0.0,0.0,0.0,0.0,0.0,0.0,0.0,0.0,6.0,7.0,0.0,13.0,2,2.0,2.0,26.55906412532296,64.52221526442385,103.43658069024184,2024.0,military forces of nigeria (2023-),1.0,10.0,10.0,1.0,1.0
189130,north west,kaduna,kajuru,rural,522.0,2024,1070,guinea corn (sorghum),0.28422999382019043,200.0,100000.0,100000.0,0.28422999382019043,0.28422999382019043,0.0,1.0,1.0,0.28422999382019043,0.28422999382019043,0.0,0.0,0.7153179794549942,0.7153179794549942,0.7153179794549942,0.0,0.0,0.0,0.0,0.0,0.0,0.0,0.0,0.0,0.0,0.0,0.0,0.0,569800.0,0.0,0.0,27.0,5.0,8.0,40.0,2,1.0,1.0,26.55906412532296,64.52221526442385,103.43658069024184,2022.0,fulani ethnic militia (nigeria),1.0,48.0,48.0,3.0,0.0
189130,north west,kaduna,kajuru,rural,522.0,2024,1070,guinea corn (sorghum),0.28422999382019043,200.0,100000.0,100000.0,0.28422999382019043,0.28422999382019043,0.0,1.0,1.0,0.28422999382019043,0.28422999382019043,0.0,0.0,0.7153179794549942,0.7153179794549942,0.7153179794549942,0.0,0.0,0.0,0.0,0.0,0.0,0.0,0.0,0.0,0.0,0.0,0.0,0.0,569800.0,0.0,0.0,27.0,5.0,8.0,40.0,2,1.0,1.0,26.55906412532296,64.52221526442385,103.43658069024184,2022.0,kaduna communal militia (nigeria),1.0,2.0,2.0,4.0,0.0
189130,north west,kaduna,kajuru,rural,522.0,2024,1070,guinea corn (sorghum),0.28422999382019043,200.0,100000.0,100000.0,0.28422999382019043,0.28422999382019043,0.0,1.0,1.0,0.28422999382019043,0.28422999382019043,0.0,0.0,0.7153179794549942,0.7153179794549942,0.7153179794549942,0.0,0.0,0.0,0.0,0.0,0.0,0.0,0.0,0.0,0.0,0.0,0.0,0.0,569800.0,0.0,0.0,27.0,5.0,8.0,40.0,2,1.0,1.0,26.55906412532296,64.52221526442385,103.43658069024184,2023.0,kaduna communal militia (nigeria),1.0,1.0,1.0,5.0,0.0
189130,north west,kaduna,kajuru,rural,522.0,2024,1070,guinea corn (sorghum),0.28422999382019043,200.0,100000.0,100000.0,0.28422999382019043,0.28422999382019043,0.0,1.0,1.0,0.28422999382019043,0.28422999382019043,0.0,0.0,0.7153179794549942,0.7153179794549942,0.7153179794549942,0.0,0.0,0.0,0.0,0.0,0.0,0.0,0.0,0.0,0.0,0.0,0.0,0.0,569800.0,0.0,0.0,27.0,5.0,8.0,40.0,2,1.0,1.0,26.55906412532296,64.52221526442385,103.43658069024184,2024.0,fulani ethnic militia (nigeria),1.0,0.0,0.0,1.0,0.0
189130,north west,kaduna,kajuru,rural,522.0,2024,1070,guinea corn (sorghum),0.28422999382019043,200.0,100000.0,100000.0,0.28422999382019043,0.28422999382019043,0.0,1.0,1.0,0.28422999382019043,0.28422999382019043,0.0,0.0,0.7153179794549942,0.7153179794549942,0.7153179794549942,0.0,0.0,0.0,0.0,0.0,0.0,0.0,0.0,0.0,0.0,0.0,0.0,0.0,569800.0,0.0,0.0,27.0,5.0,8.0,40.0,2,1.0,1.0,26.55906412532296,64.52221526442385,103.43658069024184,2024.0,kaduna communal militia (nigeria),1.0,34.0,34.0,10.0,0.0
189130,north west,kaduna,kajuru,rural,522.0,2024,1070,guinea corn (sorghum),0.28422999382019043,200.0,100000.0,100000.0,0.28422999382019043,0.28422999382019043,0.0,1.0,1.0,0.28422999382019043,0.28422999382019043,0.0,0.0,0.7153179794549942,0.7153179794549942,0.7153179794549942,0.0,0.0,0.0,0.0,0.0,0.0,0.0,0.0,0.0,0.0,0.0,0.0,0.0,569800.0,0.0,0.0,27.0,5.0,8.0,40.0,2,1.0,1.0,26.55906412532296,64.52221526442385,103.43658069024184,2024.0,military forces of nigeria (2023-),1.0,10.0,10.0,1.0,1.0
189136,north west,kaduna,lere,rural,572.0,2024,1070,guinea corn (sorghum),0.14508000016212463,300.0,150000.0,150000.0,0.03627000004053116,0.03627000004053116,0.0,0.25,0.25,0.0,0.0,0.0,0.0,1.1096800118684769,1.1096800118684769,1.1096800118684769,229.0,30.0,27.5,15.0,250.0,400.0,650.0,1500.0,0.0,5.0,1.0,0.0,0.0,436000.0,0.0,0.0,14.0,4.0,0.0,18.0,2,1.0,1.0,26.55906412532296,64.52221526442385,103.43658069024184,,,0.0,0.0,0.0,0.0,0.0
189147,north west,kaduna,lere,rural,726.0,2024,1070,guinea corn (sorghum),1.0870000123977661,200.0,100000.0,100000.0,0.27175000309944153,0.27175000309944153,0.0,0.25,0.25,0.27175000309944153,0.27175000309944153,0.0,0.0,1.1334515325725079,1.0870000123977661,1.0870000123977661,0.0,0.0,0.0,0.0,0.0,0.0,0.0,0.0,0.0,0.0,0.0,0.0,0.0,660000.0,0.0,0.0,19.0,1.0,0.0,20.0,2,2.0,2.0,26.55906412532296,64.52221526442385,103.43658069024184,,,0.0,0.0,0.0,0.0,0.0
189173,north west,kaduna,makarfi,rural,76.0,2024,1070,guinea corn (sorghum),0.1565600037574768,700.0,350000.0,329000.0,0.0782800018787384,0.0782800018787384,0.0,0.5,0.5,0.0782800018787384,0.0782800018787384,282000.0,600.0,0.24479900300502777,0.24479900300502777,0.24479900300502777,117.0,78.0,71.5,0.0,650.0,0.0,650.0,0.0,0.0,0.0,1.0,0.0,0.0,174000.0,0.0,0.0,13.0,9.0,0.0,22.0,2,1.0,1.0,26.55906412532296,64.52221526442385,103.43658069024184,,,0.0,0.0,0.0,0.0,0.0
189188,north west,kaduna,sabon gari,urban,818.0,2024,1070,guinea corn (sorghum),0.41609999537467957,300.0,150000.0,159000.0,0.20804999768733978,0.20804999768733978,0.0,0.5,0.5,0.20804999768733978,0.20804999768733978,106000.0,200.0,0.6184429973363876,0.41609999537467957,0.41609999537467957,20.5,6.0,5.5,0.0,50.0,25.0,75.0,0.0,0.0,0.0,1.0,0.0,0.0,600000.0,480000.0,0.0,11.0,10.0,4.0,25.0,2,1.0,1.0,26.55906412532296,64.52221526442385,103.43658069024184,,,0.0,0.0,0.0,0.0,0.0
189214,north west,kaduna,zongon kataf,rural,1898.0,2024,1070,guinea corn (sorghum),1.3113000392913818,100.0,50000.0,50000.0,0.6556500196456909,0.6556500196456909,0.0,0.5,0.5,0.6556500196456909,0.6556500196456909,0.0,0.0,2.3345000743865967,2.3345000743865967,2.3345000743865967,0.0,0.0,0.0,0.0,0.0,0.0,0.0,0.0,0.0,0.0,0.0,0.0,0.0,240000.0,720000.0,0.0,19.0,0.0,0.0,19.0,2,1.0,1.0,26.55906412532296,64.52221526442385,103.43658069024184,,,0.0,0.0,0.0,0.0,0.0
189218,north west,kaduna,chikun,rural,1040.0,2024,1070,guinea corn (sorghum),0.2787091135978699,11.449999809265137,5725.0,5725.0,0.13935455679893494,0.13935455679893494,0.0,0.5,0.5,0.13935455679893494,0.13935455679893494,0.0,0.0,0.4180636741220951,0.37161215394735336,0.37161215394735336,2.16,1.44,1.32,1.0,12.0,0.0,12.0,100.0,0.0,2.0,1.0,0.0,0.0,475200.0,108000.0,0.0,5.0,2.0,0.0,7.0,2,1.0,2.0,25.075111976269927,64.31676214312199,124.60833333333332,2022.0,kaduna communal militia (nigeria),1.0,48.0,51.0,38.0,0.0
189218,north west,kaduna,chikun,rural,1040.0,2024,1070,guinea corn (sorghum),0.2787091135978699,11.449999809265137,5725.0,5725.0,0.13935455679893494,0.13935455679893494,0.0,0.5,0.5,0.13935455679893494,0.13935455679893494,0.0,0.0,0.4180636741220951,0.37161215394735336,0.37161215394735336,2.16,1.44,1.32,1.0,12.0,0.0,12.0,100.0,0.0,2.0,1.0,0.0,0.0,475200.0,108000.0,0.0,5.0,2.0,0.0,7.0,2,1.0,2.0,25.075111976269927,64.31676214312199,124.60833333333332,2022.0,military forces of nigeria (2015-2023),1.0,74.0,74.0,34.0,1.0
189218,north west,kaduna,chikun,rural,1040.0,2024,1070,guinea corn (sorghum),0.2787091135978699,11.449999809265137,5725.0,5725.0,0.13935455679893494,0.13935455679893494,0.0,0.5,0.5,0.13935455679893494,0.13935455679893494,0.0,0.0,0.4180636741220951,0.37161215394735336,0.37161215394735336,2.16,1.44,1.32,1.0,12.0,0.0,12.0,100.0,0.0,2.0,1.0,0.0,0.0,475200.0,108000.0,0.0,5.0,2.0,0.0,7.0,2,1.0,2.0,25.075111976269927,64.31676214312199,124.60833333333332,2023.0,boko haram - jamaatu ahli is-sunnah lid-dawati wal-jihad,1.0,1.0,1.0,1.0,0.0
189218,north west,kaduna,chikun,rural,1040.0,2024,1070,guinea corn (sorghum),0.2787091135978699,11.449999809265137,5725.0,5725.0,0.13935455679893494,0.13935455679893494,0.0,0.5,0.5,0.13935455679893494,0.13935455679893494,0.0,0.0,0.4180636741220951,0.37161215394735336,0.37161215394735336,2.16,1.44,1.32,1.0,12.0,0.0,12.0,100.0,0.0,2.0,1.0,0.0,0.0,475200.0,108000.0,0.0,5.0,2.0,0.0,7.0,2,1.0,2.0,25.075111976269927,64.31676214312199,124.60833333333332,2023.0,kaduna communal militia (nigeria),1.0,11.0,11.0,12.0,0.0
189218,north west,kaduna,chikun,rural,1040.0,2024,1070,guinea corn (sorghum),0.2787091135978699,11.449999809265137,5725.0,5725.0,0.13935455679893494,0.13935455679893494,0.0,0.5,0.5,0.13935455679893494,0.13935455679893494,0.0,0.0,0.4180636741220951,0.37161215394735336,0.37161215394735336,2.16,1.44,1.32,1.0,12.0,0.0,12.0,100.0,0.0,2.0,1.0,0.0,0.0,475200.0,108000.0,0.0,5.0,2.0,0.0,7.0,2,1.0,2.0,25.075111976269927,64.31676214312199,124.60833333333332,2023.0,military forces of nigeria (2015-2023),1.0,18.0,18.0,9.0,1.0
189218,north west,kaduna,chikun,rural,1040.0,2024,1070,guinea corn (sorghum),0.2787091135978699,11.449999809265137,5725.0,5725.0,0.13935455679893494,0.13935455679893494,0.0,0.5,0.5,0.13935455679893494,0.13935455679893494,0.0,0.0,0.4180636741220951,0.37161215394735336,0.37161215394735336,2.16,1.44,1.32,1.0,12.0,0.0,12.0,100.0,0.0,2.0,1.0,0.0,0.0,475200.0,108000.0,0.0,5.0,2.0,0.0,7.0,2,1.0,2.0,25.075111976269927,64.31676214312199,124.60833333333332,2023.0,military forces of nigeria (2023-),1.0,16.0,16.0,9.0,1.0
189218,north west,kaduna,chikun,rural,1040.0,2024,1070,guinea corn (sorghum),0.2787091135978699,11.449999809265137,5725.0,5725.0,0.13935455679893494,0.13935455679893494,0.0,0.5,0.5,0.13935455679893494,0.13935455679893494,0.0,0.0,0.4180636741220951,0.37161215394735336,0.37161215394735336,2.16,1.44,1.32,1.0,12.0,0.0,12.0,100.0,0.0,2.0,1.0,0.0,0.0,475200.0,108000.0,0.0,5.0,2.0,0.0,7.0,2,1.0,2.0,25.075111976269927,64.31676214312199,124.60833333333332,2024.0,kaduna communal militia (nigeria),1.0,10.0,10.0,15.0,0.0
189218,north west,kaduna,chikun,rural,1040.0,2024,1070,guinea corn (sorghum),0.2787091135978699,11.449999809265137,5725.0,5725.0,0.13935455679893494,0.13935455679893494,0.0,0.5,0.5,0.13935455679893494,0.13935455679893494,0.0,0.0,0.4180636741220951,0.37161215394735336,0.37161215394735336,2.16,1.44,1.32,1.0,12.0,0.0,12.0,100.0,0.0,2.0,1.0,0.0,0.0,475200.0,108000.0,0.0,5.0,2.0,0.0,7.0,2,1.0,2.0,25.075111976269927,64.31676214312199,124.60833333333332,2024.0,military forces of nigeria (2023-),1.0,11.0,11.0,3.0,1.0
189235,north west,kaduna,kajuru,rural,42.0,2024,1070,guinea corn (sorghum),0.4270699918270111,300.0,150000.0,105000.0,0.21353499591350555,0.21353499591350555,0.0,0.5,0.5,0.21353499591350555,0.21353499591350555,70000.0,200.0,0.7187399864196777,0.7187399864196777,0.7187399864196777,91.0,30.0,27.5,2.5,250.0,100.0,350.0,250.0,6.0,8.0,1.0,0.0,0.0,420000.0,0.0,0.0,26.0,9.0,0.0,35.0,2,1.0,2.0,26.55906412532296,64.52221526442385,103.43658069024184,2022.0,fulani ethnic militia (nigeria),1.0,48.0,48.0,3.0,0.0
189235,north west,kaduna,kajuru,rural,42.0,2024,1070,guinea corn (sorghum),0.4270699918270111,300.0,150000.0,105000.0,0.21353499591350555,0.21353499591350555,0.0,0.5,0.5,0.21353499591350555,0.21353499591350555,70000.0,200.0,0.7187399864196777,0.7187399864196777,0.7187399864196777,91.0,30.0,27.5,2.5,250.0,100.0,350.0,250.0,6.0,8.0,1.0,0.0,0.0,420000.0,0.0,0.0,26.0,9.0,0.0,35.0,2,1.0,2.0,26.55906412532296,64.52221526442385,103.43658069024184,2022.0,kaduna communal militia (nigeria),1.0,2.0,2.0,4.0,0.0
189235,north west,kaduna,kajuru,rural,42.0,2024,1070,guinea corn (sorghum),0.4270699918270111,300.0,150000.0,105000.0,0.21353499591350555,0.21353499591350555,0.0,0.5,0.5,0.21353499591350555,0.21353499591350555,70000.0,200.0,0.7187399864196777,0.7187399864196777,0.7187399864196777,91.0,30.0,27.5,2.5,250.0,100.0,350.0,250.0,6.0,8.0,1.0,0.0,0.0,420000.0,0.0,0.0,26.0,9.0,0.0,35.0,2,1.0,2.0,26.55906412532296,64.52221526442385,103.43658069024184,2023.0,kaduna communal militia (nigeria),1.0,1.0,1.0,5.0,0.0
189235,north west,kaduna,kajuru,rural,42.0,2024,1070,guinea corn (sorghum),0.4270699918270111,300.0,150000.0,105000.0,0.21353499591350555,0.21353499591350555,0.0,0.5,0.5,0.21353499591350555,0.21353499591350555,70000.0,200.0,0.7187399864196777,0.7187399864196777,0.7187399864196777,91.0,30.0,27.5,2.5,250.0,100.0,350.0,250.0,6.0,8.0,1.0,0.0,0.0,420000.0,0.0,0.0,26.0,9.0,0.0,35.0,2,1.0,2.0,26.55906412532296,64.52221526442385,103.43658069024184,2024.0,fulani ethnic militia (nigeria),1.0,0.0,0.0,1.0,0.0
189235,north west,kaduna,kajuru,rural,42.0,2024,1070,guinea corn (sorghum),0.4270699918270111,300.0,150000.0,105000.0,0.21353499591350555,0.21353499591350555,0.0,0.5,0.5,0.21353499591350555,0.21353499591350555,70000.0,200.0,0.7187399864196777,0.7187399864196777,0.7187399864196777,91.0,30.0,27.5,2.5,250.0,100.0,350.0,250.0,6.0,8.0,1.0,0.0,0.0,420000.0,0.0,0.0,26.0,9.0,0.0,35.0,2,1.0,2.0,26.55906412532296,64.52221526442385,103.43658069024184,2024.0,kaduna communal militia (nigeria),1.0,34.0,34.0,10.0,0.0
189235,north west,kaduna,kajuru,rural,42.0,2024,1070,guinea corn (sorghum),0.4270699918270111,300.0,150000.0,105000.0,0.21353499591350555,0.21353499591350555,0.0,0.5,0.5,0.21353499591350555,0.21353499591350555,70000.0,200.0,0.7187399864196777,0.7187399864196777,0.7187399864196777,91.0,30.0,27.5,2.5,250.0,100.0,350.0,250.0,6.0,8.0,1.0,0.0,0.0,420000.0,0.0,0.0,26.0,9.0,0.0,35.0,2,1.0,2.0,26.55906412532296,64.52221526442385,103.43658069024184,2024.0,military forces of nigeria (2023-),1.0,10.0,10.0,1.0,1.0
190081,north west,kano,garko,rural,934.0,2024,1070,guinea corn (sorghum),0.2666499987244606,400.0,200000.0,200000.0,0.05762099474668503,0.05762099474668503,0.0,0.4379699230194092,0.4379699230194092,0.0,0.0,0.0,0.0,0.5094616040587425,0.2666499987244606,0.2666499987244606,23.0,0.0,0.0,0.0,0.0,50.0,50.0,0.0,1.0,0.0,1.0,0.0,0.0,258500.0,0.0,0.0,30.0,2.0,30.0,62.0,2,2.0,2.0,26.057054474107037,49.60149542701768,96.2025,,,0.0,0.0,0.0,0.0,0.0
190082,north west,kano,garko,rural,934.0,2024,1070,guinea corn (sorghum),0.5172930061817169,636.0000152587891,318000.0078125,318000.0078125,0.2874678671360016,0.2874678671360016,0.0,1.068965494632721,1.0689655542373657,0.23777636885643005,0.23777636885643005,0.0,0.0,0.6750150471925735,0.5821120068430901,0.5821120068430901,84.5,18.0,16.5,0.0,150.0,125.0,275.0,0.0,3.0,0.0,1.0,0.0,0.0,2185000.0,0.0,0.0,36.0,20.0,0.0,56.0,2,2.0,4.0,26.057054474107037,49.60149542701768,96.2025,,,0.0,0.0,0.0,0.0,0.0
190083,north west,kano,garko,rural,934.0,2024,1070,guinea corn (sorghum),1.1127700135111809,948.7000122070312,474350.0,474350.0,0.30508993938565254,0.30508993938565254,0.0,0.9460263252258301,0.9460263252258301,0.2765561193227768,0.2765561193227768,0.0,0.0,1.1227700132876635,1.1127700135111809,1.1127700135111809,8.3952,5.5968,5.1303997,17.0,46.64,0.0,46.64,1700.0,0.5,0.0,1.0,0.0,0.0,858000.0,0.0,0.0,40.0,0.0,0.0,40.0,2,2.0,3.0,26.057054474107037,49.60149542701768,96.2025,,,0.0,0.0,0.0,0.0,0.0
190084,north west,kano,garko,rural,934.0,2024,1070,guinea corn (sorghum),0.32906000316143036,400.0,200000.0,200000.0,0.22968000173568726,0.22968000173568726,0.0,1.5,1.5,0.22968000173568726,0.22968000173568726,0.0,0.0,0.33906000293791294,0.32906000316143036,0.32906000316143036,0.0,0.0,0.0,100.0,0.0,0.0,0.0,10000.0,0.0,0.0,0.0,0.0,0.0,1296000.0,0.0,0.0,40.0,0.0,0.0,40.0,2,2.0,3.0,26.057054474107037,49.60149542701768,96.2025,,,0.0,0.0,0.0,0.0,0.0
190085,north west,kano,garko,rural,934.0,2024,1070,guinea corn (sorghum),0.8196399807929993,795.0,397500.0,397500.0,0.6147300004959106,0.6147300004959106,0.0,0.75,0.75,0.6147300004959106,0.6147300004959106,0.0,0.0,0.8236399809829891,0.8196399807929993,0.8196399807929993,27.5,3.0,2.75,10.0,25.0,50.0,75.0,1000.0,1.0,0.0,1.0,0.0,0.0,0.0,420000.0,0.0,27.0,19.0,0.0,46.0,2,2.0,2.0,26.057054474107037,49.60149542701768,96.2025,,,0.0,0.0,0.0,0.0,0.0
190086,north west,kano,garko,rural,934.0,2024,1070,guinea corn (sorghum),0.5605400204658508,1200.0,600000.0,600000.0,0.1401350051164627,0.1401350051164627,0.0,0.25,0.25,0.1401350051164627,0.1401350051164627,0.0,0.0,0.5705400202423334,0.5605400204658508,0.5605400204658508,0.0,0.0,0.0,25.0,0.0,0.0,0.0,2500.0,2.0,0.0,0.0,0.0,0.0,408000.0,0.0,0.0,16.0,6.0,0.0,22.0,2,2.0,2.0,26.057054474107037,49.60149542701768,96.2025,,,0.0,0.0,0.0,0.0,0.0
190087,north west,kano,garko,rural,934.0,2024,1070,guinea corn (sorghum),0.800000011920929,200.0,100000.0,100000.0,0.4000000059604645,0.4000000059604645,0.0,0.5,0.5,0.4000000059604645,0.4000000059604645,0.0,0.0,1.9099615328013897,1.863510012626648,1.863510012626648,0.0,0.0,0.0,0.0,0.0,0.0,0.0,0.0,2.0,0.0,0.0,0.0,0.0,330000.0,0.0,0.0,3.0,1.0,0.0,4.0,2,2.0,4.0,26.057054474107037,49.60149542701768,96.2025,,,0.0,0.0,0.0,0.0,0.0
190088,north west,kano,garko,rural,934.0,2024,1070,guinea corn (sorghum),0.4093780070543289,689.0,344500.0,344500.0,0.3015580028295517,0.3015580028295517,0.0,2.333333343267441,2.333333343267441,0.3015580028295517,0.3015580028295517,0.0,0.0,0.415378007106483,0.4093780070543289,0.4093780070543289,0.0,0.0,0.0,0.0,0.0,0.0,0.0,0.0,1.0,0.0,0.0,0.0,0.0,499200.0,0.0,0.0,15.0,4.0,0.0,19.0,2,2.0,3.0,26.057054474107037,49.60149542701768,96.2025,,,0.0,0.0,0.0,0.0,0.0
190089,north west,kano,garko,rural,934.0,2024,1070,guinea corn (sorghum),0.58296999335289,596.25,298125.0,298125.0,0.16946320235729218,0.16946320235729218,0.0,0.5961290597915649,0.6287664175033569,0.16946320235729218,0.16946320235729218,0.0,0.0,1.0281245969235897,0.58296999335289,0.58296999335289,10.281,0.0,0.0,0.0,0.0,22.35,22.35,0.0,4.0,4.0,1.0,0.0,0.0,1734000.0,0.0,0.0,4.0,9.0,0.0,13.0,2,2.0,2.0,26.057054474107037,49.60149542701768,96.2025,,,0.0,0.0,0.0,0.0,0.0
190090,north west,kano,garko,rural,934.0,2024,1070,guinea corn (sorghum),2.1406640261411667,900.0,450000.0,450000.0,0.5826860745437443,0.5826860745437443,0.0,1.171641810797155,1.171641810797155,0.5786593481898308,0.5786593481898308,0.0,0.0,2.1481640259735286,2.1406640261411667,2.1406640261411667,0.0,0.0,0.0,0.0,0.0,0.0,0.0,0.0,0.0,0.0,0.0,0.0,0.0,480000.0,0.0,0.0,33.0,0.0,0.0,33.0,2,2.0,2.0,26.057054474107037,49.60149542701768,96.2025,,,0.0,0.0,0.0,0.0,0.0
190131,north west,kano,dawakin tofa,rural,808.0,2024,1070,guinea corn (sorghum),0.8093720078468323,900.0,450000.0,450000.0,0.37470924854278564,0.37470924854278564,0.0,0.46296295523643494,0.46296295523643494,0.37470924854278564,0.37470924854278564,0.0,0.0,0.8293720073997974,0.8093720078468323,0.8093720078468323,0.0,0.0,0.0,0.0,0.0,0.0,0.0,0.0,0.0,0.0,0.0,0.0,0.0,412500.0,480000.0,0.0,22.0,10.0,0.0,32.0,2,2.0,2.0,26.55906412532296,64.52221526442385,103.43658069024184,,,0.0,0.0,0.0,0.0,0.0
190134,north west,kano,dawakin tofa,rural,808.0,2024,1070,guinea corn (sorghum),0.3008100092411041,400.0,200000.0,200000.0,0.15040500462055206,0.15040500462055206,0.0,0.5,0.5,0.15040500462055206,0.15040500462055206,0.0,0.0,1.5824659960344434,1.577465996146202,1.577465996146202,54.75,13.5,12.375,15.0,112.5,75.0,187.5,1500.0,5.0,4.0,1.0,0.0,0.0,278000.0,1800000.0,0.0,21.0,9.0,0.0,30.0,2,2.0,7.0,26.55906412532296,64.52221526442385,103.43658069024184,,,0.0,0.0,0.0,0.0,0.0
190135,north west,kano,dawakin tofa,rural,808.0,2024,1070,guinea corn (sorghum),0.20220999419689178,79.5,39750.0,39750.0,0.050552498549222946,0.050552498549222946,0.0,0.25,0.25773194432258606,0.050552498549222946,0.050552498549222946,0.0,0.0,0.24866151437163353,0.20220999419689178,0.20220999419689178,0.0,0.0,0.0,0.0,0.0,0.0,0.0,0.0,0.0,0.0,0.0,0.0,0.0,96000.0,7500.0,0.0,7.0,2.0,0.0,9.0,2,2.0,2.0,26.55906412532296,64.52221526442385,103.43658069024184,,,0.0,0.0,0.0,0.0,0.0
190136,north west,kano,dawakin tofa,rural,808.0,2024,1070,guinea corn (sorghum),0.9090160056948662,450.0,225000.0,225000.0,0.2561190016567707,0.2561190016567707,0.0,1.0,1.0,0.2561190016567707,0.2561190016567707,0.0,0.0,0.9554675258696079,0.9090160056948662,0.9090160056948662,0.0,0.0,0.0,0.0,0.0,0.0,0.0,0.0,0.0,0.0,0.0,0.0,0.0,798000.0,0.0,0.0,16.0,2.0,0.0,18.0,2,2.0,4.0,26.55906412532296,64.52221526442385,103.43658069024184,,,0.0,0.0,0.0,0.0,0.0
190137,north west,kano,dawakin tofa,rural,808.0,2024,1070,guinea corn (sorghum),0.2198300063610077,72.25,36125.0,36125.0,0.10991500318050385,0.10991500318050385,0.0,0.5,0.5,0.10991500318050385,0.10991500318050385,0.0,0.0,0.22583000641316175,0.2198300063610077,0.2198300063610077,0.0,0.0,0.0,5.0,0.0,0.0,0.0,500.0,0.0,0.0,0.0,0.0,0.0,56400.0,0.0,0.0,7.0,0.0,0.0,7.0,2,2.0,2.0,26.55906412532296,64.52221526442385,103.43658069024184,,,0.0,0.0,0.0,0.0,0.0
190138,north west,kano,dawakin tofa,rural,808.0,2024,1070,guinea corn (sorghum),0.2762700021266937,300.0,150000.0,150000.0,0.06380369514226913,0.06380369514226913,0.0,0.230946883559227,0.230946883559227,0.06380369514226913,0.06380369514226913,0.0,0.0,0.6859560059383512,0.6809560060501099,0.6809560060501099,0.0,0.0,0.0,0.0,0.0,0.0,0.0,0.0,0.0,0.0,0.0,0.0,0.0,192000.0,5000.0,0.0,27.0,0.0,0.0,27.0,2,2.0,2.0,26.55906412532296,64.52221526442385,103.43658069024184,,,0.0,0.0,0.0,0.0,0.0
190139,north west,kano,dawakin tofa,rural,808.0,2024,1070,guinea corn (sorghum),0.3273099958896637,500.0,250000.0,250000.0,0.16365499794483185,0.16365499794483185,0.0,0.5,0.5,0.16365499794483185,0.16365499794483185,0.0,0.0,0.5889670001342893,0.5819669999182224,0.5819669999182224,18.8752,4.0703998,3.7311997,2.0,33.92,27.76,61.68,200.0,0.0,0.0,1.0,0.0,0.0,0.0,1440000.0,0.0,9.0,2.0,0.0,11.0,2,2.0,5.0,26.55906412532296,64.52221526442385,103.43658069024184,,,0.0,0.0,0.0,0.0,0.0
190162,north west,kano,gwarzo,rural,366.0,2024,1070,guinea corn (sorghum),2.2257730960845947,1700.0,850000.0,850000.0,1.4669868052005768,1.4669868052005768,0.0,1.25,1.25,1.4669868052005768,1.4669868052005768,0.0,0.0,2.401094611734152,2.35464309155941,2.35464309155941,77.5,21.0,19.25,15.0,175.0,100.0,275.0,1500.0,0.0,0.0,1.0,0.0,0.0,0.0,12000.0,0.0,7.0,5.0,0.0,12.0,2,2.0,3.0,26.55906412532296,64.52221526442385,103.43658069024184,,,0.0,0.0,0.0,0.0,0.0
190163,north west,kano,gwarzo,rural,366.0,2024,1070,guinea corn (sorghum),0.2276100069284439,200.0,100000.0,100000.0,0.06452010199427605,0.06452010199427605,0.0,0.5800000131130219,0.5833333432674408,0.0,0.0,0.0,0.0,0.27406152710318565,0.2276100069284439,0.2276100069284439,14.1564,3.0528,2.7984,0.0,25.439999,20.82,46.26,0.0,0.0,0.0,1.0,0.0,0.0,0.0,72000.0,0.0,17.0,0.0,0.0,17.0,2,2.0,2.0,26.55906412532296,64.52221526442385,103.43658069024184,,,0.0,0.0,0.0,0.0,0.0
190164,north west,kano,gwarzo,rural,366.0,2024,1070,guinea corn (sorghum),1.6548999845981598,400.0,200000.0,200000.0,0.7135283350944519,0.7135283350944519,0.0,1.3333333432674408,1.3333333432674408,0.7135283350944519,0.7135283350944519,0.0,0.0,1.6608999846503139,1.6548999845981598,1.6548999845981598,64.0,12.0,11.0,0.0,100.0,100.0,200.0,0.0,0.0,0.0,1.0,0.0,0.0,0.0,0.0,0.0,14.0,6.0,0.0,20.0,2,2.0,2.0,26.55906412532296,64.52221526442385,103.43658069024184,,,0.0,0.0,0.0,0.0,0.0
190167,north west,kano,gwarzo,rural,366.0,2024,1070,guinea corn (sorghum),0.3969799876213074,349.8000183105469,174900.015625,145200.0,0.29773497581481934,0.29773497581481934,0.0,0.75,0.75,0.29773497581481934,0.29773497581481934,36300.0,87.45000457763672,0.6437715105712414,0.5973199903964996,0.5973199903964996,0.0,0.0,0.0,77.0,0.0,0.0,0.0,7700.0,0.0,0.0,0.0,0.0,0.0,150000.0,0.0,0.0,10.0,3.0,0.0,13.0,2,1.0,1.0,26.55906412532296,64.52221526442385,103.43658069024184,,,0.0,0.0,0.0,0.0,0.0
190168,north west,kaduna,zaria,rural,0.0,2024,1070,guinea corn (sorghum),0.13935455679893494,200.0,70000.0,70000.0,0.06967727839946747,0.06967727839946747,0.0,0.5,0.5,0.06967727839946747,0.06967727839946747,0.0,0.0,0.5610975585877895,0.5610975585877895,0.5610975585877895,44.564,7.7520003,7.1060004,0.0,64.600006,71.6,136.2,0.0,0.0,6.0,1.0,0.0,0.0,312000.0,0.0,0.0,5.0,3.0,0.0,8.0,2,1.0,3.0,26.55906412532296,64.52221526442385,103.43658069024184,,,0.0,0.0,0.0,0.0,0.0
190172,north west,kano,madobi,rural,526.0,2024,1070,guinea corn (sorghum),0.046629998832941055,100.0,50000.0,50000.0,0.033307142555713654,0.033307142555713654,0.0,0.7142857313156128,0.7142857313156128,0.0,0.0,0.0,0.0,0.17243951559066772,0.12598799541592598,0.12598799541592598,0.0,0.0,0.0,0.0,0.0,0.0,0.0,0.0,0.0,0.0,0.0,0.0,0.0,960800.0,14750.0,0.0,37.0,9.0,0.0,46.0,2,2.0,2.0,26.55906412532296,64.52221526442385,103.43658069024184,,,0.0,0.0,0.0,0.0,0.0
190173,north west,kano,madobi,rural,526.0,2024,1070,guinea corn (sorghum),0.019689999520778656,79.5,39750.0,39750.0,0.012995400466024876,0.012995400466024876,0.0,0.6600000262260437,0.6666666865348816,0.0,0.0,0.0,0.0,0.029689999297261238,0.019689999520778656,0.019689999520778656,0.0,0.0,0.0,0.0,0.0,0.0,0.0,0.0,0.0,0.0,0.0,0.0,0.0,1284400.0,1840000.0,0.0,9.0,0.0,0.0,9.0,2,2.0,2.0,26.55906412532296,64.52221526442385,103.43658069024184,,,0.0,0.0,0.0,0.0,0.0
190174,north west,kano,madobi,rural,526.0,2024,1070,guinea corn (sorghum),0.6033599823713303,400.0,200000.0,200000.0,0.14478724822402,0.14478724822402,0.0,0.5210727751255035,0.5210727900266647,0.14478724822402,0.14478724822402,0.0,0.0,0.6962630227208138,0.6033599823713303,0.6033599823713303,32.0,6.0,5.5,0.0,50.0,50.0,100.0,0.0,0.0,0.0,1.0,0.0,0.0,172500.0,420000.0,0.0,38.0,1.0,66.0,105.0,2,1.0,1.0,26.55906412532296,64.52221526442385,103.43658069024184,,,0.0,0.0,0.0,0.0,0.0
190175,north west,kano,madobi,rural,526.0,2024,1070,guinea corn (sorghum),0.11413699761033058,300.0,150000.0,150000.0,0.05706849880516529,0.05706849880516529,0.0,1.0,1.0,0.0,0.0,0.0,0.0,0.2264469969086349,0.2224469967186451,0.2224469967186451,0.0,0.0,0.0,0.0,0.0,0.0,0.0,0.0,0.0,0.0,0.0,0.0,0.0,0.0,0.0,0.0,7.0,2.0,0.0,9.0,2,2.0,2.0,26.55906412532296,64.52221526442385,103.43658069024184,,,0.0,0.0,0.0,0.0,0.0
190176,north west,kano,madobi,rural,526.0,2024,1070,guinea corn (sorghum),0.3027600049972534,500.0,250000.0,250000.0,0.07569000124931335,0.07569000124931335,0.0,0.25,0.25,0.07569000124931335,0.07569000124931335,0.0,0.0,0.3956630453467369,0.3027600049972534,0.3027600049972534,0.0,0.0,0.0,0.0,0.0,0.0,0.0,0.0,0.0,0.0,0.0,0.0,0.0,157200.0,0.0,0.0,25.0,2.0,0.0,27.0,2,2.0,2.0,26.55906412532296,64.52221526442385,103.43658069024184,,,0.0,0.0,0.0,0.0,0.0
190178,north west,kano,madobi,rural,0.0,2024,1070,guinea corn (sorghum),0.06627999991178513,200.0,70000.0,70000.0,0.01656999997794628,0.01656999997794628,0.0,0.25,0.25,0.0,0.0,0.0,0.0,0.07328000012785196,0.06627999991178513,0.06627999991178513,9.360001,2.1,1.925,5.0,17.5,13.5,31.0,500.0,1.0,0.0,1.0,0.0,0.0,271000.0,7500.0,0.0,31.0,1.0,0.0,32.0,2,2.0,2.0,26.55906412532296,64.52221526442385,103.43658069024184,,,0.0,0.0,0.0,0.0,0.0
190179,north west,kano,madobi,rural,526.0,2024,1070,guinea corn (sorghum),0.1396300047636032,115.60000610351562,57800.00390625,57800.00390625,0.048870500177145004,0.048870500177145004,0.0,0.3499999940395355,0.3499999940395355,0.0,0.0,0.0,0.0,0.42569152638316154,0.3792400062084198,0.3792400062084198,0.0,0.0,0.0,0.0,0.0,0.0,0.0,0.0,0.0,0.0,0.0,0.0,0.0,72000.0,0.0,0.0,12.0,1.0,0.0,13.0,2,1.0,1.0,26.55906412532296,64.52221526442385,103.43658069024184,,,0.0,0.0,0.0,0.0,0.0
190180,north west,kano,madobi,rural,526.0,2024,1070,guinea corn (sorghum),0.07835099846124649,300.0,150000.0,150000.0,0.039175499230623245,0.039175499230623245,0.0,0.5,0.5,0.0,0.0,0.0,0.0,0.12480251863598824,0.07835099846124649,0.07835099846124649,0.0,0.0,0.0,0.0,0.0,0.0,0.0,0.0,0.0,0.0,0.0,0.0,0.0,1266000.0,0.0,12000.0,28.0,0.0,0.0,28.0,2,2.0,2.0,26.55906412532296,64.52221526442385,103.43658069024184,,,0.0,0.0,0.0,0.0,0.0
190192,north west,kano,kibiya,rural,284.0,2024,1070,guinea corn (sorghum),0.8093720078468323,344.5,172250.0,172250.0,0.40468600392341614,0.40468600392341614,0.0,1.0,1.0,0.40468600392341614,0.40468600392341614,0.0,0.0,1.079152005724609,1.0731520056724548,1.0731520056724548,20.331799,6.1056,5.5968,90.0,50.879997,24.29,75.17,9000.0,0.0,0.0,1.0,0.0,0.0,295350.0,960000.0,0.0,39.0,0.0,0.0,39.0,2,2.0,2.0,26.55906412532296,64.52221526442385,103.43658069024184,,,0.0,0.0,0.0,0.0,0.0
190193,north west,kano,kibiya,rural,284.0,2024,1070,guinea corn (sorghum),1.4000000059604645,600.0,300000.0,300000.0,0.2500000037252903,0.2500000037252903,0.0,0.5500000007450581,0.5500000007450581,0.2500000037252903,0.2500000037252903,0.0,0.0,1.7964515201747417,1.75,1.75,57.5,0.0,0.0,15.0,0.0,125.0,125.0,1500.0,2.0,2.0,1.0,0.0,0.0,168000.0,0.0,0.0,7.0,2.0,0.0,9.0,2,2.0,2.0,26.55906412532296,64.52221526442385,103.43658069024184,,,0.0,0.0,0.0,0.0,0.0
190194,north west,kano,kibiya,rural,284.0,2024,1070,guinea corn (sorghum),0.21892400458455086,212.0,106000.0,106000.0,0.06270950101315975,0.06270950101315975,0.0,0.75,0.75,0.0,0.0,0.0,0.0,0.2489240039139986,0.21892400458455086,0.21892400458455086,9.4376,2.0351999,1.8655999,0.0,16.96,13.88,30.84,0.0,0.0,0.0,1.0,0.0,0.0,46500.0,1530000.0,0.0,16.0,5.0,0.0,21.0,2,2.0,2.0,26.55906412532296,64.52221526442385,103.43658069024184,,,0.0,0.0,0.0,0.0,0.0
190199,north west,kano,kibiya,rural,284.0,2024,1070,guinea corn (sorghum),1.3163299858570099,500.0,250000.0,250000.0,0.4090825095772743,0.4090825095772743,0.0,0.5800000131130219,0.5833333432674408,0.4090825095772743,0.4090825095772743,0.0,0.0,1.5738199837505817,1.5538199841976166,1.5538199841976166,55.0,6.0,5.5,0.0,50.0,100.0,150.0,0.0,0.0,0.0,1.0,0.0,0.0,132000.0,20250.0,0.0,10.0,11.0,0.0,21.0,2,2.0,2.0,26.55906412532296,64.52221526442385,103.43658069024184,,,0.0,0.0,0.0,0.0,0.0
190200,north west,kano,kibiya,rural,284.0,2024,1070,guinea corn (sorghum),0.1253499984741211,143.0550079345703,71527.5078125,71527.5078125,0.01253500021994114,0.01253500021994114,0.0,0.10000000149011612,0.10000000149011612,0.0,0.0,0.0,0.0,1.5989015735685825,1.5524500533938408,1.5524500533938408,114.0,30.0,27.5,1905.0,250.0,150.0,400.0,190500.0,0.0,0.0,1.0,0.0,0.0,0.0,0.0,0.0,7.0,6.0,0.0,13.0,2,2.0,2.0,26.55906412532296,64.52221526442385,103.43658069024184,,,0.0,0.0,0.0,0.0,0.0
199001,north west,kano,dawakin kudu,rural,1684.0,2024,1070,guinea corn (sorghum),0.5504400134086609,1500.0,750000.0,750000.0,0.4128299951553345,0.4128299951553345,0.0,0.75,0.75,0.4128299951553345,0.4128299951553345,0.0,0.0,0.5574400136247277,0.5504400134086609,0.5504400134086609,23.0,0.0,0.0,125.0,0.0,50.0,50.0,12500.0,0.0,0.0,1.0,0.0,0.0,3050100.0,0.0,0.0,11.0,0.0,0.0,11.0,2,2.0,2.0,26.55906412532296,64.52221526442385,103.43658069024184,,,0.0,0.0,0.0,0.0,0.0
199002,north west,kano,dawakin kudu,rural,1684.0,2024,1070,guinea corn (sorghum),0.4265599995851517,328.6000061035156,164300.0,164300.0,0.12820080295205116,0.12820080295205116,0.0,0.5800000131130219,0.6345381438732147,0.08893830329179764,0.08893830329179764,0.0,0.0,0.4730115197598934,0.4265599995851517,0.4265599995851517,2.2896,1.5264,1.3992,30.0,12.719999,0.0,12.719999,3000.0,4.0,0.0,1.0,0.0,0.0,363000.0,0.0,0.0,12.0,0.0,0.0,12.0,2,2.0,2.0,26.55906412532296,64.52221526442385,103.43658069024184,,,0.0,0.0,0.0,0.0,0.0
199004,north west,kano,dawakin kudu,rural,1684.0,2024,1070,guinea corn (sorghum),0.2153400033712387,200.0,100000.0,100000.0,0.023926667869091034,0.023926667869091034,0.0,0.1111111119389534,0.1111111119389534,0.0,0.0,0.0,0.0,0.21834000339731574,0.2153400033712387,0.2153400033712387,32.0,6.0,5.5,0.0,50.0,50.0,100.0,0.0,0.0,0.0,1.0,0.0,0.0,88000.0,900000.0,0.0,7.0,13.0,0.0,20.0,2,2.0,2.0,26.55906412532296,64.52221526442385,103.43658069024184,,,0.0,0.0,0.0,0.0,0.0
199005,north west,kano,dawakin kudu,rural,1684.0,2024,1070,guinea corn (sorghum),0.4538699984550476,800.0,400000.0,400000.0,0.1497770994901657,0.1497770994901657,0.0,0.33000001311302185,0.3333333432674408,0.1497770994901657,0.1497770994901657,0.0,0.0,0.5203215181827545,0.4538699984550476,0.4538699984550476,23.0,0.0,0.0,0.0,0.0,50.0,50.0,0.0,0.0,0.0,1.0,0.0,0.0,1185600.0,0.0,0.0,41.0,5.0,0.0,46.0,2,3.0,3.0,26.55906412532296,64.52221526442385,103.43658069024184,,,0.0,0.0,0.0,0.0,0.0
199006,north west,kano,dawakin kudu,rural,1684.0,2024,1070,guinea corn (sorghum),0.21309000253677368,200.0,100000.0,100000.0,0.14063940942287445,0.14063940942287445,0.0,0.6600000262260437,0.6666666865348816,0.14063940942287445,0.14063940942287445,0.0,0.0,0.6727115325629711,0.6262600123882294,0.6262600123882294,0.0,0.0,0.0,0.0,0.0,0.0,0.0,0.0,2.0,2.0,0.0,0.0,0.0,1140000.0,0.0,0.0,27.0,2.0,0.0,29.0,2,2.0,2.0,26.55906412532296,64.52221526442385,103.43658069024184,,,0.0,0.0,0.0,0.0,0.0
199007,north west,kano,dawakin kudu,rural,1684.0,2024,1070,guinea corn (sorghum),0.19446000456809998,400.0,200000.0,200000.0,0.14584499597549438,0.14584499597549438,0.0,0.75,0.75,0.14584499597549438,0.14584499597549438,0.0,0.0,1.0943900095298886,1.0893900096416473,1.0893900096416473,61.5,18.0,16.5,100.0,150.0,75.0,225.0,10000.0,0.0,0.0,1.0,0.0,0.0,2316000.0,0.0,0.0,25.0,14.0,0.0,39.0,2,2.0,4.0,26.55906412532296,64.52221526442385,103.43658069024184,,,0.0,0.0,0.0,0.0,0.0
199008,north west,kano,dawakin kudu,rural,1684.0,2024,1070,guinea corn (sorghum),0.23100000619888306,84.80000305175781,42400.0,42400.0,0.11550000309944153,0.11550000309944153,0.0,0.5,0.5,0.11550000309944153,0.11550000309944153,0.0,0.0,0.23600000608712435,0.23100000619888306,0.23100000619888306,0.0,0.0,0.0,0.0,0.0,0.0,0.0,0.0,0.0,0.0,0.0,0.0,0.0,153600.0,20000.0,0.0,21.0,0.0,0.0,21.0,2,2.0,2.0,26.55906412532296,64.52221526442385,103.43658069024184,,,0.0,0.0,0.0,0.0,0.0
199012,north west,kano,dawakin kudu,rural,1684.0,2024,1070,guinea corn (sorghum),0.39232000708580017,79.5,39750.0,39750.0,0.17725300788879395,0.17725300788879395,0.0,0.4518072009086609,0.4518072009086609,0.17725300788879395,0.17725300788879395,0.0,0.0,0.6423200070858002,0.39232000708580017,0.39232000708580017,7.981,0.0,0.0,0.0,0.0,17.35,17.35,0.0,0.0,0.0,1.0,0.0,0.0,105600.0,0.0,0.0,16.0,9.0,0.0,25.0,2,2.0,2.0,26.55906412532296,64.52221526442385,103.43658069024184,,,0.0,0.0,0.0,0.0,0.0
199013,north west,kano,gwarzo,rural,596.0,2024,1070,guinea corn (sorghum),0.37296000123023987,200.0,100000.0,100000.0,0.1356218159198761,0.1356218159198761,0.0,0.3636363744735718,0.3636363744735718,0.1356218159198761,0.1356218159198761,0.0,0.0,0.37796000111848116,0.37296000123023987,0.37296000123023987,0.0,0.0,0.0,0.0,0.0,0.0,0.0,0.0,0.0,0.0,0.0,0.0,0.0,132000.0,0.0,0.0,2.0,8.0,1.0,11.0,2,3.0,3.0,26.55906412532296,64.52221526442385,103.43658069024184,,,0.0,0.0,0.0,0.0,0.0
199018,north west,kano,gwarzo,rural,596.0,2024,1070,guinea corn (sorghum),0.40468600392341614,100.0,50000.0,50000.0,0.10117150098085403,0.10117150098085403,0.0,0.25,0.25,0.10117150098085403,0.10117150098085403,0.0,0.0,0.4146860036998987,0.40468600392341614,0.40468600392341614,0.0,0.0,0.0,0.0,0.0,0.0,0.0,0.0,0.0,0.0,0.0,0.0,0.0,144000.0,0.0,0.0,24.0,6.0,0.0,30.0,2,2.0,2.0,26.55906412532296,64.52221526442385,103.43658069024184,,,0.0,0.0,0.0,0.0,0.0
199019,north west,kano,gwarzo,rural,596.0,2024,1070,guinea corn (sorghum),0.09290304034948349,159.0,79500.0,79500.0,0.037161216139793396,0.037161216139793396,0.0,0.4000000059604645,0.4000000059604645,0.0,0.0,0.0,0.0,0.13935456052422523,0.09290304034948349,0.09290304034948349,0.0,0.0,0.0,0.0,0.0,0.0,0.0,0.0,0.0,0.0,0.0,0.0,0.0,1152000.0,0.0,0.0,6.0,1.0,0.0,7.0,2,2.0,2.0,26.55906412532296,64.52221526442385,103.43658069024184,,,0.0,0.0,0.0,0.0,0.0
199022,north west,kano,gwarzo,rural,596.0,2024,1070,guinea corn (sorghum),0.20234300196170807,200.0,100000.0,96000.0,0.05058575049042702,0.05058575049042702,0.0,0.25,0.25,0.05058575049042702,0.05058575049042702,48000.0,100.0,36.26033402979374,0.20234300196170807,0.20234300196170807,0.0,0.0,0.0,0.0,0.0,0.0,0.0,0.0,0.0,0.0,0.0,0.0,0.0,957000.0,0.0,0.0,4.0,0.0,0.0,4.0,2,2.0,2.0,26.55906412532296,64.52221526442385,103.43658069024184,,,0.0,0.0,0.0,0.0,0.0
199025,north west,kano,kiru,rural,356.0,2024,1070,guinea corn (sorghum),0.9206560105085373,1200.0,600000.0,600000.0,0.316433884203434,0.316433884203434,0.0,1.0800000131130219,1.1126373708248138,0.316433884203434,0.316433884203434,0.0,0.0,0.967107530683279,0.9206560105085373,0.9206560105085373,84.5,18.0,16.5,26.5,150.0,125.0,275.0,2650.0,0.0,0.0,1.0,0.0,0.0,1512000.0,720000.0,0.0,16.0,8.0,0.0,24.0,2,2.0,4.0,26.55906412532296,64.52221526442385,103.43658069024184,,,0.0,0.0,0.0,0.0,0.0
199027,north west,kano,kiru,rural,356.0,2024,1070,guinea corn (sorghum),0.29203999042510986,300.0,150000.0,150000.0,0.13141798973083496,0.13141798973083496,0.0,0.44999998807907104,0.44999998807907104,0.13141798973083496,0.13141798973083496,0.0,0.0,0.4611859954893589,0.41618599370121956,0.41618599370121956,73.0,18.0,16.5,0.0,150.0,100.0,250.0,0.0,0.0,6.0,1.0,0.0,0.0,745200.0,0.0,0.0,3.0,6.0,2.0,11.0,2,2.0,3.0,26.55906412532296,64.52221526442385,103.43658069024184,,,0.0,0.0,0.0,0.0,0.0
199030,north west,kano,kiru,rural,356.0,2024,1070,guinea corn (sorghum),0.20234300196170807,400.0,200000.0,200000.0,0.20234300196170807,0.20234300196170807,0.0,1.0,1.0,0.20234300196170807,0.20234300196170807,0.0,0.0,0.5279130111448467,0.5239130109548569,0.5239130109548569,32.0,6.0,5.5,10.0,50.0,50.0,100.0,1000.0,0.0,0.0,1.0,0.0,0.0,402400.0,0.0,0.0,14.0,4.0,0.0,18.0,2,2.0,2.0,26.55906412532296,64.52221526442385,103.43658069024184,,,0.0,0.0,0.0,0.0,0.0
199031,north west,kano,kiru,rural,356.0,2024,1070,guinea corn (sorghum),0.2132599949836731,500.0,250000.0,250000.0,0.10662999749183655,0.10662999749183655,0.0,0.5,0.5,0.10662999749183655,0.10662999749183655,0.0,0.0,0.621945999097079,0.6179459989070892,0.6179459989070892,41.00046,12.0,11.0,20.0,100.0,50.001,150.001,2000.0,2.0,2.0,1.0,0.0,0.0,0.0,0.0,0.0,14.0,9.0,0.0,23.0,2,2.0,4.0,26.55906412532296,64.52221526442385,103.43658069024184,,,0.0,0.0,0.0,0.0,0.0
199032,north west,kano,kiru,rural,356.0,2024,1070,guinea corn (sorghum),0.2111400067806244,300.0,150000.0,150000.0,0.1583549976348877,0.1583549976348877,0.0,0.75,0.75,0.1583549976348877,0.1583549976348877,0.0,0.0,0.2845930028706789,0.2745930030941963,0.2745930030941963,23.0,0.0,0.0,5.0,0.0,50.0,50.0,500.0,0.5,0.0,1.0,0.0,0.0,0.0,420000.0,0.0,9.0,2.0,0.0,11.0,2,2.0,2.0,26.55906412532296,64.52221526442385,103.43658069024184,,,0.0,0.0,0.0,0.0,0.0
199033,north west,kano,kiru,rural,356.0,2024,1070,guinea corn (sorghum),0.22673000395298004,662.5,331250.0,331250.0,0.15190911293029785,0.15190911293029785,0.0,0.6700000166893005,0.6700000166893005,0.15190911293029785,0.15190911293029785,0.0,0.0,0.508581530302763,0.46213001012802124,0.46213001012802124,41.0,12.0,11.0,7.0,100.0,50.0,150.0,700.0,0.0,2.0,1.0,0.0,0.0,420000.0,0.0,0.0,39.0,2.0,0.0,41.0,2,2.0,2.0,26.55906412532296,64.52221526442385,103.43658069024184,,,0.0,0.0,0.0,0.0,0.0
199034,north west,kano,kiru,rural,356.0,2024,1070,guinea corn (sorghum),0.1587900072336197,662.5,331250.0,331250.0,0.1587900072336197,0.1587900072336197,0.0,1.0,1.0,0.1587900072336197,0.1587900072336197,0.0,0.0,0.3383670449256897,0.2454640045762062,0.2454640045762062,105.0,24.0,22.0,80.0,200.0,150.0,350.0,8000.0,0.0,3.0,1.0,0.0,0.0,57200.0,0.0,0.0,5.0,4.0,1.0,10.0,2,2.0,2.0,26.55906412532296,64.52221526442385,103.43658069024184,,,0.0,0.0,0.0,0.0,0.0
199036,north west,kano,kiru,rural,356.0,2024,1070,guinea corn (sorghum),0.39416998624801636,300.0,150000.0,150000.0,0.19708499312400818,0.19708499312400818,0.0,0.5,0.5,0.19708499312400818,0.19708499312400818,0.0,0.0,0.769779987167567,0.7657799869775772,0.7657799869775772,93.315,13.0176,11.9328,22.5,108.479996,160.41,281.89,2250.0,0.0,4.0,1.0,0.0,0.0,876000.0,0.0,0.0,3.0,4.0,0.0,7.0,2,2.0,4.0,26.55906412532296,64.52221526442385,103.43658069024184,,,0.0,0.0,0.0,0.0,0.0
199048,north west,kano,kura,rural,622.0,2024,1070,guinea corn (sorghum),1.0,1300.0,650000.0,455000.0,0.3333333432674408,0.3333333432674408,0.0,0.3333333432674408,0.3333333432674408,0.3333333432674408,0.3333333432674408,175000.0,500.0,3.0049999998882413,3.0,3.0,320.0,60.0,55.0,10.0,500.0,500.0,1000.0,1000.0,0.0,12.0,1.0,0.0,0.0,98000.0,0.0,0.0,4.0,65.0,0.0,69.0,2,2.0,3.0,26.55906412532296,64.52221526442385,103.43658069024184,,,0.0,0.0,0.0,0.0,0.0
199051,north west,kano,makoda,rural,108.0,2024,1070,guinea corn (sorghum),0.37481001019477844,530.0,265000.0,170000.0,0.28110751509666443,0.28110751509666443,0.0,0.75,0.75,0.28110751509666443,0.28110751509666443,34000.0,106.0,0.6857900070026517,0.6807900071144104,0.6807900071144104,0.0,0.0,0.0,0.0,0.0,0.0,0.0,0.0,0.0,0.0,0.0,0.0,0.0,0.0,7000.0,0.0,17.0,10.0,6.0,33.0,2,2.0,2.0,26.55906412532296,64.52221526442385,103.43658069024184,,,0.0,0.0,0.0,0.0,0.0
199052,north west,kano,makoda,rural,108.0,2024,1070,guinea corn (sorghum),0.30118000507354736,700.0,350000.0,350000.0,0.19877880811691284,0.19877880811691284,0.0,0.6600000262260437,0.6666666865348816,0.19877880811691284,0.19877880811691284,0.0,0.0,0.4987700032070279,0.4937700033187866,0.4937700033187866,0.0,0.0,0.0,0.0,0.0,0.0,0.0,0.0,0.0,0.0,0.0,0.0,0.0,180000.0,0.0,5000.0,10.0,4.0,0.0,14.0,2,2.0,3.0,26.55906412532296,64.52221526442385,103.43658069024184,,,0.0,0.0,0.0,0.0,0.0
199054,north west,kano,makoda,rural,108.0,2024,1070,guinea corn (sorghum),0.22511999309062958,700.0,350000.0,350000.0,0.11255999654531479,0.11255999654531479,0.0,0.5,0.5,0.11255999654531479,0.11255999654531479,0.0,0.0,0.23111999314278364,0.22511999309062958,0.22511999309062958,0.0,0.0,0.0,0.0,0.0,0.0,0.0,0.0,0.0,0.0,0.0,0.0,0.0,0.0,0.0,0.0,1.0,7.0,3.0,11.0,2,2.0,2.0,26.55906412532296,64.52221526442385,103.43658069024184,,,0.0,0.0,0.0,0.0,0.0
199055,north west,kano,makoda,rural,108.0,2024,1070,guinea corn (sorghum),0.9625899791717529,1060.0,530000.0,530000.0,0.62704998254776,0.62704998254776,0.0,2.0,2.0,0.62704998254776,0.62704998254776,0.0,0.0,0.968589979223907,0.9625899791717529,0.9625899791717529,0.0,0.0,0.0,0.0,0.0,0.0,0.0,0.0,0.0,0.0,0.0,0.0,0.0,150000.0,0.0,0.0,31.0,8.0,0.0,39.0,2,2.0,4.0,26.55906412532296,64.52221526442385,103.43658069024184,,,0.0,0.0,0.0,0.0,0.0
199058,north west,kano,makoda,rural,108.0,2024,1070,guinea corn (sorghum),0.21505999565124512,1378.0,689000.0,689000.0,0.16129499673843384,0.16129499673843384,0.0,0.75,0.75,0.16129499673843384,0.16129499673843384,0.0,0.0,0.5485015027225018,0.50204998254776,0.50204998254776,0.0,0.0,0.0,0.0,0.0,0.0,0.0,0.0,0.0,0.0,0.0,0.0,0.0,76000.0,0.0,0.0,6.0,17.0,0.0,23.0,2,1.0,2.0,26.55906412532296,64.52221526442385,103.43658069024184,,,0.0,0.0,0.0,0.0,0.0
199060,north west,kano,makoda,rural,108.0,2024,1070,guinea corn (sorghum),0.08185099810361862,300.0,150000.0,150000.0,0.08185099810361862,0.08185099810361862,0.0,1.0,1.0,0.08185099810361862,0.08185099810361862,0.0,0.0,0.4981285333633423,0.45167701318860054,0.45167701318860054,0.0,0.0,0.0,0.0,0.0,0.0,0.0,0.0,0.0,0.0,0.0,0.0,0.0,0.0,0.0,0.0,3.0,2.0,0.0,5.0,2,2.0,4.0,26.55906412532296,64.52221526442385,103.43658069024184,,,0.0,0.0,0.0,0.0,0.0
199061,north west,kano,rimin gado,rural,330.0,2024,1070,guinea corn (sorghum),1.1209420040249825,530.0000152587891,265000.0078125,200000.0,0.5604710020124912,0.5604710020124912,0.0,2.0,2.0,0.5147010013461113,0.5147010013461113,50000.0,132.5,1.1259420039132237,1.1209420040249825,1.1209420040249825,68.283,16.7904,15.391199,22.0,139.92,93.69,233.61,2200.0,3.5,0.0,1.0,0.0,0.0,124300.0,720000.0,0.0,6.0,2.0,0.0,8.0,2,2.0,2.0,26.55906412532296,64.52221526442385,103.43658069024184,,,0.0,0.0,0.0,0.0,0.0
199062,north west,kano,rimin gado,rural,330.0,2024,1070,guinea corn (sorghum),0.6826199889183044,0.0,0.0,0.0,0.1706549972295761,0.0,0.0,0.25,0.25,0.0,0.1706549972295761,0.0,0.0,0.6886199889704585,0.6826199889183044,0.6826199889183044,0.0,0.0,0.0,0.0,0.0,0.0,0.0,0.0,0.0,0.0,0.0,0.0,0.0,252000.0,0.0,0.0,3.0,4.0,0.0,7.0,2,2.0,2.0,26.55906412532296,64.52221526442385,103.43658069024184,,,0.0,0.0,0.0,0.0,0.0
199064,north west,kano,rimin gado,rural,330.0,2024,1070,guinea corn (sorghum),0.7388300150632858,1350.0,675000.0,675000.0,0.32232167571783066,0.32232167571783066,0.0,1.1666666865348816,1.1666666865348816,0.28235500678420067,0.28235500678420067,0.0,0.0,1.149516019038856,1.143516018986702,1.143516018986702,77.5,21.0,19.25,100.0,175.0,100.0,275.0,10000.0,0.0,0.0,1.0,0.0,0.0,396000.0,0.0,0.0,19.0,12.0,0.0,31.0,2,2.0,2.0,26.55906412532296,64.52221526442385,103.43658069024184,,,0.0,0.0,0.0,0.0,0.0
199065,north west,kano,rimin gado,rural,330.0,2024,1070,guinea corn (sorghum),0.45326000452041626,250.0,125000.0,125000.0,0.11331500113010406,0.11331500113010406,0.0,0.5,0.5,0.07447750121355057,0.07447750121355057,0.0,0.0,0.4592600045725703,0.45326000452041626,0.45326000452041626,0.0,0.0,0.0,75.0,0.0,0.0,0.0,7500.0,0.0,0.0,0.0,0.0,0.0,110000.0,0.0,0.0,8.0,4.0,0.0,12.0,2,2.0,2.0,26.55906412532296,64.52221526442385,103.43658069024184,,,0.0,0.0,0.0,0.0,0.0
199068,north west,kano,rimin gado,rural,330.0,2024,1070,guinea corn (sorghum),0.42559999227523804,400.0,200000.0,200000.0,0.14186666905879974,0.14186666905879974,0.0,0.3333333432674408,0.3333333432674408,0.14186666905879974,0.14186666905879974,0.0,0.0,0.8352859960868955,0.8302859961986542,0.8302859961986542,64.0,12.0,11.0,0.0,100.0,100.0,200.0,0.0,0.0,0.0,1.0,0.0,0.0,328800.0,234000.0,0.0,4.0,10.0,0.0,14.0,2,2.0,2.0,26.55906412532296,64.52221526442385,103.43658069024184,,,0.0,0.0,0.0,0.0,0.0
199069,north west,kano,rimin gado,rural,330.0,2024,1070,guinea corn (sorghum),0.16539999842643738,500.0,250000.0,250000.0,0.05458200350403786,0.05458200350403786,0.0,0.33000001311302185,0.39759036898612976,0.05458200350403786,0.05458200350403786,0.0,0.0,0.4420899972319603,0.3420899957418442,0.3420899957418442,4.7188,1.0175999,0.93279994,25.0,8.48,6.94,15.42,2500.0,0.0,2.0,1.0,0.0,0.0,558000.0,360000.0,0.0,16.0,6.0,0.0,22.0,2,2.0,3.0,26.55906412532296,64.52221526442385,103.43658069024184,,,0.0,0.0,0.0,0.0,0.0
199071,north west,kano,rimin gado,rural,330.0,2024,1070,guinea corn (sorghum),0.5435500144958496,200.0,100000.0,100000.0,0.2342887818813324,0.2342887818813324,0.0,0.4310344457626343,0.43103447556495667,0.2342887818813324,0.2342887818813324,0.0,0.0,0.555162894539535,0.5435500144958496,0.5435500144958496,9.0,6.0,5.5,10.0,50.0,0.0,50.0,1000.0,0.0,0.0,1.0,0.0,0.0,3300.0,0.0,0.0,5.0,6.0,40.0,51.0,2,1.0,1.0,26.55906412532296,64.52221526442385,103.43658069024184,,,0.0,0.0,0.0,0.0,0.0
199072,north west,kano,rimin gado,rural,330.0,2024,1070,guinea corn (sorghum),0.32197999954223633,200.0,100000.0,100000.0,0.08049499988555908,0.08049499988555908,0.0,0.25,0.25,0.08049499988555908,0.08049499988555908,0.0,0.0,0.5361099978908896,0.5211099982261658,0.5211099982261658,32.0,6.0,5.5,35.0,50.0,50.0,100.0,3500.0,0.0,0.0,1.0,0.0,0.0,1454400.0,744000.0,0.0,20.0,6.0,6.0,32.0,2,2.0,2.0,26.55906412532296,64.52221526442385,103.43658069024184,,,0.0,0.0,0.0,0.0,0.0
199073,north west,kano,tsanyawa,rural,648.0,2024,1070,guinea corn (sorghum),0.5304500013589859,203.0,101500.0,101500.0,0.2503325007855892,0.2503325007855892,0.0,0.75,0.8333333432674408,0.23544000089168549,0.23544000089168549,0.0,0.0,0.5604500006884336,0.5304500013589859,0.5304500013589859,32.0,6.0,5.5,30.0,50.0,50.0,100.0,3000.0,0.0,0.0,1.0,0.0,0.0,110400.0,720000.0,0.0,24.0,12.0,0.0,36.0,2,2.0,2.0,26.55906412532296,64.52221526442385,103.43658069024184,,,0.0,0.0,0.0,0.0,0.0
199074,north west,kano,tsanyawa,rural,648.0,2024,1070,guinea corn (sorghum),0.26071800105273724,300.0,150000.0,150000.0,0.08930866699665785,0.08930866699665785,0.0,1.1666666865348816,1.1666666865348816,0.06479333341121674,0.06479333341121674,0.0,0.0,0.2657180009409785,0.26071800105273724,0.26071800105273724,50.3804,10.176,9.327999,0.0,84.799995,76.340004,161.14,0.0,0.0,0.0,1.0,0.0,0.0,408000.0,30000.0,0.0,11.0,5.0,0.0,16.0,2,2.0,4.0,26.55906412532296,64.52221526442385,103.43658069024184,,,0.0,0.0,0.0,0.0,0.0
199075,north west,kano,tsanyawa,rural,648.0,2024,1070,guinea corn (sorghum),0.14973999559879303,500.0,250000.0,175000.0,0.09882839769124985,0.09882839769124985,0.0,0.6600000262260437,0.6666666865348816,0.09882839769124985,0.09882839769124985,70000.0,200.0,0.5402200017124414,0.5152200013399124,0.5152200013399124,107.5,18.0,16.5,20.0,150.0,175.0,325.0,2000.0,4.0,5.0,1.0,0.0,0.0,792000.0,0.0,0.0,10.0,24.0,0.0,34.0,2,2.0,2.0,26.55906412532296,64.52221526442385,103.43658069024184,,,0.0,0.0,0.0,0.0,0.0
199077,north west,kano,tsanyawa,rural,648.0,2024,1070,guinea corn (sorghum),0.7672060132026672,200.0,100000.0,100000.0,0.1736755073070526,0.1736755073070526,0.0,0.45000000298023224,0.45000000298023224,0.1736755073070526,0.1736755073070526,0.0,0.0,0.7722060130909085,0.7672060132026672,0.7672060132026672,34.5,0.0,0.0,8.0,0.0,75.0,75.0,800.0,0.0,0.0,1.0,0.0,0.0,123200.0,0.0,0.0,20.0,0.0,0.0,20.0,2,2.0,3.0,26.55906412532296,64.52221526442385,103.43658069024184,,,0.0,0.0,0.0,0.0,0.0
199078,north west,kano,tsanyawa,rural,648.0,2024,1070,guinea corn (sorghum),0.24355000257492065,212.0,106000.0,106000.0,0.12177500128746033,0.12177500128746033,0.0,0.5,0.5,0.12177500128746033,0.12177500128746033,0.0,0.0,0.36169000063091516,0.3546900004148483,0.3546900004148483,36.5,9.0,8.25,2.0,75.0,50.0,125.0,200.0,3.0,4.0,1.0,0.0,0.0,410300.0,0.0,0.0,9.0,5.0,0.0,14.0,2,2.0,2.0,26.55906412532296,64.52221526442385,103.43658069024184,,,0.0,0.0,0.0,0.0,0.0
199080,north west,kano,tsanyawa,rural,648.0,2024,1070,guinea corn (sorghum),0.9724700152873993,400.0,200000.0,200000.0,0.2539440989494324,0.2539440989494324,0.0,0.5227272808551788,0.5227272808551788,0.2539440989494324,0.2539440989494324,0.0,0.0,1.018921535462141,0.9724700152873993,0.9724700152873993,73.0,18.0,16.5,20.0,150.0,100.0,250.0,2000.0,1.0,1.0,1.0,0.0,0.0,720000.0,0.0,0.0,10.0,2.0,8.0,20.0,2,1.0,2.0,26.55906412532296,64.52221526442385,103.43658069024184,,,0.0,0.0,0.0,0.0,0.0
199081,north west,kano,tsanyawa,rural,648.0,2024,1070,guinea corn (sorghum),0.7916799783706665,159.0,79500.0,79500.0,0.19791999459266663,0.19791999459266663,0.0,0.25,0.25,0.19791999459266663,0.19791999459266663,0.0,0.0,1.0398099767044187,1.0348099768161774,1.0348099768161774,28.1292,5.5968,5.1303997,5.0,46.64,42.9,89.54,500.0,1.5,1.5,1.0,0.0,0.0,649000.0,0.0,0.0,7.0,7.0,0.0,14.0,2,2.0,2.0,26.55906412532296,64.52221526442385,103.43658069024184,,,0.0,0.0,0.0,0.0,0.0
199082,north west,kano,tsanyawa,rural,648.0,2024,1070,guinea corn (sorghum),0.8469659984111786,200.0,100000.0,100000.0,0.5152560025453568,0.40468600392341614,0.0,1.25,1.25,0.40468600392341614,0.5152560025453568,0.0,0.0,1.5176219986751676,1.5126219987869263,1.5126219987869263,62.6722,12.6144,11.5632,0.0,105.119995,95.11,200.23,0.0,0.0,0.0,1.0,0.0,0.0,960000.0,0.0,0.0,8.0,3.0,0.0,11.0,2,2.0,5.0,26.55906412532296,64.52221526442385,103.43658069024184,,,0.0,0.0,0.0,0.0,0.0
199083,north west,kano,tsanyawa,rural,648.0,2024,1070,guinea corn (sorghum),1.0817397832870483,121.9000015258789,60950.0,60950.0,0.35697415471076965,0.35697415471076965,0.0,0.33000001311302185,0.3333333432674408,0.35697415471076965,0.35697415471076965,0.0,0.0,1.12819130346179,1.0817397832870483,1.0817397832870483,18.8752,4.0703998,3.7311997,4.0,33.92,27.76,61.68,400.0,1.0,0.0,1.0,0.0,0.0,0.0,960000.0,0.0,3.0,9.0,0.0,12.0,2,2.0,2.0,26.55906412532296,64.52221526442385,103.43658069024184,,,0.0,0.0,0.0,0.0,0.0
199090,north west,kano,tudun wada,rural,1112.0,2024,1070,guinea corn (sorghum),0.08002399653196335,600.0,300000.0,240000.0,0.026407919824123383,0.026407919824123383,0.0,0.33000001311302185,0.3333333432674408,0.0,0.0,40000.0,100.0,0.09395945258438587,0.08002399653196335,0.08002399653196335,73.0,18.0,16.5,2.5,150.0,100.0,250.0,250.0,0.0,0.0,1.0,0.0,0.0,1335600.0,0.0,0.0,7.0,5.0,0.0,12.0,2,1.0,1.0,26.55906412532296,64.52221526442385,103.43658069024184,,,0.0,0.0,0.0,0.0,0.0
199091,north west,kano,tudun wada,rural,1112.0,2024,1070,guinea corn (sorghum),0.031021999195218086,100.0,50000.0,50000.0,0.015510999597609043,0.015510999597609043,0.0,0.5,0.5,0.0,0.0,0.0,0.0,0.03602199908345938,0.031021999195218086,0.031021999195218086,8.28,0.0,0.0,2.5,0.0,18.0,18.0,250.0,0.0,0.0,1.0,0.0,0.0,0.0,540000.0,0.0,5.0,0.0,0.0,5.0,2,2.0,2.0,26.55906412532296,64.52221526442385,103.43658069024184,,,0.0,0.0,0.0,0.0,0.0
199093,north west,kano,tudun wada,rural,1112.0,2024,1070,guinea corn (sorghum),0.40468600392341614,500.0,250000.0,250000.0,0.20234300196170807,0.20234300196170807,0.0,0.5,0.5,0.20234300196170807,0.20234300196170807,0.0,0.0,0.6639059958979487,0.6579059958457947,0.6579059958457947,18.0,12.0,11.0,35.0,100.0,0.0,100.0,3500.0,0.0,0.0,1.0,0.0,0.0,221000.0,0.0,0.0,23.0,0.0,0.0,23.0,2,2.0,2.0,26.55906412532296,64.52221526442385,103.43658069024184,,,0.0,0.0,0.0,0.0,0.0
199095,north west,kano,tudun wada,rural,1112.0,2024,1070,guinea corn (sorghum),0.11643999814987183,100.0,50000.0,50000.0,0.08732999861240387,0.08732999861240387,0.0,0.75,0.75,0.08732999861240387,0.08732999861240387,0.0,0.0,0.5626315288245678,0.516180008649826,0.516180008649826,32.0,6.0,5.5,10.0,50.0,50.0,100.0,1000.0,0.0,2.0,1.0,0.0,0.0,180000.0,0.0,0.0,31.0,0.0,0.0,31.0,2,2.0,3.0,26.55906412532296,64.52221526442385,103.43658069024184,,,0.0,0.0,0.0,0.0,0.0
199097,north west,kano,dawakin kudu,rural,1684.0,2024,1070,guinea corn (sorghum),0.18494999408721924,437.2500305175781,218625.015625,218625.015625,0.09247499704360962,0.09247499704360962,0.0,0.5,0.6024096012115479,0.09247499704360962,0.09247499704360962,0.0,0.0,0.7191999945789576,0.709199994802475,0.709199994802475,18.0,12.0,11.0,23.0,100.0,0.0,100.0,2300.0,7.0,0.0,1.0,0.0,0.0,234300.0,804000.0,0.0,19.0,0.0,0.0,19.0,2,2.0,4.0,26.55906412532296,64.52221526442385,103.43658069024184,,,0.0,0.0,0.0,0.0,0.0
200011,north west,katsina,kaita,rural,1134.0,2024,1070,guinea corn (sorghum),1.5082999467849731,318.0,127200.0,127200.0,0.3770749866962433,0.28280624747276306,0.0,0.25,0.25,0.28280624747276306,0.3770749866962433,0.0,0.0,1.5082999467849731,1.5082999467849731,1.5082999467849731,0.0,0.0,0.0,0.0,0.0,0.0,0.0,0.0,0.0,0.0,0.0,0.0,0.0,0.0,0.0,14000.0,30.0,2.0,14.0,46.0,2,1.0,1.0,26.45322509578544,46.65579474107033,84.22833333333334,,,0.0,0.0,0.0,0.0,0.0
200013,north west,katsina,kaita,rural,1134.0,2024,1070,guinea corn (sorghum),0.9929900169372559,800.0,320000.0,320000.0,0.29789701104164124,0.29789701104164124,0.0,0.30000001192092896,0.30000001192092896,0.29789701104164124,0.29789701104164124,0.0,0.0,1.0858930572867393,0.9929900169372559,0.9929900169372559,0.0,0.0,0.0,0.0,0.0,0.0,0.0,0.0,0.0,0.0,0.0,0.0,0.0,2368000.0,0.0,0.0,8.0,0.0,8.0,16.0,2,1.0,1.0,26.45322509578544,46.65579474107033,84.22833333333334,,,0.0,0.0,0.0,0.0,0.0
200014,north west,katsina,kaita,rural,1134.0,2024,1070,guinea corn (sorghum),0.2701900005340576,300.0,252000.0,252000.0,0.08916270732879639,0.08916270732879639,0.0,0.33000001311302185,0.3333333432674408,0.08916270732879639,0.08916270732879639,0.0,0.0,0.5099700037389994,0.4999700039625168,0.4999700039625168,0.0,0.0,0.0,0.0,0.0,0.0,0.0,0.0,0.0,0.0,0.0,0.0,0.0,27000.0,0.0,0.0,17.0,0.0,6.0,23.0,2,1.0,2.0,26.45322509578544,46.65579474107033,84.22833333333334,,,0.0,0.0,0.0,0.0,0.0
200016,north west,katsina,kaita,rural,1134.0,2024,1070,guinea corn (sorghum),0.9472399950027466,300.0,120000.0,120000.0,0.31612710654735565,0.31612710654735565,0.0,0.6700000166893005,0.6700000166893005,0.31612710654735565,0.31612710654735565,0.0,0.0,0.9572399947792292,0.9472399950027466,0.9472399950027466,0.0,0.0,0.0,0.0,0.0,0.0,0.0,0.0,0.0,0.0,0.0,0.0,0.0,114000.0,0.0,0.0,20.0,0.0,12.0,32.0,2,1.0,1.0,26.45322509578544,46.65579474107033,84.22833333333334,,,0.0,0.0,0.0,0.0,0.0
200020,north west,katsina,kaita,rural,1134.0,2024,1070,guinea corn (sorghum),0.36122000217437744,0.0,0.0,0.0,0.09030500054359436,0.0,0.0,0.25,0.25,0.0,0.09030500054359436,0.0,0.0,0.5635630041360855,0.36122000217437744,0.36122000217437744,0.0,0.0,0.0,0.0,0.0,0.0,0.0,0.0,0.0,0.0,0.0,0.0,0.0,16000.0,0.0,0.0,9.0,3.0,14.0,26.0,2,2.0,2.0,26.45322509578544,46.65579474107033,84.22833333333334,,,0.0,0.0,0.0,0.0,0.0
200071,north west,katsina,ingawa,rural,1746.0,2024,1070,guinea corn (sorghum),0.5662500262260437,400.0,160000.0,160000.0,0.5662500262260437,0.5662500262260437,0.0,1.0,1.0,0.5662500262260437,0.5662500262260437,0.0,0.0,0.7707715444266796,0.7243200242519379,0.7243200242519379,18.0,12.0,11.0,0.0,100.0,0.0,100.0,0.0,0.0,0.0,1.0,0.0,0.0,196000.0,0.0,0.0,47.0,0.0,0.0,47.0,2,1.0,2.0,25.804601934247927,48.93170294153998,103.1,2022.0,katsina communal militia (nigeria),1.0,0.0,0.0,1.0,0.0
200072,north west,katsina,ingawa,rural,1746.0,2024,1070,guinea corn (sorghum),0.19166000187397003,300.0,252000.0,252000.0,0.19166000187397003,0.19166000187397003,0.0,1.0,1.0,0.19166000187397003,0.19166000187397003,0.0,0.0,0.2845630422234535,0.19166000187397003,0.19166000187397003,27.0,18.0,16.5,1.0,150.0,0.0,150.0,100.0,0.0,3.0,1.0,0.0,0.0,465000.0,0.0,0.0,16.0,8.0,0.0,24.0,2,1.0,1.0,25.804601934247927,48.93170294153998,103.1,2022.0,katsina communal militia (nigeria),1.0,0.0,0.0,1.0,0.0
200074,north west,katsina,ingawa,rural,1746.0,2024,1070,guinea corn (sorghum),0.9551100134849548,700.0,280000.0,280000.0,0.6206929087638855,0.6206929087638855,0.0,1.3300000131130219,1.5,0.6206929087638855,0.6206929087638855,0.0,0.0,1.6500000404193997,1.6450000405311584,1.6450000405311584,0.0,0.0,0.0,0.0,0.0,0.0,0.0,0.0,0.0,0.0,0.0,0.0,0.0,252000.0,0.0,0.0,21.0,4.0,28.0,53.0,2,2.0,4.0,25.804601934247927,48.93170294153998,103.1,2022.0,katsina communal militia (nigeria),1.0,0.0,0.0,1.0,0.0
200076,north west,katsina,ingawa,rural,1746.0,2024,1070,guinea corn (sorghum),0.5109499841928482,1000.0,400000.0,400000.0,0.38578998669981956,0.38578998669981956,0.0,1.25,1.25,0.3440699875354767,0.3440699875354767,80000.0,200.0,0.55740150436759,0.5109499841928482,0.5109499841928482,9.0,6.0,5.5,0.0,50.0,0.0,50.0,0.0,1.001,0.0,1.0,0.0,0.0,0.0,0.0,0.0,11.0,2.0,0.0,13.0,2,1.0,1.0,25.804601934247927,48.93170294153998,103.1,2022.0,katsina communal militia (nigeria),1.0,0.0,0.0,1.0,0.0
200077,north west,katsina,ingawa,rural,1746.0,2024,1070,guinea corn (sorghum),2.7192099690437317,1200.0,480000.0,480000.0,1.9511177241802216,1.9511177241802216,0.0,2.194444417953491,2.194444417953491,1.9511177241802216,1.9511177241802216,160000.0,400.0,2.7247099690139294,2.7192099690437317,2.7192099690437317,9.0,6.0,5.5,0.0,50.0,0.0,50.0,0.0,0.0,0.0,1.0,0.0,0.0,245000.0,0.0,0.0,18.0,12.0,5.0,35.0,2,2.0,2.0,25.804601934247927,48.93170294153998,103.1,2022.0,katsina communal militia (nigeria),1.0,0.0,0.0,1.0,0.0
200078,north west,katsina,ingawa,rural,1746.0,2024,1070,guinea corn (sorghum),0.2240699976682663,600.0,240000.0,240000.0,0.2240699976682663,0.2240699976682663,0.0,1.0,1.0,0.2240699976682663,0.2240699976682663,0.0,0.0,0.27052151784300804,0.2240699976682663,0.2240699976682663,9.0,6.0,5.5,0.0,50.0,0.0,50.0,0.0,3.0,0.0,1.0,0.0,0.0,0.0,0.0,0.0,12.0,2.0,0.0,14.0,2,2.0,2.0,25.804601934247927,48.93170294153998,103.1,2022.0,katsina communal militia (nigeria),1.0,0.0,0.0,1.0,0.0
200079,north west,katsina,ingawa,rural,1746.0,2024,1070,guinea corn (sorghum),0.6875000223517418,1500.0,820000.0,375000.0,0.6582640036940575,0.6361155062913895,0.0,1.7518796920776367,1.7518796920776367,0.6361155062913895,0.6582640036940575,50000.0,200.0,1.3400300415232778,1.3350300416350365,1.3350300416350365,165.0,18.0,16.5,7.5,150.0,300.0,450.0,750.0,0.0,28.0,1.0,0.0,0.0,57500.0,0.0,0.0,25.0,9.0,4.0,38.0,2,2.0,3.0,25.804601934247927,48.93170294153998,103.1,2022.0,katsina communal militia (nigeria),1.0,0.0,0.0,1.0,0.0
200101,north west,katsina,malunfashi,rural,760.0,2024,1070,guinea corn (sorghum),0.04603999853134155,1000.0,400000.0,360000.0,0.011509999632835388,0.011509999632835388,0.0,0.25,0.25,0.0,0.0,180000.0,500.0,0.0924915187060833,0.04603999853134155,0.04603999853134155,18.0,12.0,11.0,0.0,100.0,0.0,100.0,0.0,0.0,1.0,1.0,0.0,0.0,302000.0,0.0,0.0,12.0,3.0,0.0,15.0,2,1.0,1.0,26.55906412532296,64.52221526442385,103.43658069024184,,,0.0,0.0,0.0,0.0,0.0
200107,north west,katsina,malunfashi,rural,760.0,2024,1070,guinea corn (sorghum),0.9489399790763855,1200.0,480000.0,480000.0,0.31315019726753235,0.31315019726753235,0.0,0.33000001311302185,0.3333333432674408,0.31315019726753235,0.31315019726753235,0.0,0.0,0.9529399792663753,0.9489399790763855,0.9489399790763855,73.0,18.0,16.5,0.0,150.0,100.0,250.0,0.0,2.0,2.0,1.0,0.0,0.0,0.0,1040000.0,0.0,7.0,25.0,0.0,32.0,2,2.0,2.0,26.55906412532296,64.52221526442385,103.43658069024184,,,0.0,0.0,0.0,0.0,0.0
200161,north west,katsina,matazu,rural,498.0,2024,1070,guinea corn (sorghum),0.22432999312877655,100.0,40000.0,40000.0,0.11216499656438828,0.11216499656438828,0.0,0.5,0.5,0.11216499656438828,0.11216499656438828,0.0,0.0,0.7016369998455048,0.2969509959220886,0.2969509959220886,0.0,0.0,0.0,0.0,0.0,0.0,0.0,0.0,0.0,0.0,0.0,0.0,0.0,66000.0,0.0,0.0,4.0,10.0,6.0,20.0,2,2.0,2.0,25.611970368310462,50.70605815103201,78.03833333333334,2022.0,katsina communal militia (nigeria),1.0,10.0,10.0,4.0,0.0
200161,north west,katsina,matazu,rural,498.0,2024,1070,guinea corn (sorghum),0.22432999312877655,100.0,40000.0,40000.0,0.11216499656438828,0.11216499656438828,0.0,0.5,0.5,0.11216499656438828,0.11216499656438828,0.0,0.0,0.7016369998455048,0.2969509959220886,0.2969509959220886,0.0,0.0,0.0,0.0,0.0,0.0,0.0,0.0,0.0,0.0,0.0,0.0,0.0,66000.0,0.0,0.0,4.0,10.0,6.0,20.0,2,2.0,2.0,25.611970368310462,50.70605815103201,78.03833333333334,2023.0,katsina communal militia (nigeria),1.0,5.0,5.0,2.0,0.0
200161,north west,katsina,matazu,rural,498.0,2024,1070,guinea corn (sorghum),0.22432999312877655,100.0,40000.0,40000.0,0.11216499656438828,0.11216499656438828,0.0,0.5,0.5,0.11216499656438828,0.11216499656438828,0.0,0.0,0.7016369998455048,0.2969509959220886,0.2969509959220886,0.0,0.0,0.0,0.0,0.0,0.0,0.0,0.0,0.0,0.0,0.0,0.0,0.0,66000.0,0.0,0.0,4.0,10.0,6.0,20.0,2,2.0,2.0,25.611970368310462,50.70605815103201,78.03833333333334,2024.0,katsina communal militia (nigeria),1.0,14.0,14.0,16.0,0.0
200162,north west,katsina,matazu,rural,498.0,2024,1070,guinea corn (sorghum),0.39111998677253723,300.0,120000.0,120000.0,0.058667998760938644,0.058667998760938644,0.0,0.15000000596046448,0.15000000596046448,0.058667998760938644,0.058667998760938644,0.0,0.0,0.5418199801351875,0.52981998026371,0.52981998026371,0.0,0.0,0.0,0.0,0.0,0.0,0.0,0.0,0.0,0.0,0.0,0.0,0.0,173800.0,0.0,0.0,5.0,4.0,4.0,13.0,2,1.0,1.0,25.611970368310462,50.70605815103201,78.03833333333334,2022.0,katsina communal militia (nigeria),1.0,10.0,10.0,4.0,0.0
200162,north west,katsina,matazu,rural,498.0,2024,1070,guinea corn (sorghum),0.39111998677253723,300.0,120000.0,120000.0,0.058667998760938644,0.058667998760938644,0.0,0.15000000596046448,0.15000000596046448,0.058667998760938644,0.058667998760938644,0.0,0.0,0.5418199801351875,0.52981998026371,0.52981998026371,0.0,0.0,0.0,0.0,0.0,0.0,0.0,0.0,0.0,0.0,0.0,0.0,0.0,173800.0,0.0,0.0,5.0,4.0,4.0,13.0,2,1.0,1.0,25.611970368310462,50.70605815103201,78.03833333333334,2023.0,katsina communal militia (nigeria),1.0,5.0,5.0,2.0,0.0
200162,north west,katsina,matazu,rural,498.0,2024,1070,guinea corn (sorghum),0.39111998677253723,300.0,120000.0,120000.0,0.058667998760938644,0.058667998760938644,0.0,0.15000000596046448,0.15000000596046448,0.058667998760938644,0.058667998760938644,0.0,0.0,0.5418199801351875,0.52981998026371,0.52981998026371,0.0,0.0,0.0,0.0,0.0,0.0,0.0,0.0,0.0,0.0,0.0,0.0,0.0,173800.0,0.0,0.0,5.0,4.0,4.0,13.0,2,1.0,1.0,25.611970368310462,50.70605815103201,78.03833333333334,2024.0,katsina communal militia (nigeria),1.0,14.0,14.0,16.0,0.0
200165,north west,katsina,matazu,rural,498.0,2024,1070,guinea corn (sorghum),0.4454300105571747,265.0,106000.0,106000.0,0.16197454929351807,0.04049363732337952,0.0,0.3636363744735718,0.3636363744735718,0.04049363732337952,0.16197454929351807,0.0,0.0,0.4918815307319164,0.4454300105571747,0.4454300105571747,0.0,0.0,0.0,0.0,0.0,0.0,0.0,0.0,0.0,0.0,0.0,0.0,0.0,168000.0,0.0,0.0,13.0,20.0,0.0,33.0,2,1.0,1.0,25.611970368310462,50.70605815103201,78.03833333333334,2022.0,katsina communal militia (nigeria),1.0,10.0,10.0,4.0,0.0
200165,north west,katsina,matazu,rural,498.0,2024,1070,guinea corn (sorghum),0.4454300105571747,265.0,106000.0,106000.0,0.16197454929351807,0.04049363732337952,0.0,0.3636363744735718,0.3636363744735718,0.04049363732337952,0.16197454929351807,0.0,0.0,0.4918815307319164,0.4454300105571747,0.4454300105571747,0.0,0.0,0.0,0.0,0.0,0.0,0.0,0.0,0.0,0.0,0.0,0.0,0.0,168000.0,0.0,0.0,13.0,20.0,0.0,33.0,2,1.0,1.0,25.611970368310462,50.70605815103201,78.03833333333334,2023.0,katsina communal militia (nigeria),1.0,5.0,5.0,2.0,0.0
200165,north west,katsina,matazu,rural,498.0,2024,1070,guinea corn (sorghum),0.4454300105571747,265.0,106000.0,106000.0,0.16197454929351807,0.04049363732337952,0.0,0.3636363744735718,0.3636363744735718,0.04049363732337952,0.16197454929351807,0.0,0.0,0.4918815307319164,0.4454300105571747,0.4454300105571747,0.0,0.0,0.0,0.0,0.0,0.0,0.0,0.0,0.0,0.0,0.0,0.0,0.0,168000.0,0.0,0.0,13.0,20.0,0.0,33.0,2,1.0,1.0,25.611970368310462,50.70605815103201,78.03833333333334,2024.0,katsina communal militia (nigeria),1.0,14.0,14.0,16.0,0.0
200166,north west,katsina,matazu,rural,498.0,2024,1070,guinea corn (sorghum),1.2094200253486633,434.45000076293945,173780.0,173780.0,0.5640900135040283,0.5640900135040283,0.0,1.25,1.25,0.5640900135040283,0.5640900135040283,0.0,0.0,1.4117630273103714,1.2094200253486633,1.2094200253486633,0.0,0.0,0.0,0.0,0.0,0.0,0.0,0.0,0.0,0.0,0.0,0.0,0.0,738000.0,0.0,0.0,14.0,0.0,0.0,14.0,2,2.0,2.0,25.611970368310462,50.70605815103201,78.03833333333334,2022.0,katsina communal militia (nigeria),1.0,10.0,10.0,4.0,0.0
200166,north west,katsina,matazu,rural,498.0,2024,1070,guinea corn (sorghum),1.2094200253486633,434.45000076293945,173780.0,173780.0,0.5640900135040283,0.5640900135040283,0.0,1.25,1.25,0.5640900135040283,0.5640900135040283,0.0,0.0,1.4117630273103714,1.2094200253486633,1.2094200253486633,0.0,0.0,0.0,0.0,0.0,0.0,0.0,0.0,0.0,0.0,0.0,0.0,0.0,738000.0,0.0,0.0,14.0,0.0,0.0,14.0,2,2.0,2.0,25.611970368310462,50.70605815103201,78.03833333333334,2023.0,katsina communal militia (nigeria),1.0,5.0,5.0,2.0,0.0
200166,north west,katsina,matazu,rural,498.0,2024,1070,guinea corn (sorghum),1.2094200253486633,434.45000076293945,173780.0,173780.0,0.5640900135040283,0.5640900135040283,0.0,1.25,1.25,0.5640900135040283,0.5640900135040283,0.0,0.0,1.4117630273103714,1.2094200253486633,1.2094200253486633,0.0,0.0,0.0,0.0,0.0,0.0,0.0,0.0,0.0,0.0,0.0,0.0,0.0,738000.0,0.0,0.0,14.0,0.0,0.0,14.0,2,2.0,2.0,25.611970368310462,50.70605815103201,78.03833333333334,2024.0,katsina communal militia (nigeria),1.0,14.0,14.0,16.0,0.0
200167,north west,katsina,matazu,rural,498.0,2024,1070,guinea corn (sorghum),1.4423197507858276,424.0,169600.0,169600.0,0.7211598753929138,0.3605799376964569,0.0,0.5,0.5,0.3605799376964569,0.7211598753929138,0.0,0.0,1.98686583340168,1.801059752702713,1.801059752702713,0.0,0.0,0.0,0.0,0.0,0.0,0.0,0.0,0.0,0.0,0.0,0.0,0.0,696000.0,1680000.0,0.0,16.0,2.0,4.0,22.0,2,1.0,2.0,25.611970368310462,50.70605815103201,78.03833333333334,2022.0,katsina communal militia (nigeria),1.0,10.0,10.0,4.0,0.0
200167,north west,katsina,matazu,rural,498.0,2024,1070,guinea corn (sorghum),1.4423197507858276,424.0,169600.0,169600.0,0.7211598753929138,0.3605799376964569,0.0,0.5,0.5,0.3605799376964569,0.7211598753929138,0.0,0.0,1.98686583340168,1.801059752702713,1.801059752702713,0.0,0.0,0.0,0.0,0.0,0.0,0.0,0.0,0.0,0.0,0.0,0.0,0.0,696000.0,1680000.0,0.0,16.0,2.0,4.0,22.0,2,1.0,2.0,25.611970368310462,50.70605815103201,78.03833333333334,2023.0,katsina communal militia (nigeria),1.0,5.0,5.0,2.0,0.0
200167,north west,katsina,matazu,rural,498.0,2024,1070,guinea corn (sorghum),1.4423197507858276,424.0,169600.0,169600.0,0.7211598753929138,0.3605799376964569,0.0,0.5,0.5,0.3605799376964569,0.7211598753929138,0.0,0.0,1.98686583340168,1.801059752702713,1.801059752702713,0.0,0.0,0.0,0.0,0.0,0.0,0.0,0.0,0.0,0.0,0.0,0.0,0.0,696000.0,1680000.0,0.0,16.0,2.0,4.0,22.0,2,1.0,2.0,25.611970368310462,50.70605815103201,78.03833333333334,2024.0,katsina communal militia (nigeria),1.0,14.0,14.0,16.0,0.0
200168,north west,katsina,matazu,rural,498.0,2024,1070,guinea corn (sorghum),0.5892400145530701,250.0,100000.0,100000.0,0.08838600665330887,0.08838600665330887,0.0,0.15000000596046448,0.15000000596046448,0.08838600665330887,0.08838600665330887,0.0,0.0,0.5942400144413114,0.5892400145530701,0.5892400145530701,0.0,0.0,0.0,0.0,0.0,0.0,0.0,0.0,0.0,0.0,0.0,0.0,0.0,104500.0,0.0,0.0,8.0,8.0,3.0,19.0,2,1.0,1.0,25.611970368310462,50.70605815103201,78.03833333333334,2022.0,katsina communal militia (nigeria),1.0,10.0,10.0,4.0,0.0
200168,north west,katsina,matazu,rural,498.0,2024,1070,guinea corn (sorghum),0.5892400145530701,250.0,100000.0,100000.0,0.08838600665330887,0.08838600665330887,0.0,0.15000000596046448,0.15000000596046448,0.08838600665330887,0.08838600665330887,0.0,0.0,0.5942400144413114,0.5892400145530701,0.5892400145530701,0.0,0.0,0.0,0.0,0.0,0.0,0.0,0.0,0.0,0.0,0.0,0.0,0.0,104500.0,0.0,0.0,8.0,8.0,3.0,19.0,2,1.0,1.0,25.611970368310462,50.70605815103201,78.03833333333334,2023.0,katsina communal militia (nigeria),1.0,5.0,5.0,2.0,0.0
200168,north west,katsina,matazu,rural,498.0,2024,1070,guinea corn (sorghum),0.5892400145530701,250.0,100000.0,100000.0,0.08838600665330887,0.08838600665330887,0.0,0.15000000596046448,0.15000000596046448,0.08838600665330887,0.08838600665330887,0.0,0.0,0.5942400144413114,0.5892400145530701,0.5892400145530701,0.0,0.0,0.0,0.0,0.0,0.0,0.0,0.0,0.0,0.0,0.0,0.0,0.0,104500.0,0.0,0.0,8.0,8.0,3.0,19.0,2,1.0,1.0,25.611970368310462,50.70605815103201,78.03833333333334,2024.0,katsina communal militia (nigeria),1.0,14.0,14.0,16.0,0.0
200170,north west,katsina,matazu,rural,498.0,2024,1070,guinea corn (sorghum),0.1863500028848648,300.0,120000.0,120000.0,0.0465875007212162,0.0465875007212162,0.0,0.25,0.25,0.0,0.0,0.0,0.0,0.3466499987989664,0.3366499990224838,0.3366499990224838,0.0,0.0,0.0,0.0,0.0,0.0,0.0,0.0,0.0,0.0,0.0,0.0,0.0,27000.0,0.0,0.0,20.0,0.0,8.0,28.0,2,1.0,2.0,25.611970368310462,50.70605815103201,78.03833333333334,2022.0,katsina communal militia (nigeria),1.0,10.0,10.0,4.0,0.0
200170,north west,katsina,matazu,rural,498.0,2024,1070,guinea corn (sorghum),0.1863500028848648,300.0,120000.0,120000.0,0.0465875007212162,0.0465875007212162,0.0,0.25,0.25,0.0,0.0,0.0,0.0,0.3466499987989664,0.3366499990224838,0.3366499990224838,0.0,0.0,0.0,0.0,0.0,0.0,0.0,0.0,0.0,0.0,0.0,0.0,0.0,27000.0,0.0,0.0,20.0,0.0,8.0,28.0,2,1.0,2.0,25.611970368310462,50.70605815103201,78.03833333333334,2023.0,katsina communal militia (nigeria),1.0,5.0,5.0,2.0,0.0
200170,north west,katsina,matazu,rural,498.0,2024,1070,guinea corn (sorghum),0.1863500028848648,300.0,120000.0,120000.0,0.0465875007212162,0.0465875007212162,0.0,0.25,0.25,0.0,0.0,0.0,0.0,0.3466499987989664,0.3366499990224838,0.3366499990224838,0.0,0.0,0.0,0.0,0.0,0.0,0.0,0.0,0.0,0.0,0.0,0.0,0.0,27000.0,0.0,0.0,20.0,0.0,8.0,28.0,2,1.0,2.0,25.611970368310462,50.70605815103201,78.03833333333334,2024.0,katsina communal militia (nigeria),1.0,14.0,14.0,16.0,0.0
209014,north west,katsina,danja,rural,144.0,2024,1070,guinea corn (sorghum),0.3262700140476227,1500.0,600000.0,562500.0,0.09969361126422882,0.09969361126422882,0.0,0.3055555522441864,0.3055555522441864,0.09969361126422882,0.09969361126422882,75000.0,200.0,0.48627153411507607,0.4398200139403343,0.4398200139403343,32.0,6.0,5.5,10.0,50.0,50.0,100.0,1000.0,3.0,2.0,1.0,0.0,0.0,1320000.0,0.0,0.0,12.0,25.0,0.0,37.0,2,1.0,1.0,26.55906412532296,64.52221526442385,103.43658069024184,,,0.0,0.0,0.0,0.0,0.0
209015,north west,katsina,danja,rural,144.0,2024,1070,guinea corn (sorghum),0.4727499932050705,1500.0,600000.0,600000.0,0.2315995693206787,0.2315995693206787,0.0,0.9680851101875305,0.9680851101875305,0.2315995693206787,0.2315995693206787,0.0,0.0,0.4777499930933118,0.4727499932050705,0.4727499932050705,0.0,0.0,0.0,5.0,0.0,0.0,0.0,500.0,0.0,10.0,0.0,0.0,0.0,0.0,0.0,0.0,25.0,9.0,0.0,34.0,2,2.0,3.0,26.55906412532296,64.52221526442385,103.43658069024184,,,0.0,0.0,0.0,0.0,0.0
209020,north west,katsina,danja,rural,144.0,2024,1070,guinea corn (sorghum),0.7143099904060364,1500.0,600000.0,600000.0,0.4114097058773041,0.4114097058773041,0.0,1.3300000131130219,1.3333333432674408,0.4114097058773041,0.4114097058773041,0.0,0.0,0.719809990376234,0.7143099904060364,0.7143099904060364,36.0,24.0,22.0,3.0,200.0,0.0,200.0,300.0,0.0,13.0,1.0,0.0,0.0,0.0,0.0,0.0,37.0,15.0,0.0,52.0,2,2.0,3.0,26.55906412532296,64.52221526442385,103.43658069024184,,,0.0,0.0,0.0,0.0,0.0
209021,north west,katsina,danja,rural,144.0,2024,1070,guinea corn (sorghum),0.1309799998998642,300.0,252000.0,252000.0,0.03274499997496605,0.03274499997496605,0.0,0.25,0.25,0.0,0.0,0.0,0.0,0.17743152007460594,0.1309799998998642,0.1309799998998642,18.0,12.0,11.0,1.0,100.0,0.0,100.0,100.0,2.0,0.0,1.0,0.0,0.0,1320000.0,0.0,0.0,12.0,4.0,0.0,16.0,2,1.0,1.0,26.55906412532296,64.52221526442385,103.43658069024184,,,0.0,0.0,0.0,0.0,0.0
209022,north west,katsina,danja,rural,144.0,2024,1070,guinea corn (sorghum),0.5496900081634521,1300.0,520000.0,520000.0,0.20059920847415924,0.20059920847415924,0.0,0.8300000131130219,0.8333333432674408,0.20059920847415924,0.20059920847415924,0.0,0.0,0.5546900080516934,0.5496900081634521,0.5496900081634521,0.0,0.0,0.0,10.0,0.0,0.0,0.0,1000.0,0.0,13.0,0.0,0.0,0.0,0.0,0.0,0.0,55.0,14.0,0.0,69.0,2,2.0,3.0,26.55906412532296,64.52221526442385,103.43658069024184,,,0.0,0.0,0.0,0.0,0.0
209029,north west,katsina,daura,rural,946.0,2024,1070,guinea corn (sorghum),0.7222899794578552,200.0,80000.0,80000.0,0.1805724948644638,0.1805724948644638,0.0,0.25,0.25,0.1805724948644638,0.1805724948644638,0.0,0.0,0.768741499632597,0.7222899794578552,0.7222899794578552,11.5,0.0,0.0,0.0,0.0,25.0,25.0,0.0,1.0,0.0,1.0,0.0,0.0,180000.0,0.0,0.0,17.0,0.0,0.0,17.0,2,1.0,1.0,26.55906412532296,64.52221526442385,103.43658069024184,,,0.0,0.0,0.0,0.0,0.0
209036,north west,katsina,daura,rural,946.0,2024,1070,guinea corn (sorghum),0.7279800176620483,300.0,120000.0,120000.0,0.36399000883102417,0.36399000883102417,0.0,0.5,0.5,0.36399000883102417,0.36399000883102417,0.0,0.0,19.30858838558197,0.7279800176620483,0.7279800176620483,0.0,0.0,0.0,15.0,0.0,0.0,0.0,1500.0,1.0,0.0,0.0,0.0,0.0,0.0,2340000.0,0.0,3.0,126.0,8.0,137.0,2,1.0,1.0,26.55906412532296,64.52221526442385,103.43658069024184,,,0.0,0.0,0.0,0.0,0.0
209062,north west,katsina,katsina,urban,2086.0,2024,1070,guinea corn (sorghum),0.4937100112438202,1200.0,480000.0,480000.0,0.19748400151729584,0.19748400151729584,0.0,0.4000000059604645,0.4000000059604645,0.19748400151729584,0.19748400151729584,0.0,0.0,0.5037100110203028,0.4937100112438202,0.4937100112438202,110.0,12.0,11.0,0.0,100.0,200.0,300.0,0.0,6.0,7.0,1.0,0.0,0.0,102000.0,840000.0,0.0,18.0,43.0,2.0,63.0,2,1.0,1.0,26.55906412532296,64.52221526442385,103.43658069024184,,,0.0,0.0,0.0,0.0,0.0
209063,north west,katsina,katsina,urban,2086.0,2024,1070,guinea corn (sorghum),0.8082299828529358,600.0,240000.0,240000.0,0.16164599359035492,0.16164599359035492,0.0,0.20000000298023224,0.21739129722118378,0.16164599359035492,0.16164599359035492,0.0,0.0,0.8182299826294184,0.8082299828529358,0.8082299828529358,64.0,12.0,11.0,100.0,100.0,100.0,200.0,10000.0,1.5,0.0,1.0,0.0,0.0,414000.0,0.0,0.0,6.0,64.0,24.0,94.0,2,1.0,1.0,26.55906412532296,64.52221526442385,103.43658069024184,,,0.0,0.0,0.0,0.0,0.0
209069,north west,katsina,katsina,urban,2086.0,2024,1070,guinea corn (sorghum),0.4228900074958801,500.0,200000.0,200000.0,0.1395537108182907,0.1395537108182907,0.0,0.33000001311302185,0.33000001311302185,0.1395537108182907,0.1395537108182907,0.0,0.0,0.5157930478453636,0.4228900074958801,0.4228900074958801,11.5,0.0,0.0,0.5,0.0,25.0,25.0,50.0,0.0,0.0,1.0,0.0,0.0,388800.0,0.0,0.0,16.0,1.0,0.0,17.0,2,1.0,1.0,26.55906412532296,64.52221526442385,103.43658069024184,,,0.0,0.0,0.0,0.0,0.0
209071,north west,katsina,katsina,urban,2086.0,2024,1070,guinea corn (sorghum),1.7116999626159668,200.0,80000.0,80000.0,0.4279249906539917,0.4279249906539917,0.0,0.25,0.25,0.4279249906539917,0.4279249906539917,0.0,0.0,1.9140429645776749,1.7116999626159668,1.7116999626159668,23.0,0.0,0.0,0.0,0.0,50.0,50.0,0.0,0.0,0.0,1.0,0.0,0.0,412500.0,0.0,0.0,8.0,7.0,0.0,15.0,2,2.0,2.0,26.55906412532296,64.52221526442385,103.43658069024184,,,0.0,0.0,0.0,0.0,0.0
209079,north west,katsina,katsina,urban,2556.0,2024,1070,guinea corn (sorghum),0.1764480024576187,200.0,80000.0,80000.0,0.1497655063867569,0.06971800327301025,0.0,1.75,1.75,0.06971800327301025,0.1497655063867569,0.0,0.0,0.2693510428071022,0.1764480024576187,0.1764480024576187,1.5962,0.0,0.0,0.0,0.0,3.47,3.47,0.0,0.0,0.0,1.0,0.0,0.0,308000.0,0.0,0.0,8.0,1.0,0.0,9.0,2,3.0,3.0,26.55906412532296,64.52221526442385,103.43658069024184,,,0.0,0.0,0.0,0.0,0.0
209089,north west,katsina,malunfashi,rural,2222.0,2024,1070,guinea corn (sorghum),0.19799000024795532,900.0,360000.0,351000.0,0.09899500012397766,0.09899500012397766,0.0,0.5,0.5,0.09899500012397766,0.09899500012397766,78000.0,200.0,0.24444152042269707,0.19799000024795532,0.19799000024795532,23.0,0.0,0.0,5.0,0.0,50.0,50.0,500.0,0.01,0.0,1.0,0.0,0.0,0.0,0.0,0.0,15.0,0.0,0.0,15.0,2,2.0,2.0,26.55906412532296,64.52221526442385,103.43658069024184,,,0.0,0.0,0.0,0.0,0.0
209090,north west,katsina,malunfashi,rural,2222.0,2024,1070,guinea corn (sorghum),1.4027200043201447,1100.0,440000.0,440000.0,1.0866227447986603,1.0866227447986603,0.0,1.6944444179534912,1.6944444179534912,1.0866227447986603,1.0866227447986603,200000.0,500.0,2.4499999582767487,1.4027200043201447,1.4027200043201447,41.0,12.0,11.0,15.0,100.0,50.0,150.0,1500.0,0.0,0.0,1.0,0.0,0.0,400000.0,0.0,0.0,30.0,24.0,42.0,96.0,2,2.0,3.0,26.55906412532296,64.52221526442385,103.43658069024184,,,0.0,0.0,0.0,0.0,0.0
209094,north west,katsina,malunfashi,rural,2222.0,2024,1070,guinea corn (sorghum),0.7224699854850769,500.0,200000.0,250000.0,0.23841510713100433,0.23841510713100433,0.0,0.33000001311302185,0.3333333432674408,0.23841510713100433,0.23841510713100433,150000.0,300.0,0.7274699853733182,0.7224699854850769,0.7224699854850769,0.0,0.0,0.0,10.0,0.0,0.0,0.0,1000.0,0.0,0.0,0.0,0.0,0.0,300000.0,0.0,0.0,8.0,6.0,8.0,22.0,2,2.0,2.0,26.55906412532296,64.52221526442385,103.43658069024184,,,0.0,0.0,0.0,0.0,0.0
209095,north west,katsina,malunfashi,rural,2222.0,2024,1070,guinea corn (sorghum),0.7160099744796753,800.0,320000.0,320000.0,0.2362833023071289,0.2362833023071289,0.0,0.33000001311302185,0.3333333432674408,0.2362833023071289,0.2362833023071289,0.0,0.0,0.721509974449873,0.7160099744796753,0.7160099744796753,0.0,0.0,0.0,5.0,0.0,0.0,0.0,500.0,2.0,10.0,0.0,0.0,0.0,1260000.0,0.0,0.0,21.0,8.0,8.0,37.0,2,2.0,2.0,26.55906412532296,64.52221526442385,103.43658069024184,,,0.0,0.0,0.0,0.0,0.0
209096,north west,katsina,malunfashi,rural,2222.0,2024,1070,guinea corn (sorghum),0.5786200165748596,300.0,252000.0,252000.0,0.2494051605463028,0.2494051605463028,0.0,0.4310344457626343,0.43103447556495667,0.2494051605463028,0.2494051605463028,0.0,0.0,0.5846200166270137,0.5786200165748596,0.5786200165748596,0.0,0.0,0.0,2.5,0.0,0.0,0.0,250.0,0.0,5.0,0.0,0.0,0.0,35000.0,0.0,0.0,13.0,8.0,15.0,36.0,2,2.0,2.0,26.55906412532296,64.52221526442385,103.43658069024184,,,0.0,0.0,0.0,0.0,0.0
209098,north west,katsina,mani,rural,1216.0,2024,1070,guinea corn (sorghum),0.3304100036621094,400.0,160000.0,160000.0,0.1652050018310547,0.1652050018310547,0.0,0.5,0.5,0.1652050018310547,0.1652050018310547,0.0,0.0,0.6477800104767084,0.6377800107002258,0.6377800107002258,9.0,6.0,5.5,10.0,50.0,0.0,50.0,1000.0,0.0,10.0,1.0,0.0,0.0,0.0,0.0,0.0,12.0,8.0,4.0,24.0,2,1.0,1.0,26.55906412532296,64.52221526442385,103.43658069024184,,,0.0,0.0,0.0,0.0,0.0
209100,north west,katsina,mani,rural,1216.0,2024,1070,guinea corn (sorghum),0.6037899851799011,1000.0,400000.0,400000.0,0.15094749629497528,0.15094749629497528,0.0,0.25,0.25,0.15094749629497528,0.15094749629497528,0.0,0.0,1.0334299895912409,1.0234299898147583,1.0234299898147583,0.0,0.0,0.0,10.0,0.0,0.0,0.0,1000.0,0.0,10.0,0.0,0.0,0.0,0.0,0.0,0.0,17.0,14.0,0.0,31.0,2,1.0,3.0,26.55906412532296,64.52221526442385,103.43658069024184,,,0.0,0.0,0.0,0.0,0.0
209101,north west,katsina,mani,rural,1216.0,2024,1070,guinea corn (sorghum),0.5040199756622314,200.0,80000.0,80000.0,0.12600499391555786,0.12600499391555786,0.0,0.25,0.25,0.12600499391555786,0.12600499391555786,0.0,0.0,0.6051914766430855,0.5040199756622314,0.5040199756622314,0.0,0.0,0.0,2.0,0.0,0.0,0.0,200.0,0.0,0.0,0.0,0.0,0.0,220000.0,0.0,0.0,14.0,2.0,0.0,16.0,2,2.0,2.0,26.55906412532296,64.52221526442385,103.43658069024184,,,0.0,0.0,0.0,0.0,0.0
209102,north west,katsina,mani,rural,1216.0,2024,1070,guinea corn (sorghum),0.7765200138092041,900.0,360000.0,360000.0,0.38826000690460205,0.38826000690460205,0.0,0.5,0.5,0.38826000690460205,0.38826000690460205,0.0,0.0,1.3210800336673856,1.3160800337791443,1.3160800337791443,0.0,0.0,0.0,10.0,0.0,0.0,0.0,1000.0,0.0,8.0,0.0,0.0,0.0,324000.0,0.0,0.0,10.0,12.0,8.0,30.0,2,1.0,3.0,26.55906412532296,64.52221526442385,103.43658069024184,,,0.0,0.0,0.0,0.0,0.0
209103,north west,katsina,mani,rural,1216.0,2024,1070,guinea corn (sorghum),0.4277999997138977,500.0,200000.0,125000.0,0.21389999985694885,0.21389999985694885,0.0,0.5,0.5,0.21389999985694885,0.21389999985694885,75000.0,300.0,0.9378514960408211,0.836679995059967,0.836679995059967,18.0,12.0,11.0,0.0,100.0,0.0,100.0,0.0,0.0,0.0,1.0,0.0,0.0,1045000.0,0.0,0.0,13.0,8.0,3.0,24.0,2,2.0,3.0,26.55906412532296,64.52221526442385,103.43658069024184,,,0.0,0.0,0.0,0.0,0.0
209105,north west,katsina,mani,rural,1216.0,2024,1070,guinea corn (sorghum),0.5703999996185303,400.0,160000.0,160000.0,0.28519999980926514,0.28519999980926514,0.0,0.5,0.5,0.28519999980926514,0.28519999980926514,0.0,0.0,0.616851519793272,0.5703999996185303,0.5703999996185303,18.0,12.0,11.0,6.25,100.0,0.0,100.0,625.0,0.0,0.0,1.0,0.0,0.0,430000.0,0.0,0.0,16.0,4.0,0.0,20.0,2,1.0,1.0,26.55906412532296,64.52221526442385,103.43658069024184,,,0.0,0.0,0.0,0.0,0.0
209106,north west,katsina,mani,rural,1216.0,2024,1070,guinea corn (sorghum),0.35637998580932617,600.0,240000.0,240000.0,0.17818999290466309,0.17818999290466309,0.0,0.5,0.5,0.17818999290466309,0.17818999290466309,0.0,0.0,0.4575514867901802,0.35637998580932617,0.35637998580932617,23.0,0.0,0.0,0.0,0.0,50.0,50.0,0.0,0.0,0.0,1.0,0.0,0.0,10450000.0,0.0,0.0,9.0,6.0,4.0,19.0,2,2.0,2.0,26.55906412532296,64.52221526442385,103.43658069024184,,,0.0,0.0,0.0,0.0,0.0
209107,north west,katsina,mani,rural,1216.0,2024,1070,guinea corn (sorghum),0.21461999416351318,500.0,200000.0,200000.0,0.21461999416351318,0.21461999416351318,0.0,1.0,1.0,0.21461999416351318,0.21461999416351318,0.0,0.0,0.6652357894927263,0.549106989055872,0.549106989055872,9.0,6.0,5.5,12.5,50.0,0.0,50.0,1250.0,0.0,0.0,1.0,0.0,0.0,609000.0,0.0,0.0,15.0,9.0,0.0,24.0,2,1.0,1.0,26.55906412532296,64.52221526442385,103.43658069024184,,,0.0,0.0,0.0,0.0,0.0
209108,north west,katsina,mani,rural,1216.0,2024,1070,guinea corn (sorghum),0.39221999049186707,1000.0,400000.0,400000.0,0.19610999524593353,0.19610999524593353,0.0,0.5,0.5,0.19610999524593353,0.19610999524593353,0.0,0.0,0.5350599931553006,0.5300599932670593,0.5300599932670593,36.0,24.0,22.0,6.0,200.0,0.0,200.0,600.0,2.0,10.0,1.0,0.0,0.0,300000.0,0.0,0.0,17.0,15.0,0.0,32.0,2,1.0,3.0,26.55906412532296,64.52221526442385,103.43658069024184,,,0.0,0.0,0.0,0.0,0.0
209121,north west,katsina,zango,rural,908.0,2024,1070,guinea corn (sorghum),0.42614999413490295,350.0,140000.0,140000.0,0.10653749853372574,0.10653749853372574,0.0,0.25,0.25,0.10653749853372574,0.10653749853372574,0.0,0.0,0.43114999402314425,0.42614999413490295,0.42614999413490295,32.0,6.0,5.5,0.0,50.0,50.0,100.0,0.0,3.0,0.0,1.0,0.0,0.0,0.0,0.0,0.0,10.0,33.0,0.0,43.0,2,1.0,1.0,26.55906412532296,64.52221526442385,103.43658069024184,,,0.0,0.0,0.0,0.0,0.0
209123,north west,katsina,zango,rural,908.0,2024,1070,guinea corn (sorghum),0.34999000281095505,100.0,84000.0,84000.0,0.11549670621752739,0.11549670621752739,0.0,0.6600000262260437,0.6666666865348816,0.08182020485401154,0.08182020485401154,0.0,0.0,0.49225000757724047,0.4872500076889992,0.4872500076889992,0.0,0.0,0.0,4.25,0.0,0.0,0.0,425.0,2.0,0.0,0.0,0.0,0.0,276000.0,0.0,0.0,4.0,4.0,0.0,8.0,2,1.0,1.0,26.55906412532296,64.52221526442385,103.43658069024184,,,0.0,0.0,0.0,0.0,0.0
209125,north west,katsina,zango,rural,908.0,2024,1070,guinea corn (sorghum),0.05492100119590759,150.0,60000.0,60000.0,0.021968400105834007,0.021968400105834007,0.0,0.4000000059604645,0.4000000059604645,0.0,0.0,0.0,0.0,1.3969235755503178,1.350472055375576,1.350472055375576,80.5,0.0,0.0,110.0,0.0,175.0,175.0,11000.0,4.0,0.0,1.0,0.0,0.0,8000.0,0.0,0.0,8.0,0.0,2.0,10.0,2,1.0,2.0,26.55906412532296,64.52221526442385,103.43658069024184,,,0.0,0.0,0.0,0.0,0.0
209126,north west,katsina,zango,rural,908.0,2024,1070,guinea corn (sorghum),0.7228599935770035,700.0,280000.0,280000.0,0.3132670000195503,0.3132670000195503,0.0,0.9000000059604645,0.9000000059604645,0.3132670000195503,0.3132670000195503,0.0,0.0,3.074132040143013,2.2647600322961807,2.2647600322961807,4.5,3.0,2.75,1.0,25.0,0.0,25.0,100.0,0.0,0.0,1.0,0.0,0.0,594000.0,0.0,0.0,9.0,2.0,15.0,26.0,2,1.0,1.0,26.55906412532296,64.52221526442385,103.43658069024184,,,0.0,0.0,0.0,0.0,0.0
209127,north west,katsina,zango,rural,908.0,2024,1070,guinea corn (sorghum),0.7726500034332275,53.0,21200.0,21200.0,0.19316250085830688,0.04829062521457672,0.0,0.25,0.25,0.04829062521457672,0.19316250085830688,0.0,0.0,3.476352021098137,2.6669800132513046,2.6669800132513046,18.0,12.0,11.0,100.0,100.0,0.0,100.0,10000.0,11.0,0.0,1.0,0.0,0.0,160000.0,0.0,0.0,35.0,19.0,0.0,54.0,2,2.0,4.0,26.55906412532296,64.52221526442385,103.43658069024184,,,0.0,0.0,0.0,0.0,0.0
209128,north west,katsina,zango,rural,908.0,2024,1070,guinea corn (sorghum),0.2992599904537201,100.0,40000.0,40000.0,0.07481499761343002,0.07481499761343002,0.0,0.25,0.25,0.07481499761343002,0.07481499761343002,0.0,0.0,0.9218599991872907,0.9168599992990494,0.9168599992990494,64.0,12.0,11.0,0.0,100.0,100.0,200.0,0.0,2.0,0.0,1.0,0.0,0.0,72000.0,0.0,0.0,2.0,10.0,2.0,14.0,2,1.0,3.0,26.55906412532296,64.52221526442385,103.43658069024184,,,0.0,0.0,0.0,0.0,0.0
210004,north west,kebbi,birinin kebbi,rural,2822.0,2024,1070,guinea corn (sorghum),2.0,500.0,250000.0,250000.0,1.0,1.0,0.0,0.5,0.5,1.0,1.0,0.0,0.0,2.0464515201747417,2.0,2.0,27.0,18.0,16.5,6.25,150.0,0.0,150.0,625.0,3.0,5.0,1.0,0.0,0.0,0.0,0.0,0.0,10.0,55.0,25.0,90.0,2,2.0,2.0,26.55906412532296,64.52221526442385,103.43658069024184,,,0.0,0.0,0.0,0.0,0.0
210053,north west,kebbi,ngaski,rural,926.0,2024,1070,guinea corn (sorghum),0.46599000692367554,400.0,336000.0,336000.0,0.23299500346183777,0.23299500346183777,0.0,0.5,0.5,0.23299500346183777,0.23299500346183777,0.0,0.0,10.144274204969406,0.8539700210094452,0.8539700210094452,0.0,0.0,0.0,0.0,0.0,0.0,0.0,0.0,0.0,0.0,0.0,0.0,0.0,0.0,0.0,0.0,10.0,0.0,12.0,22.0,2,2.0,3.0,26.892222067729577,64.3503762204919,128.15666666666667,2023.0,fulani ethnic militia (nigeria),1.0,1.0,1.0,1.0,0.0
210053,north west,kebbi,ngaski,rural,926.0,2024,1070,guinea corn (sorghum),0.46599000692367554,400.0,336000.0,336000.0,0.23299500346183777,0.23299500346183777,0.0,0.5,0.5,0.23299500346183777,0.23299500346183777,0.0,0.0,10.144274204969406,0.8539700210094452,0.8539700210094452,0.0,0.0,0.0,0.0,0.0,0.0,0.0,0.0,0.0,0.0,0.0,0.0,0.0,0.0,0.0,0.0,10.0,0.0,12.0,22.0,2,2.0,3.0,26.892222067729577,64.3503762204919,128.15666666666667,2024.0,niger communal militia (nigeria),1.0,0.0,0.0,1.0,0.0
210055,north west,kebbi,ngaski,rural,926.0,2024,1070,guinea corn (sorghum),1.0836999416351318,300.0,150000.0,150000.0,0.5418499708175659,0.5418499708175659,0.0,0.5,0.5,0.5418499708175659,0.5418499708175659,0.0,0.0,2.624399909749627,2.6143999099731445,2.6143999099731445,9.0,6.0,5.5,25.0,50.0,0.0,50.0,2500.0,3.0,2.0,1.0,0.0,0.0,0.0,0.0,0.0,24.0,9.0,4.0,37.0,2,2.0,3.0,26.892222067729577,64.3503762204919,128.15666666666667,2023.0,fulani ethnic militia (nigeria),1.0,1.0,1.0,1.0,0.0
210055,north west,kebbi,ngaski,rural,926.0,2024,1070,guinea corn (sorghum),1.0836999416351318,300.0,150000.0,150000.0,0.5418499708175659,0.5418499708175659,0.0,0.5,0.5,0.5418499708175659,0.5418499708175659,0.0,0.0,2.624399909749627,2.6143999099731445,2.6143999099731445,9.0,6.0,5.5,25.0,50.0,0.0,50.0,2500.0,3.0,2.0,1.0,0.0,0.0,0.0,0.0,0.0,24.0,9.0,4.0,37.0,2,2.0,3.0,26.892222067729577,64.3503762204919,128.15666666666667,2024.0,niger communal militia (nigeria),1.0,0.0,0.0,1.0,0.0
210056,north west,kebbi,ngaski,rural,926.0,2024,1070,guinea corn (sorghum),1.8083000183105469,800.0,400000.0,392000.0,0.9041500091552734,0.9041500091552734,0.0,0.5,0.5,0.9041500091552734,0.9041500091552734,245000.0,500.0,1.8547515384852886,1.8083000183105469,1.8083000183105469,0.0,0.0,0.0,0.0,0.0,0.0,0.0,0.0,0.0,0.0,0.0,0.0,0.0,150000.0,0.0,0.0,63.0,0.0,0.0,63.0,2,2.0,2.0,26.892222067729577,64.3503762204919,128.15666666666667,2023.0,fulani ethnic militia (nigeria),1.0,1.0,1.0,1.0,0.0
210056,north west,kebbi,ngaski,rural,926.0,2024,1070,guinea corn (sorghum),1.8083000183105469,800.0,400000.0,392000.0,0.9041500091552734,0.9041500091552734,0.0,0.5,0.5,0.9041500091552734,0.9041500091552734,245000.0,500.0,1.8547515384852886,1.8083000183105469,1.8083000183105469,0.0,0.0,0.0,0.0,0.0,0.0,0.0,0.0,0.0,0.0,0.0,0.0,0.0,150000.0,0.0,0.0,63.0,0.0,0.0,63.0,2,2.0,2.0,26.892222067729577,64.3503762204919,128.15666666666667,2024.0,niger communal militia (nigeria),1.0,0.0,0.0,1.0,0.0
210057,north west,kebbi,ngaski,rural,926.0,2024,1070,guinea corn (sorghum),0.5787000060081482,500.0,250000.0,250000.0,0.005787000060081482,0.005787000060081482,0.0,0.009999999776482582,0.5,0.0,0.0,0.0,0.0,0.8392235338687897,0.7927720136940479,0.7927720136940479,0.0,0.0,0.0,0.0,0.0,0.0,0.0,0.0,3.0000002,7.0000005,0.0,0.0,0.0,0.0,0.0,0.0,4.0,0.0,0.0,4.0,2,2.0,2.0,26.892222067729577,64.3503762204919,128.15666666666667,2023.0,fulani ethnic militia (nigeria),1.0,1.0,1.0,1.0,0.0
210057,north west,kebbi,ngaski,rural,926.0,2024,1070,guinea corn (sorghum),0.5787000060081482,500.0,250000.0,250000.0,0.005787000060081482,0.005787000060081482,0.0,0.009999999776482582,0.5,0.0,0.0,0.0,0.0,0.8392235338687897,0.7927720136940479,0.7927720136940479,0.0,0.0,0.0,0.0,0.0,0.0,0.0,0.0,3.0000002,7.0000005,0.0,0.0,0.0,0.0,0.0,0.0,4.0,0.0,0.0,4.0,2,2.0,2.0,26.892222067729577,64.3503762204919,128.15666666666667,2024.0,niger communal militia (nigeria),1.0,0.0,0.0,1.0,0.0
210060,north west,kebbi,ngaski,rural,926.0,2024,1070,guinea corn (sorghum),1.1486999988555908,800.0,400000.0,360000.0,0.5743499994277954,0.5743499994277954,0.0,0.5,0.5,0.5743499994277954,0.5743499994277954,90000.0,200.0,1.168699998408556,1.1486999988555908,1.1486999988555908,9.0,6.0,5.5,50.0,50.0,0.0,50.0,5000.0,0.0,0.0,1.0,0.0,0.0,0.0,0.0,0.0,52.0,9.0,4.0,65.0,2,2.0,2.0,26.892222067729577,64.3503762204919,128.15666666666667,2023.0,fulani ethnic militia (nigeria),1.0,1.0,1.0,1.0,0.0
210060,north west,kebbi,ngaski,rural,926.0,2024,1070,guinea corn (sorghum),1.1486999988555908,800.0,400000.0,360000.0,0.5743499994277954,0.5743499994277954,0.0,0.5,0.5,0.5743499994277954,0.5743499994277954,90000.0,200.0,1.168699998408556,1.1486999988555908,1.1486999988555908,9.0,6.0,5.5,50.0,50.0,0.0,50.0,5000.0,0.0,0.0,1.0,0.0,0.0,0.0,0.0,0.0,52.0,9.0,4.0,65.0,2,2.0,2.0,26.892222067729577,64.3503762204919,128.15666666666667,2024.0,niger communal militia (nigeria),1.0,0.0,0.0,1.0,0.0
219014,north west,kebbi,bagudo,rural,1606.0,2024,1070,guinea corn (sorghum),0.9908300042152405,600.0,300000.0,258000.0,0.9908300042152405,0.7431225180625916,0.0,1.0,1.0,0.7431225180625916,0.9908300042152405,43000.0,100.0,1.083733044564724,0.9908300042152405,0.9908300042152405,0.0,0.0,0.0,0.0,0.0,0.0,0.0,0.0,0.0,0.0,0.0,0.0,0.0,0.0,0.0,0.0,39.0,0.0,0.0,39.0,2,2.0,2.0,26.55906412532296,64.52221526442385,103.43658069024184,,,0.0,0.0,0.0,0.0,0.0
219015,north west,kebbi,bagudo,rural,1606.0,2024,1070,guinea corn (sorghum),2.5083000659942627,700.0,350000.0,350000.0,2.5083000659942627,2.5083000659942627,0.0,1.0,1.0,2.5083000659942627,2.5083000659942627,150000.0,300.0,2.5547515861690044,2.5083000659942627,2.5083000659942627,0.0,0.0,0.0,0.0,0.0,0.0,0.0,0.0,0.0,0.0,0.0,0.0,0.0,34000.0,0.0,0.0,32.0,0.0,0.0,32.0,2,2.0,2.0,26.55906412532296,64.52221526442385,103.43658069024184,,,0.0,0.0,0.0,0.0,0.0
219017,north west,kebbi,bagudo,rural,1606.0,2024,1070,guinea corn (sorghum),0.8597300052642822,600.0,300000.0,300000.0,0.4298650026321411,0.32239875197410583,0.0,0.5,0.5,0.32239875197410583,0.4298650026321411,0.0,0.0,1.2644160091876984,0.8597300052642822,0.8597300052642822,9.0,6.0,5.5,7.5,50.0,0.0,50.0,750.0,4.0,4.0,1.0,0.0,0.0,0.0,0.0,0.0,53.0,12.0,14.0,79.0,2,2.0,2.0,26.55906412532296,64.52221526442385,103.43658069024184,,,0.0,0.0,0.0,0.0,0.0
219018,north west,kebbi,bagudo,rural,1606.0,2024,1070,guinea corn (sorghum),2.0885000228881836,500.0,250000.0,250000.0,0.8950714468955994,0.8950714468955994,0.0,0.4285714328289032,0.4285714328289032,0.8950714468955994,0.8950714468955994,0.0,0.0,2.93101001996547,2.9185100197792053,2.9185100197792053,0.0,0.0,0.0,0.0,0.0,0.0,0.0,0.0,0.0,0.0,0.0,0.0,0.0,0.0,0.0,0.0,9.0,0.0,0.0,9.0,2,2.0,3.0,26.55906412532296,64.52221526442385,103.43658069024184,,,0.0,0.0,0.0,0.0,0.0
219022,north west,kebbi,bagudo,rural,1606.0,2024,1070,guinea corn (sorghum),2.831399917602539,500.0,250000.0,250000.0,1.2134571075439453,1.2134571075439453,0.0,0.4285714328289032,0.4285714328289032,1.2134571075439453,1.2134571075439453,0.0,0.0,12.1217041015625,2.831399917602539,2.831399917602539,0.0,0.0,0.0,0.0,0.0,0.0,0.0,0.0,0.0,0.0,0.0,0.0,0.0,0.0,0.0,0.0,4.0,0.0,0.0,4.0,2,2.0,2.0,26.55906412532296,64.52221526442385,103.43658069024184,,,0.0,0.0,0.0,0.0,0.0
219023,north west,kebbi,bagudo,rural,1606.0,2024,1070,guinea corn (sorghum),1.1066999435424805,800.0,400000.0,400000.0,0.8300249576568604,0.8300249576568604,0.0,0.75,0.75,0.8300249576568604,0.8300249576568604,0.0,0.0,15.042156219482422,1.1066999435424805,1.1066999435424805,0.0,0.0,0.0,0.0,0.0,0.0,0.0,0.0,0.0,0.0,0.0,0.0,0.0,0.0,0.0,0.0,11.0,0.0,6.0,17.0,2,2.0,2.0,26.55906412532296,64.52221526442385,103.43658069024184,,,0.0,0.0,0.0,0.0,0.0
219024,north west,kebbi,bagudo,rural,1606.0,2024,1070,guinea corn (sorghum),0.9123499989509583,858.5499877929688,429275.0,429275.0,0.4561749994754791,0.4561749994754791,0.0,0.5,0.5,0.4561749994754791,0.4561749994754791,0.0,0.0,2.1586619932204485,2.144661992788315,2.144661992788315,0.0,0.0,0.0,0.0,0.0,0.0,0.0,0.0,0.0,0.0,0.0,0.0,0.0,0.0,0.0,0.0,3.0,21.0,35.0,59.0,2,2.0,4.0,26.55906412532296,64.52221526442385,103.43658069024184,,,0.0,0.0,0.0,0.0,0.0
219038,north west,kebbi,kalgo,rural,442.0,2024,1070,guinea corn (sorghum),0.619920015335083,300.0,150000.0,150000.0,0.3099600076675415,0.3099600076675415,0.0,0.5,0.5,0.3099600076675415,0.3099600076675415,0.0,0.0,0.6663715355098248,0.619920015335083,0.619920015335083,0.0,0.0,0.0,0.0,0.0,0.0,0.0,0.0,0.0,0.0,0.0,0.0,0.0,0.0,0.0,0.0,39.0,18.0,33.0,90.0,2,2.0,2.0,26.55906412532296,64.52221526442385,103.43658069024184,,,0.0,0.0,0.0,0.0,0.0
219043,north west,kebbi,kalgo,rural,442.0,2024,1070,guinea corn (sorghum),0.6354900002479553,800.0,400000.0,440000.0,0.31774500012397766,0.31774500012397766,0.0,0.5,0.5,0.31774500012397766,0.31774500012397766,55000.0,100.0,0.6554899998009205,0.6354900002479553,0.6354900002479553,72.0,48.0,44.0,50.0,400.0,0.0,400.0,5000.0,2.0,3.0,1.0,0.0,0.0,420000.0,0.0,0.0,23.0,55.0,0.0,78.0,2,2.0,2.0,26.55906412532296,64.52221526442385,103.43658069024184,,,0.0,0.0,0.0,0.0,0.0
219047,north west,kebbi,kalgo,rural,442.0,2024,1070,guinea corn (sorghum),0.5808899998664856,1500.0,750000.0,750000.0,0.2904449999332428,0.2904449999332428,0.0,0.5,0.5,0.2904449999332428,0.2904449999332428,100000.0,200.0,7.548618137836456,0.5808899998664856,0.5808899998664856,27.0,18.0,16.5,25.0,150.0,0.0,150.0,2500.0,2.0,3.0,1.0,0.0,0.0,330000.0,0.0,0.0,14.0,30.0,0.0,44.0,2,2.0,2.0,26.55906412532296,64.52221526442385,103.43658069024184,,,0.0,0.0,0.0,0.0,0.0
260081,north central,niger,kontagora,rural,424.0,2024,1070,guinea corn (sorghum),0.8093720078468323,800.0,336000.0,592000.0,0.5620638728141785,0.42154788970947266,0.0,0.6944444179534912,0.6944444179534912,0.42154788970947266,0.5620638728141785,444000.0,600.0,0.8093720078468323,0.8093720078468323,0.8093720078468323,0.0,0.0,0.0,0.0,0.0,0.0,0.0,0.0,0.0,0.0,0.0,0.0,0.0,0.0,0.0,0.0,46.0,21.0,12.0,79.0,2,1.0,1.0,26.55906412532296,64.52221526442385,103.43658069024184,,,0.0,0.0,0.0,0.0,0.0
260082,north central,niger,kontagora,rural,424.0,2024,1070,guinea corn (sorghum),0.0783580020070076,400.0,168000.0,168000.0,0.0783580020070076,0.05171628296375275,0.0,1.0,1.0,0.05171628296375275,0.0783580020070076,84000.0,200.0,0.1712610423564911,0.0783580020070076,0.0783580020070076,0.0,0.0,0.0,0.0,0.0,0.0,0.0,0.0,0.0,0.0,0.0,0.0,0.0,0.0,0.0,0.0,4.0,4.0,4.0,12.0,2,2.0,2.0,26.55906412532296,64.52221526442385,103.43658069024184,,,0.0,0.0,0.0,0.0,0.0
260083,north central,niger,kontagora,rural,424.0,2024,1070,guinea corn (sorghum),0.9222800135612488,300.0,126000.0,141000.0,0.4611400067806244,0.30435240268707275,0.0,0.5,0.5,0.30435240268707275,0.4611400067806244,47000.0,100.0,5.567432105541229,0.9222800135612488,0.9222800135612488,0.0,0.0,0.0,0.0,0.0,0.0,0.0,0.0,0.0,0.0,0.0,0.0,0.0,0.0,0.0,0.0,11.0,12.0,4.0,27.0,2,2.0,2.0,26.55906412532296,64.52221526442385,103.43658069024184,,,0.0,0.0,0.0,0.0,0.0
260085,north central,niger,kontagora,rural,424.0,2024,1070,guinea corn (sorghum),0.5278499722480774,200.0,84000.0,84000.0,0.5278499722480774,0.348380982875824,0.0,1.0,1.0,0.348380982875824,0.5278499722480774,0.0,0.0,0.5743014924228191,0.5278499722480774,0.5278499722480774,0.0,0.0,0.0,0.0,0.0,0.0,0.0,0.0,0.0,0.0,0.0,0.0,0.0,0.0,0.0,0.0,15.0,4.0,12.0,31.0,2,2.0,2.0,26.55906412532296,64.52221526442385,103.43658069024184,,,0.0,0.0,0.0,0.0,0.0
260086,north central,niger,kontagora,rural,424.0,2024,1070,guinea corn (sorghum),0.7875999808311462,300.0,126000.0,126000.0,0.5906999707221985,0.44302499294281006,0.0,0.75,0.75,0.44302499294281006,0.5906999707221985,0.0,0.0,1.1922859847545624,1.1922859847545624,1.1922859847545624,0.0,0.0,0.0,0.0,0.0,0.0,0.0,0.0,0.0,0.0,0.0,0.0,0.0,0.0,0.0,0.0,17.0,4.0,0.0,21.0,2,2.0,3.0,26.55906412532296,64.52221526442385,103.43658069024184,,,0.0,0.0,0.0,0.0,0.0
260087,north central,niger,kontagora,rural,424.0,2024,1070,guinea corn (sorghum),0.0667319968342781,800.0,336000.0,320000.0,0.0667319968342781,0.05004899948835373,0.0,1.0,1.0,0.05004899948835373,0.0667319968342781,200000.0,500.0,2.11318351700902,2.066731996834278,2.066731996834278,0.0,0.0,0.0,0.0,0.0,0.0,0.0,0.0,0.0,0.0,0.0,0.0,0.0,0.0,0.0,0.0,36.0,0.0,0.0,36.0,2,2.0,2.0,26.55906412532296,64.52221526442385,103.43658069024184,,,0.0,0.0,0.0,0.0,0.0
260088,north central,niger,kontagora,rural,424.0,2024,1070,guinea corn (sorghum),0.3329299986362457,1100.0,462000.0,814000.0,0.3329299986362457,0.2496975064277649,0.0,1.0,1.0,0.2496975064277649,0.3329299986362457,444000.0,600.0,0.8305190429091454,0.7376160025596619,0.7376160025596619,0.0,0.0,0.0,0.0,0.0,0.0,0.0,0.0,0.0,0.0,0.0,0.0,0.0,0.0,0.0,0.0,20.0,25.0,33.0,78.0,2,1.0,2.0,26.55906412532296,64.52221526442385,103.43658069024184,,,0.0,0.0,0.0,0.0,0.0
260089,north central,niger,kontagora,rural,424.0,2024,1070,guinea corn (sorghum),0.514270007610321,600.0,252000.0,240000.0,0.2571350038051605,0.1928512454032898,0.0,0.5,0.6024096012115479,0.1928512454032898,0.2571350038051605,80000.0,200.0,0.514270007610321,0.514270007610321,0.514270007610321,0.0,0.0,0.0,0.0,0.0,0.0,0.0,0.0,0.0,0.0,0.0,0.0,0.0,0.0,0.0,0.0,16.0,6.0,0.0,22.0,2,1.0,1.0,26.55906412532296,64.52221526442385,103.43658069024184,,,0.0,0.0,0.0,0.0,0.0
260090,north central,niger,kontagora,rural,424.0,2024,1070,guinea corn (sorghum),0.6070290207862854,800.0,336000.0,537600.0,0.3035145103931427,0.22763589024543762,0.0,0.5,0.5,0.22763589024543762,0.3035145103931427,336000.0,500.0,5.85921011865139,1.2140580266714096,1.2140580266714096,0.0,0.0,0.0,0.0,0.0,0.0,0.0,0.0,0.0,0.0,0.0,0.0,0.0,0.0,0.0,0.0,13.0,7.0,18.0,38.0,2,2.0,4.0,26.55906412532296,64.52221526442385,103.43658069024184,,,0.0,0.0,0.0,0.0,0.0
260151,north central,niger,lavun,rural,1462.0,2024,1070,guinea corn (sorghum),0.18324999511241913,1000.0,420000.0,400000.0,0.18324999511241913,0.13743749260902405,0.0,1.0,1.0,0.13743749260902405,0.18324999511241913,160000.0,400.0,0.9168270193040371,0.8239239789545536,0.8239239789545536,18.0,12.0,11.0,0.0,100.0,0.0,100.0,0.0,0.0,0.0,1.0,0.0,0.0,497000.0,0.0,0.0,12.0,2.0,10.0,24.0,2,2.0,2.0,27.750510134717587,63.49899592139414,87.06166666666667,2022.0,niger communal militia (nigeria),1.0,3.0,12.0,6.0,0.0
260152,north central,niger,lavun,rural,1462.0,2024,1070,guinea corn (sorghum),0.5209199786186218,800.0,336000.0,344000.0,0.5209199786186218,0.5209199786186218,0.0,1.0,1.0,0.5209199786186218,0.5209199786186218,215000.0,500.0,1.2550615184009075,1.2086099982261658,1.2086099982261658,63.0,42.0,38.5,0.0,350.0,0.0,350.0,0.0,0.0,10.0,1.0,0.0,0.0,0.0,0.0,0.0,16.0,25.0,22.0,63.0,2,1.0,1.0,27.750510134717587,63.49899592139414,87.06166666666667,2022.0,niger communal militia (nigeria),1.0,3.0,12.0,6.0,0.0
260153,north central,niger,lavun,rural,1462.0,2024,1070,guinea corn (sorghum),0.30232998728752136,700.0,294000.0,304500.0,0.30232998728752136,0.30232998728752136,0.0,1.0,1.0,0.30232998728752136,0.30232998728752136,174000.0,400.0,1.76282998919487,1.76282998919487,1.76282998919487,54.0,36.0,33.0,0.0,300.0,0.0,300.0,0.0,0.0,12.0,1.0,0.0,0.0,0.0,0.0,0.0,10.0,54.0,39.0,103.0,2,1.0,2.0,27.750510134717587,63.49899592139414,87.06166666666667,2022.0,niger communal militia (nigeria),1.0,3.0,12.0,6.0,0.0
260154,north central,niger,lavun,rural,1462.0,2024,1070,guinea corn (sorghum),0.472790002822876,300.0,126000.0,129000.0,0.472790002822876,0.472790002822876,0.0,1.0,1.0,0.472790002822876,0.472790002822876,86000.0,200.0,0.7508215270936489,0.7043700069189072,0.7043700069189072,45.0,30.0,27.5,0.0,250.0,0.0,250.0,0.0,0.0,5.0,1.0,0.0,0.0,0.0,0.0,0.0,21.0,0.0,0.0,21.0,2,2.0,4.0,27.750510134717587,63.49899592139414,87.06166666666667,2022.0,niger communal militia (nigeria),1.0,3.0,12.0,6.0,0.0
260155,north central,niger,lavun,rural,1462.0,2024,1070,guinea corn (sorghum),0.4096300005912781,500.0,210000.0,210000.0,0.4096300005912781,0.30722248554229736,0.0,1.0,1.0,0.30722248554229736,0.4096300005912781,0.0,0.0,0.824001532047987,0.7775500118732452,0.7775500118732452,0.0,0.0,0.0,0.0,0.0,0.0,0.0,0.0,2.0,6.0,0.0,0.0,0.0,0.0,0.0,0.0,41.0,14.0,22.0,77.0,2,2.0,2.0,27.750510134717587,63.49899592139414,87.06166666666667,2022.0,niger communal militia (nigeria),1.0,3.0,12.0,6.0,0.0
260156,north central,niger,lavun,rural,1462.0,2024,1070,guinea corn (sorghum),0.7884600162506104,600.0,252000.0,252000.0,0.3942300081253052,0.2956725060939789,0.0,0.5,0.5,0.2956725060939789,0.3942300081253052,0.0,0.0,0.7884600162506104,0.7884600162506104,0.7884600162506104,0.0,0.0,0.0,0.0,0.0,0.0,0.0,0.0,0.0,3.0,0.0,0.0,0.0,0.0,0.0,0.0,22.0,12.0,30.0,64.0,2,1.0,1.0,27.750510134717587,63.49899592139414,87.06166666666667,2022.0,niger communal militia (nigeria),1.0,3.0,12.0,6.0,0.0
260158,north central,niger,lavun,rural,1462.0,2024,1070,guinea corn (sorghum),0.8093720078468323,400.0,168000.0,168000.0,0.40468600392341614,0.3035145103931427,0.0,0.5,0.5,0.3035145103931427,0.40468600392341614,0.0,0.0,1.6154320240020752,1.6154320240020752,1.6154320240020752,32.0,6.0,5.5,0.0,50.0,50.0,100.0,0.0,0.0,2.0,1.0,0.0,0.0,444000.0,0.0,0.0,21.0,10.0,0.0,31.0,2,1.0,2.0,27.750510134717587,63.49899592139414,87.06166666666667,2022.0,niger communal militia (nigeria),1.0,3.0,12.0,6.0,0.0
260162,north central,niger,mashegu,rural,254.0,2024,1070,guinea corn (sorghum),1.416599988937378,500.0,210000.0,210000.0,1.416599988937378,1.0624499320983887,0.0,1.0,1.0,1.0624499320983887,1.416599988937378,0.0,0.0,4.590800046920776,4.590800046920776,4.590800046920776,0.0,0.0,0.0,0.0,0.0,0.0,0.0,0.0,0.0,0.0,0.0,0.0,0.0,0.0,0.0,0.0,20.0,5.0,30.0,55.0,2,1.0,2.0,27.79041972562106,63.41578250525274,89.66583333333334,2022.0,niger communal militia (nigeria),1.0,34.0,36.0,11.0,0.0
260162,north central,niger,mashegu,rural,254.0,2024,1070,guinea corn (sorghum),1.416599988937378,500.0,210000.0,210000.0,1.416599988937378,1.0624499320983887,0.0,1.0,1.0,1.0624499320983887,1.416599988937378,0.0,0.0,4.590800046920776,4.590800046920776,4.590800046920776,0.0,0.0,0.0,0.0,0.0,0.0,0.0,0.0,0.0,0.0,0.0,0.0,0.0,0.0,0.0,0.0,20.0,5.0,30.0,55.0,2,1.0,2.0,27.79041972562106,63.41578250525274,89.66583333333334,2023.0,niger communal militia (nigeria),1.0,11.0,32.0,7.0,0.0
260162,north central,niger,mashegu,rural,254.0,2024,1070,guinea corn (sorghum),1.416599988937378,500.0,210000.0,210000.0,1.416599988937378,1.0624499320983887,0.0,1.0,1.0,1.0624499320983887,1.416599988937378,0.0,0.0,4.590800046920776,4.590800046920776,4.590800046920776,0.0,0.0,0.0,0.0,0.0,0.0,0.0,0.0,0.0,0.0,0.0,0.0,0.0,0.0,0.0,0.0,20.0,5.0,30.0,55.0,2,1.0,2.0,27.79041972562106,63.41578250525274,89.66583333333334,2024.0,military forces of nigeria (2023-),1.0,1.0,1.0,1.0,1.0
260162,north central,niger,mashegu,rural,254.0,2024,1070,guinea corn (sorghum),1.416599988937378,500.0,210000.0,210000.0,1.416599988937378,1.0624499320983887,0.0,1.0,1.0,1.0624499320983887,1.416599988937378,0.0,0.0,4.590800046920776,4.590800046920776,4.590800046920776,0.0,0.0,0.0,0.0,0.0,0.0,0.0,0.0,0.0,0.0,0.0,0.0,0.0,0.0,0.0,0.0,20.0,5.0,30.0,55.0,2,1.0,2.0,27.79041972562106,63.41578250525274,89.66583333333334,2024.0,niger communal militia (nigeria),1.0,0.0,2.0,2.0,0.0
260163,north central,niger,mashegu,rural,254.0,2024,1070,guinea corn (sorghum),1.2140580415725708,200.0,84000.0,84000.0,0.6070290207862854,0.45527178049087524,0.0,0.5,0.5,0.45527178049087524,0.6070290207862854,0.0,0.0,6.060360930860043,5.967457890510559,5.967457890510559,32.0,6.0,5.5,0.0,50.0,50.0,100.0,0.0,0.0,3.0,1.0,0.0,0.0,0.0,0.0,0.0,13.0,8.0,0.0,21.0,2,2.0,4.0,27.79041972562106,63.41578250525274,89.66583333333334,2022.0,niger communal militia (nigeria),1.0,34.0,36.0,11.0,0.0
260163,north central,niger,mashegu,rural,254.0,2024,1070,guinea corn (sorghum),1.2140580415725708,200.0,84000.0,84000.0,0.6070290207862854,0.45527178049087524,0.0,0.5,0.5,0.45527178049087524,0.6070290207862854,0.0,0.0,6.060360930860043,5.967457890510559,5.967457890510559,32.0,6.0,5.5,0.0,50.0,50.0,100.0,0.0,0.0,3.0,1.0,0.0,0.0,0.0,0.0,0.0,13.0,8.0,0.0,21.0,2,2.0,4.0,27.79041972562106,63.41578250525274,89.66583333333334,2023.0,niger communal militia (nigeria),1.0,11.0,32.0,7.0,0.0
260163,north central,niger,mashegu,rural,254.0,2024,1070,guinea corn (sorghum),1.2140580415725708,200.0,84000.0,84000.0,0.6070290207862854,0.45527178049087524,0.0,0.5,0.5,0.45527178049087524,0.6070290207862854,0.0,0.0,6.060360930860043,5.967457890510559,5.967457890510559,32.0,6.0,5.5,0.0,50.0,50.0,100.0,0.0,0.0,3.0,1.0,0.0,0.0,0.0,0.0,0.0,13.0,8.0,0.0,21.0,2,2.0,4.0,27.79041972562106,63.41578250525274,89.66583333333334,2024.0,military forces of nigeria (2023-),1.0,1.0,1.0,1.0,1.0
260163,north central,niger,mashegu,rural,254.0,2024,1070,guinea corn (sorghum),1.2140580415725708,200.0,84000.0,84000.0,0.6070290207862854,0.45527178049087524,0.0,0.5,0.5,0.45527178049087524,0.6070290207862854,0.0,0.0,6.060360930860043,5.967457890510559,5.967457890510559,32.0,6.0,5.5,0.0,50.0,50.0,100.0,0.0,0.0,3.0,1.0,0.0,0.0,0.0,0.0,0.0,13.0,8.0,0.0,21.0,2,2.0,4.0,27.79041972562106,63.41578250525274,89.66583333333334,2024.0,niger communal militia (nigeria),1.0,0.0,2.0,2.0,0.0
260164,north central,niger,mashegu,rural,254.0,2024,1070,guinea corn (sorghum),2.3783700466156006,1300.0,546000.0,546000.0,1.6201785802841187,1.2151339054107666,0.0,1.4680851101875305,1.4680851101875305,1.2151339054107666,1.6201785802841187,0.0,0.0,2.471273086965084,2.3783700466156006,2.3783700466156006,0.0,0.0,0.0,0.0,0.0,0.0,0.0,0.0,0.0,0.0,0.0,0.0,0.0,0.0,0.0,0.0,18.0,6.0,30.0,54.0,2,1.0,2.0,27.79041972562106,63.41578250525274,89.66583333333334,2022.0,niger communal militia (nigeria),1.0,34.0,36.0,11.0,0.0
260164,north central,niger,mashegu,rural,254.0,2024,1070,guinea corn (sorghum),2.3783700466156006,1300.0,546000.0,546000.0,1.6201785802841187,1.2151339054107666,0.0,1.4680851101875305,1.4680851101875305,1.2151339054107666,1.6201785802841187,0.0,0.0,2.471273086965084,2.3783700466156006,2.3783700466156006,0.0,0.0,0.0,0.0,0.0,0.0,0.0,0.0,0.0,0.0,0.0,0.0,0.0,0.0,0.0,0.0,18.0,6.0,30.0,54.0,2,1.0,2.0,27.79041972562106,63.41578250525274,89.66583333333334,2023.0,niger communal militia (nigeria),1.0,11.0,32.0,7.0,0.0
260164,north central,niger,mashegu,rural,254.0,2024,1070,guinea corn (sorghum),2.3783700466156006,1300.0,546000.0,546000.0,1.6201785802841187,1.2151339054107666,0.0,1.4680851101875305,1.4680851101875305,1.2151339054107666,1.6201785802841187,0.0,0.0,2.471273086965084,2.3783700466156006,2.3783700466156006,0.0,0.0,0.0,0.0,0.0,0.0,0.0,0.0,0.0,0.0,0.0,0.0,0.0,0.0,0.0,0.0,18.0,6.0,30.0,54.0,2,1.0,2.0,27.79041972562106,63.41578250525274,89.66583333333334,2024.0,military forces of nigeria (2023-),1.0,1.0,1.0,1.0,1.0
260164,north central,niger,mashegu,rural,254.0,2024,1070,guinea corn (sorghum),2.3783700466156006,1300.0,546000.0,546000.0,1.6201785802841187,1.2151339054107666,0.0,1.4680851101875305,1.4680851101875305,1.2151339054107666,1.6201785802841187,0.0,0.0,2.471273086965084,2.3783700466156006,2.3783700466156006,0.0,0.0,0.0,0.0,0.0,0.0,0.0,0.0,0.0,0.0,0.0,0.0,0.0,0.0,0.0,0.0,18.0,6.0,30.0,54.0,2,1.0,2.0,27.79041972562106,63.41578250525274,89.66583333333334,2024.0,niger communal militia (nigeria),1.0,0.0,2.0,2.0,0.0
260166,north central,niger,mashegu,rural,254.0,2024,1070,guinea corn (sorghum),0.31755998730659485,400.0,168000.0,168000.0,0.15877999365329742,0.11908499896526337,0.0,0.5,0.5,0.11908499896526337,0.15877999365329742,0.0,0.0,2.126931995153427,1.1269319951534271,1.1269319951534271,32.0,6.0,5.5,0.0,50.0,50.0,100.0,0.0,0.0,2.0,1.0,0.0,0.0,0.0,0.0,0.0,23.0,12.0,0.0,35.0,2,2.0,3.0,27.79041972562106,63.41578250525274,89.66583333333334,2022.0,niger communal militia (nigeria),1.0,34.0,36.0,11.0,0.0
260166,north central,niger,mashegu,rural,254.0,2024,1070,guinea corn (sorghum),0.31755998730659485,400.0,168000.0,168000.0,0.15877999365329742,0.11908499896526337,0.0,0.5,0.5,0.11908499896526337,0.15877999365329742,0.0,0.0,2.126931995153427,1.1269319951534271,1.1269319951534271,32.0,6.0,5.5,0.0,50.0,50.0,100.0,0.0,0.0,2.0,1.0,0.0,0.0,0.0,0.0,0.0,23.0,12.0,0.0,35.0,2,2.0,3.0,27.79041972562106,63.41578250525274,89.66583333333334,2023.0,niger communal militia (nigeria),1.0,11.0,32.0,7.0,0.0
260166,north central,niger,mashegu,rural,254.0,2024,1070,guinea corn (sorghum),0.31755998730659485,400.0,168000.0,168000.0,0.15877999365329742,0.11908499896526337,0.0,0.5,0.5,0.11908499896526337,0.15877999365329742,0.0,0.0,2.126931995153427,1.1269319951534271,1.1269319951534271,32.0,6.0,5.5,0.0,50.0,50.0,100.0,0.0,0.0,2.0,1.0,0.0,0.0,0.0,0.0,0.0,23.0,12.0,0.0,35.0,2,2.0,3.0,27.79041972562106,63.41578250525274,89.66583333333334,2024.0,military forces of nigeria (2023-),1.0,1.0,1.0,1.0,1.0
260166,north central,niger,mashegu,rural,254.0,2024,1070,guinea corn (sorghum),0.31755998730659485,400.0,168000.0,168000.0,0.15877999365329742,0.11908499896526337,0.0,0.5,0.5,0.11908499896526337,0.15877999365329742,0.0,0.0,2.126931995153427,1.1269319951534271,1.1269319951534271,32.0,6.0,5.5,0.0,50.0,50.0,100.0,0.0,0.0,2.0,1.0,0.0,0.0,0.0,0.0,0.0,23.0,12.0,0.0,35.0,2,2.0,3.0,27.79041972562106,63.41578250525274,89.66583333333334,2024.0,niger communal militia (nigeria),1.0,0.0,2.0,2.0,0.0
260167,north central,niger,mashegu,rural,254.0,2024,1070,guinea corn (sorghum),2.2014999389648438,1000.0,420000.0,400000.0,2.2014999389648438,1.6511249542236328,0.0,1.0,1.0,1.6511249542236328,2.2014999389648438,200000.0,500.0,2.749799966812134,2.749799966812134,2.749799966812134,18.0,12.0,11.0,0.0,100.0,0.0,100.0,0.0,0.0,2.0,1.0,0.0,0.0,0.0,0.0,0.0,31.0,5.0,4.0,40.0,2,1.0,2.0,27.79041972562106,63.41578250525274,89.66583333333334,2022.0,niger communal militia (nigeria),1.0,34.0,36.0,11.0,0.0
260167,north central,niger,mashegu,rural,254.0,2024,1070,guinea corn (sorghum),2.2014999389648438,1000.0,420000.0,400000.0,2.2014999389648438,1.6511249542236328,0.0,1.0,1.0,1.6511249542236328,2.2014999389648438,200000.0,500.0,2.749799966812134,2.749799966812134,2.749799966812134,18.0,12.0,11.0,0.0,100.0,0.0,100.0,0.0,0.0,2.0,1.0,0.0,0.0,0.0,0.0,0.0,31.0,5.0,4.0,40.0,2,1.0,2.0,27.79041972562106,63.41578250525274,89.66583333333334,2023.0,niger communal militia (nigeria),1.0,11.0,32.0,7.0,0.0
260167,north central,niger,mashegu,rural,254.0,2024,1070,guinea corn (sorghum),2.2014999389648438,1000.0,420000.0,400000.0,2.2014999389648438,1.6511249542236328,0.0,1.0,1.0,1.6511249542236328,2.2014999389648438,200000.0,500.0,2.749799966812134,2.749799966812134,2.749799966812134,18.0,12.0,11.0,0.0,100.0,0.0,100.0,0.0,0.0,2.0,1.0,0.0,0.0,0.0,0.0,0.0,31.0,5.0,4.0,40.0,2,1.0,2.0,27.79041972562106,63.41578250525274,89.66583333333334,2024.0,military forces of nigeria (2023-),1.0,1.0,1.0,1.0,1.0
260167,north central,niger,mashegu,rural,254.0,2024,1070,guinea corn (sorghum),2.2014999389648438,1000.0,420000.0,400000.0,2.2014999389648438,1.6511249542236328,0.0,1.0,1.0,1.6511249542236328,2.2014999389648438,200000.0,500.0,2.749799966812134,2.749799966812134,2.749799966812134,18.0,12.0,11.0,0.0,100.0,0.0,100.0,0.0,0.0,2.0,1.0,0.0,0.0,0.0,0.0,0.0,31.0,5.0,4.0,40.0,2,1.0,2.0,27.79041972562106,63.41578250525274,89.66583333333334,2024.0,niger communal militia (nigeria),1.0,0.0,2.0,2.0,0.0
269013,north central,niger,borgu,rural,1652.0,2024,1070,guinea corn (sorghum),0.21797999739646912,1600.0,672000.0,672000.0,0.21797999739646912,0.21797999739646912,0.0,1.0,1.0,0.21797999739646912,0.21797999739646912,336000.0,800.0,0.5204130336642265,0.42750999331474304,0.42750999331474304,114.0,30.0,27.5,0.0,250.0,150.0,400.0,0.0,3.0,6.0,1.0,0.0,0.0,0.0,0.0,0.0,25.0,10.0,29.0,64.0,2,1.0,2.0,26.55906412532296,64.52221526442385,103.43658069024184,,,0.0,0.0,0.0,0.0,0.0
269014,north central,niger,borgu,rural,1652.0,2024,1070,guinea corn (sorghum),0.20500999689102173,800.0,336000.0,336000.0,0.20500999689102173,0.1537574976682663,0.0,1.0,1.0,0.1537574976682663,0.20500999689102173,0.0,0.0,0.7624330446124077,0.6695300042629242,0.6695300042629242,18.0,12.0,11.0,0.0,100.0,0.0,100.0,0.0,0.0,6.0,1.0,0.0,0.0,0.0,0.0,0.0,28.0,4.0,0.0,32.0,2,1.0,2.0,26.55906412532296,64.52221526442385,103.43658069024184,,,0.0,0.0,0.0,0.0,0.0
269015,north central,niger,borgu,rural,1652.0,2024,1070,guinea corn (sorghum),0.16610999405384064,400.0,168000.0,108000.0,0.08305499702692032,0.05481630191206932,0.0,0.5,0.5,0.05481630191206932,0.08305499702692032,54000.0,200.0,1.9025490432977676,1.4025490432977676,1.4025490432977676,72.0,48.0,44.0,0.0,400.0,0.0,400.0,0.0,0.0,3.02,1.0,0.0,0.0,0.0,0.0,0.0,21.0,6.0,6.0,33.0,2,2.0,3.0,26.55906412532296,64.52221526442385,103.43658069024184,,,0.0,0.0,0.0,0.0,0.0
269018,north central,niger,borgu,rural,1652.0,2024,1070,guinea corn (sorghum),0.5623399913311005,1700.0,714000.0,714000.0,0.4083849936723709,0.3062887489795685,0.0,1.5,1.5,0.3062887489795685,0.4083849936723709,0.0,0.0,0.8230415098369122,0.7765899896621704,0.7765899896621704,27.0,18.0,16.5,0.0,150.0,0.0,150.0,0.0,0.0,3.0,1.0,0.0,0.0,0.0,0.0,0.0,24.0,6.0,2.0,32.0,2,2.0,4.0,26.55906412532296,64.52221526442385,103.43658069024184,,,0.0,0.0,0.0,0.0,0.0
269019,north central,niger,borgu,rural,1652.0,2024,1070,guinea corn (sorghum),0.12221000343561172,800.0,336000.0,336000.0,0.06110500171780586,0.04582875221967697,0.0,0.5,0.5,0.04582875221967697,0.06110500171780586,0.0,0.0,0.2943900004029274,0.2943900004029274,0.2943900004029274,0.0,0.0,0.0,0.0,0.0,0.0,0.0,0.0,0.0,20.0,0.0,0.0,0.0,0.0,0.0,0.0,27.0,6.0,18.0,51.0,2,1.0,2.0,26.55906412532296,64.52221526442385,103.43658069024184,,,0.0,0.0,0.0,0.0,0.0
269020,north central,niger,borgu,rural,1652.0,2024,1070,guinea corn (sorghum),0.21351000666618347,600.0,252000.0,288000.0,0.10675500333309174,0.0704583078622818,0.0,0.5,0.5,0.0704583078622818,0.10675500333309174,192000.0,400.0,0.21351000666618347,0.21351000666618347,0.21351000666618347,0.0,0.0,0.0,0.0,0.0,0.0,0.0,0.0,0.0,0.0,0.0,0.0,0.0,0.0,0.0,0.0,12.0,16.0,16.0,44.0,2,1.0,1.0,26.55906412532296,64.52221526442385,103.43658069024184,,,0.0,0.0,0.0,0.0,0.0
269023,north central,niger,borgu,rural,1652.0,2024,1070,guinea corn (sorghum),0.09327699989080429,550.0,231000.0,231000.0,0.046638499945402145,0.03078141063451767,0.0,0.5,0.5,0.0,0.0,0.0,0.0,9.730151169002056,0.4398469850420952,0.4398469850420952,9.0,6.0,5.5,6.0,50.0,0.0,50.0,600.0,4.0,9.0,1.0,0.0,0.0,148800.0,0.0,0.0,25.0,12.0,10.0,47.0,2,2.0,3.0,26.55906412532296,64.52221526442385,103.43658069024184,,,0.0,0.0,0.0,0.0,0.0
269024,north central,niger,borgu,rural,1652.0,2024,1070,guinea corn (sorghum),0.8119999766349792,700.0,294000.0,294000.0,0.4059999883174896,0.3044999837875366,0.0,0.5,0.5,0.3044999837875366,0.4059999883174896,0.0,0.0,6.275142058730125,1.629989966750145,1.629989966750145,82.0,24.0,22.0,0.0,200.0,100.0,300.0,0.0,0.0,3.0,1.0,0.0,0.0,0.0,0.0,0.0,8.0,0.0,0.0,8.0,2,2.0,3.0,26.55906412532296,64.52221526442385,103.43658069024184,,,0.0,0.0,0.0,0.0,0.0
269031,north central,niger,gbako,rural,786.0,2024,1070,guinea corn (sorghum),1.4950000047683716,600.0,252000.0,252000.0,0.7475000023841858,0.5606250166893005,0.0,0.5,0.5,0.5606250166893005,0.7475000023841858,0.0,0.0,8.214133143424988,2.759609043598175,3.5689810514450073,0.0,0.0,0.0,0.0,0.0,0.0,0.0,0.0,0.0,0.0,0.0,0.0,0.0,0.0,0.0,0.0,14.0,0.0,0.0,14.0,2,3.0,5.0,26.55906412532296,64.52221526442385,103.43658069024184,,,0.0,0.0,0.0,0.0,0.0
269033,north central,niger,gbako,rural,786.0,2024,1070,guinea corn (sorghum),0.43340998888015747,500.0,210000.0,210000.0,0.18681463599205017,0.14011096954345703,0.0,0.4310344457626343,0.43103447556495667,0.14011096954345703,0.18681463599205017,0.0,0.0,6.506970107555389,1.861818015575409,1.861818015575409,32.0,6.0,5.5,0.0,50.0,50.0,100.0,0.0,0.0,2.0,1.0,0.0,0.0,0.0,0.0,0.0,4.0,4.0,0.0,8.0,2,1.0,6.0,26.55906412532296,64.52221526442385,103.43658069024184,,,0.0,0.0,0.0,0.0,0.0
269034,north central,niger,gbako,rural,786.0,2024,1070,guinea corn (sorghum),0.3900899887084961,400.0,168000.0,168000.0,0.0039008997846394777,0.0025745939929038286,0.0,0.009999999776482582,0.3333333432674408,0.0,0.0,0.0,0.0,1.3856599926948547,1.3856599926948547,1.3856599926948547,0.0,0.0,0.0,0.0,0.0,0.0,0.0,0.0,0.0,0.0,0.0,0.0,0.0,0.0,0.0,0.0,19.0,0.0,0.0,19.0,2,1.0,2.0,26.55906412532296,64.52221526442385,103.43658069024184,,,0.0,0.0,0.0,0.0,0.0
269035,north central,niger,gbako,rural,786.0,2024,1070,guinea corn (sorghum),0.40468600392341614,300.0,126000.0,126000.0,0.1798604428768158,0.13489532470703125,0.0,0.4444444477558136,0.4444444477558136,0.13489532470703125,0.1798604428768158,0.0,0.0,1.356849066913128,1.2639460265636444,1.2639460265636444,0.0,0.0,0.0,0.0,0.0,0.0,0.0,0.0,0.0,0.0,0.0,0.0,0.0,0.0,0.0,0.0,14.0,2.0,0.0,16.0,2,1.0,1.0,26.55906412532296,64.52221526442385,103.43658069024184,,,0.0,0.0,0.0,0.0,0.0
269043,north central,niger,gurara,rural,204.0,2024,1070,guinea corn (sorghum),0.125792995095253,600.0,252000.0,252000.0,0.125792995095253,0.09434475004673004,0.0,1.0,1.0,0.09434475004673004,0.125792995095253,0.0,0.0,5.088044609874487,5.041593089699745,5.041593089699745,0.0,0.0,0.0,0.0,0.0,0.0,0.0,0.0,0.0,0.0,0.0,0.0,0.0,0.0,0.0,0.0,13.0,6.0,0.0,19.0,2,1.0,1.0,26.55906412532296,64.52221526442385,103.43658069024184,,,0.0,0.0,0.0,0.0,0.0
269046,north central,niger,gurara,rural,204.0,2024,1070,guinea corn (sorghum),1.0,7.0,2940.0,2940.0,0.4285714328289032,0.3214285671710968,0.0,0.4285714328289032,0.4285714328289032,0.3214285671710968,0.4285714328289032,0.0,0.0,1.400429017841816,1.400429017841816,1.400429017841816,0.0,0.0,0.0,0.0,0.0,0.0,0.0,0.0,0.0,0.0,0.0,0.0,0.0,0.0,0.0,0.0,20.0,15.0,2.0,37.0,2,1.0,1.0,26.55906412532296,64.52221526442385,103.43658069024184,,,0.0,0.0,0.0,0.0,0.0
269051,north central,niger,mariga,rural,556.0,2024,1070,guinea corn (sorghum),0.41335999965667725,400.0,168000.0,168000.0,0.27281761169433594,0.20461320877075195,0.0,0.6600000262260437,0.6666666865348816,0.20461320877075195,0.27281761169433594,0.0,0.0,0.5062630400061607,0.41335999965667725,0.41335999965667725,9.0,6.0,5.5,0.0,50.0,0.0,50.0,0.0,0.0,1.0,1.0,0.0,0.0,0.0,0.0,0.0,10.0,12.0,0.0,22.0,2,1.0,1.0,26.55906412532296,64.52221526442385,103.43658069024184,,,0.0,0.0,0.0,0.0,0.0
269055,north central,niger,mariga,rural,556.0,2024,1070,guinea corn (sorghum),0.24490000307559967,1000.0,420000.0,720000.0,0.24490000307559967,0.18367500603199005,0.0,1.0,1.0,0.18367500603199005,0.24490000307559967,504000.0,700.0,0.5591390430927277,0.46623600274324417,0.46623600274324417,96.0,18.0,16.5,0.0,150.0,150.0,300.0,0.0,2.0,14.0,1.0,0.0,0.0,0.0,0.0,0.0,48.0,16.0,36.0,100.0,2,2.0,2.0,26.55906412532296,64.52221526442385,103.43658069024184,,,0.0,0.0,0.0,0.0,0.0
269056,north central,niger,mariga,rural,556.0,2024,1070,guinea corn (sorghum),0.7824699878692627,600.0,252000.0,252000.0,0.39123499393463135,0.2934262454509735,0.0,0.5,0.5,0.2934262454509735,0.39123499393463135,0.0,0.0,3.7982879877090454,2.2982879877090454,2.2982879877090454,0.0,0.0,0.0,0.0,0.0,0.0,0.0,0.0,6.0,8.0,0.0,0.0,0.0,0.0,0.0,0.0,39.0,6.0,9.0,54.0,2,1.0,1.0,26.55906412532296,64.52221526442385,103.43658069024184,,,0.0,0.0,0.0,0.0,0.0
269059,north central,niger,mariga,rural,556.0,2024,1070,guinea corn (sorghum),0.6839600205421448,500.0,210000.0,210000.0,0.3419800102710724,0.2257068157196045,0.0,0.5,0.5,0.2257068157196045,0.3419800102710724,0.0,0.0,1.219533048570156,1.1266300082206726,1.1266300082206726,32.0,6.0,5.5,0.0,50.0,50.0,100.0,0.0,0.0,2.0,1.0,0.0,0.0,0.0,0.0,0.0,30.0,9.0,15.0,54.0,2,1.0,1.0,26.55906412532296,64.52221526442385,103.43658069024184,,,0.0,0.0,0.0,0.0,0.0
269061,north central,niger,mashegu,rural,584.0,2024,1070,guinea corn (sorghum),0.34681999683380127,700.0,294000.0,280000.0,0.34681999683380127,0.17340999841690063,0.0,1.0,1.0,0.17340999841690063,0.34681999683380127,200000.0,500.0,0.6935315243899822,0.6470800042152405,0.6470800042152405,0.0,0.0,0.0,0.0,0.0,0.0,0.0,0.0,0.0,0.0,0.0,0.0,0.0,308000.0,0.0,0.0,6.0,11.0,0.0,17.0,2,2.0,3.0,27.79041972562106,63.41578250525274,89.66583333333334,2022.0,niger communal militia (nigeria),1.0,34.0,36.0,11.0,0.0
269061,north central,niger,mashegu,rural,584.0,2024,1070,guinea corn (sorghum),0.34681999683380127,700.0,294000.0,280000.0,0.34681999683380127,0.17340999841690063,0.0,1.0,1.0,0.17340999841690063,0.34681999683380127,200000.0,500.0,0.6935315243899822,0.6470800042152405,0.6470800042152405,0.0,0.0,0.0,0.0,0.0,0.0,0.0,0.0,0.0,0.0,0.0,0.0,0.0,308000.0,0.0,0.0,6.0,11.0,0.0,17.0,2,2.0,3.0,27.79041972562106,63.41578250525274,89.66583333333334,2023.0,niger communal militia (nigeria),1.0,11.0,32.0,7.0,0.0
269061,north central,niger,mashegu,rural,584.0,2024,1070,guinea corn (sorghum),0.34681999683380127,700.0,294000.0,280000.0,0.34681999683380127,0.17340999841690063,0.0,1.0,1.0,0.17340999841690063,0.34681999683380127,200000.0,500.0,0.6935315243899822,0.6470800042152405,0.6470800042152405,0.0,0.0,0.0,0.0,0.0,0.0,0.0,0.0,0.0,0.0,0.0,0.0,0.0,308000.0,0.0,0.0,6.0,11.0,0.0,17.0,2,2.0,3.0,27.79041972562106,63.41578250525274,89.66583333333334,2024.0,military forces of nigeria (2023-),1.0,1.0,1.0,1.0,1.0
269061,north central,niger,mashegu,rural,584.0,2024,1070,guinea corn (sorghum),0.34681999683380127,700.0,294000.0,280000.0,0.34681999683380127,0.17340999841690063,0.0,1.0,1.0,0.17340999841690063,0.34681999683380127,200000.0,500.0,0.6935315243899822,0.6470800042152405,0.6470800042152405,0.0,0.0,0.0,0.0,0.0,0.0,0.0,0.0,0.0,0.0,0.0,0.0,0.0,308000.0,0.0,0.0,6.0,11.0,0.0,17.0,2,2.0,3.0,27.79041972562106,63.41578250525274,89.66583333333334,2024.0,niger communal militia (nigeria),1.0,0.0,2.0,2.0,0.0
269062,north central,niger,mashegu,rural,584.0,2024,1070,guinea corn (sorghum),0.8093720078468323,300.0,126000.0,126000.0,0.40468600392341614,0.3035145103931427,0.0,0.5,0.5,0.3035145103931427,0.40468600392341614,0.0,0.0,1.5924935452640057,1.546042025089264,1.546042025089264,32.0,6.0,5.5,0.0,50.0,50.0,100.0,0.0,0.0,2.0,1.0,0.0,0.0,0.0,0.0,0.0,20.0,4.0,0.0,24.0,2,1.0,1.0,27.79041972562106,63.41578250525274,89.66583333333334,2022.0,niger communal militia (nigeria),1.0,34.0,36.0,11.0,0.0
269062,north central,niger,mashegu,rural,584.0,2024,1070,guinea corn (sorghum),0.8093720078468323,300.0,126000.0,126000.0,0.40468600392341614,0.3035145103931427,0.0,0.5,0.5,0.3035145103931427,0.40468600392341614,0.0,0.0,1.5924935452640057,1.546042025089264,1.546042025089264,32.0,6.0,5.5,0.0,50.0,50.0,100.0,0.0,0.0,2.0,1.0,0.0,0.0,0.0,0.0,0.0,20.0,4.0,0.0,24.0,2,1.0,1.0,27.79041972562106,63.41578250525274,89.66583333333334,2023.0,niger communal militia (nigeria),1.0,11.0,32.0,7.0,0.0
269062,north central,niger,mashegu,rural,584.0,2024,1070,guinea corn (sorghum),0.8093720078468323,300.0,126000.0,126000.0,0.40468600392341614,0.3035145103931427,0.0,0.5,0.5,0.3035145103931427,0.40468600392341614,0.0,0.0,1.5924935452640057,1.546042025089264,1.546042025089264,32.0,6.0,5.5,0.0,50.0,50.0,100.0,0.0,0.0,2.0,1.0,0.0,0.0,0.0,0.0,0.0,20.0,4.0,0.0,24.0,2,1.0,1.0,27.79041972562106,63.41578250525274,89.66583333333334,2024.0,military forces of nigeria (2023-),1.0,1.0,1.0,1.0,1.0
269062,north central,niger,mashegu,rural,584.0,2024,1070,guinea corn (sorghum),0.8093720078468323,300.0,126000.0,126000.0,0.40468600392341614,0.3035145103931427,0.0,0.5,0.5,0.3035145103931427,0.40468600392341614,0.0,0.0,1.5924935452640057,1.546042025089264,1.546042025089264,32.0,6.0,5.5,0.0,50.0,50.0,100.0,0.0,0.0,2.0,1.0,0.0,0.0,0.0,0.0,0.0,20.0,4.0,0.0,24.0,2,1.0,1.0,27.79041972562106,63.41578250525274,89.66583333333334,2024.0,niger communal militia (nigeria),1.0,0.0,2.0,2.0,0.0
269067,north central,niger,mashegu,rural,584.0,2024,1070,guinea corn (sorghum),1.2140580415725708,500.0,210000.0,240000.0,0.6070290207862854,0.4006391763687134,0.0,0.5,0.5,0.4006391763687134,0.6070290207862854,144000.0,300.0,3.0124661549925804,2.919563114643097,2.919563114643097,0.0,0.0,0.0,5.0,0.0,0.0,0.0,500.0,0.0,0.0,0.0,0.0,0.0,81000.0,0.0,0.0,26.0,18.0,6.0,50.0,2,1.0,1.0,27.79041972562106,63.41578250525274,89.66583333333334,2022.0,niger communal militia (nigeria),1.0,34.0,36.0,11.0,0.0
269067,north central,niger,mashegu,rural,584.0,2024,1070,guinea corn (sorghum),1.2140580415725708,500.0,210000.0,240000.0,0.6070290207862854,0.4006391763687134,0.0,0.5,0.5,0.4006391763687134,0.6070290207862854,144000.0,300.0,3.0124661549925804,2.919563114643097,2.919563114643097,0.0,0.0,0.0,5.0,0.0,0.0,0.0,500.0,0.0,0.0,0.0,0.0,0.0,81000.0,0.0,0.0,26.0,18.0,6.0,50.0,2,1.0,1.0,27.79041972562106,63.41578250525274,89.66583333333334,2023.0,niger communal militia (nigeria),1.0,11.0,32.0,7.0,0.0
269067,north central,niger,mashegu,rural,584.0,2024,1070,guinea corn (sorghum),1.2140580415725708,500.0,210000.0,240000.0,0.6070290207862854,0.4006391763687134,0.0,0.5,0.5,0.4006391763687134,0.6070290207862854,144000.0,300.0,3.0124661549925804,2.919563114643097,2.919563114643097,0.0,0.0,0.0,5.0,0.0,0.0,0.0,500.0,0.0,0.0,0.0,0.0,0.0,81000.0,0.0,0.0,26.0,18.0,6.0,50.0,2,1.0,1.0,27.79041972562106,63.41578250525274,89.66583333333334,2024.0,military forces of nigeria (2023-),1.0,1.0,1.0,1.0,1.0
269067,north central,niger,mashegu,rural,584.0,2024,1070,guinea corn (sorghum),1.2140580415725708,500.0,210000.0,240000.0,0.6070290207862854,0.4006391763687134,0.0,0.5,0.5,0.4006391763687134,0.6070290207862854,144000.0,300.0,3.0124661549925804,2.919563114643097,2.919563114643097,0.0,0.0,0.0,5.0,0.0,0.0,0.0,500.0,0.0,0.0,0.0,0.0,0.0,81000.0,0.0,0.0,26.0,18.0,6.0,50.0,2,1.0,1.0,27.79041972562106,63.41578250525274,89.66583333333334,2024.0,niger communal militia (nigeria),1.0,0.0,2.0,2.0,0.0
269068,north central,niger,mashegu,rural,584.0,2024,1070,guinea corn (sorghum),0.8549100160598755,500.0,210000.0,210000.0,0.36691418290138245,0.27518564462661743,0.0,0.42918455600738525,0.42918455600738525,0.27518564462661743,0.36691418290138245,0.0,0.0,1.7113200426101685,1.7113200426101685,1.7113200426101685,0.0,0.0,0.0,0.0,0.0,0.0,0.0,0.0,0.0,0.0,0.0,0.0,0.0,252000.0,0.0,0.0,8.0,17.0,30.0,55.0,2,1.0,1.0,27.79041972562106,63.41578250525274,89.66583333333334,2022.0,niger communal militia (nigeria),1.0,34.0,36.0,11.0,0.0
269068,north central,niger,mashegu,rural,584.0,2024,1070,guinea corn (sorghum),0.8549100160598755,500.0,210000.0,210000.0,0.36691418290138245,0.27518564462661743,0.0,0.42918455600738525,0.42918455600738525,0.27518564462661743,0.36691418290138245,0.0,0.0,1.7113200426101685,1.7113200426101685,1.7113200426101685,0.0,0.0,0.0,0.0,0.0,0.0,0.0,0.0,0.0,0.0,0.0,0.0,0.0,252000.0,0.0,0.0,8.0,17.0,30.0,55.0,2,1.0,1.0,27.79041972562106,63.41578250525274,89.66583333333334,2023.0,niger communal militia (nigeria),1.0,11.0,32.0,7.0,0.0
269068,north central,niger,mashegu,rural,584.0,2024,1070,guinea corn (sorghum),0.8549100160598755,500.0,210000.0,210000.0,0.36691418290138245,0.27518564462661743,0.0,0.42918455600738525,0.42918455600738525,0.27518564462661743,0.36691418290138245,0.0,0.0,1.7113200426101685,1.7113200426101685,1.7113200426101685,0.0,0.0,0.0,0.0,0.0,0.0,0.0,0.0,0.0,0.0,0.0,0.0,0.0,252000.0,0.0,0.0,8.0,17.0,30.0,55.0,2,1.0,1.0,27.79041972562106,63.41578250525274,89.66583333333334,2024.0,military forces of nigeria (2023-),1.0,1.0,1.0,1.0,1.0
269068,north central,niger,mashegu,rural,584.0,2024,1070,guinea corn (sorghum),0.8549100160598755,500.0,210000.0,210000.0,0.36691418290138245,0.27518564462661743,0.0,0.42918455600738525,0.42918455600738525,0.27518564462661743,0.36691418290138245,0.0,0.0,1.7113200426101685,1.7113200426101685,1.7113200426101685,0.0,0.0,0.0,0.0,0.0,0.0,0.0,0.0,0.0,0.0,0.0,0.0,0.0,252000.0,0.0,0.0,8.0,17.0,30.0,55.0,2,1.0,1.0,27.79041972562106,63.41578250525274,89.66583333333334,2024.0,niger communal militia (nigeria),1.0,0.0,2.0,2.0,0.0
269069,north central,niger,mashegu,rural,584.0,2024,1070,guinea corn (sorghum),1.376230001449585,1000.0,420000.0,420000.0,0.6881150007247925,0.5160862654447556,0.0,1.0,1.0,0.5160862654447556,0.6881150007247925,0.0,0.0,6.021382093429565,1.376230001449585,1.376230001449585,18.0,12.0,11.0,0.0,100.0,0.0,100.0,0.0,0.0,2.0,1.0,0.0,0.0,0.0,0.0,0.0,9.0,4.0,0.0,13.0,2,2.0,2.0,27.79041972562106,63.41578250525274,89.66583333333334,2022.0,niger communal militia (nigeria),1.0,34.0,36.0,11.0,0.0
269069,north central,niger,mashegu,rural,584.0,2024,1070,guinea corn (sorghum),1.376230001449585,1000.0,420000.0,420000.0,0.6881150007247925,0.5160862654447556,0.0,1.0,1.0,0.5160862654447556,0.6881150007247925,0.0,0.0,6.021382093429565,1.376230001449585,1.376230001449585,18.0,12.0,11.0,0.0,100.0,0.0,100.0,0.0,0.0,2.0,1.0,0.0,0.0,0.0,0.0,0.0,9.0,4.0,0.0,13.0,2,2.0,2.0,27.79041972562106,63.41578250525274,89.66583333333334,2023.0,niger communal militia (nigeria),1.0,11.0,32.0,7.0,0.0
269069,north central,niger,mashegu,rural,584.0,2024,1070,guinea corn (sorghum),1.376230001449585,1000.0,420000.0,420000.0,0.6881150007247925,0.5160862654447556,0.0,1.0,1.0,0.5160862654447556,0.6881150007247925,0.0,0.0,6.021382093429565,1.376230001449585,1.376230001449585,18.0,12.0,11.0,0.0,100.0,0.0,100.0,0.0,0.0,2.0,1.0,0.0,0.0,0.0,0.0,0.0,9.0,4.0,0.0,13.0,2,2.0,2.0,27.79041972562106,63.41578250525274,89.66583333333334,2024.0,military forces of nigeria (2023-),1.0,1.0,1.0,1.0,1.0
269069,north central,niger,mashegu,rural,584.0,2024,1070,guinea corn (sorghum),1.376230001449585,1000.0,420000.0,420000.0,0.6881150007247925,0.5160862654447556,0.0,1.0,1.0,0.5160862654447556,0.6881150007247925,0.0,0.0,6.021382093429565,1.376230001449585,1.376230001449585,18.0,12.0,11.0,0.0,100.0,0.0,100.0,0.0,0.0,2.0,1.0,0.0,0.0,0.0,0.0,0.0,9.0,4.0,0.0,13.0,2,2.0,2.0,27.79041972562106,63.41578250525274,89.66583333333334,2024.0,niger communal militia (nigeria),1.0,0.0,2.0,2.0,0.0
269070,north central,niger,mashegu,rural,584.0,2024,1070,guinea corn (sorghum),0.6813899874687195,0.0,0.0,0.0,0.6813899874687195,0.0,0.0,1.0,1.0,0.0,0.6813899874687195,0.0,0.0,7.48564213514328,2.8404900431632996,2.8404900431632996,173.0,54.0,49.5,3.5,450.0,200.0,650.0,350.0,0.0,30.0,1.0,0.0,0.0,0.0,0.0,0.0,14.0,14.0,15.0,43.0,2,2.0,2.0,27.79041972562106,63.41578250525274,89.66583333333334,2022.0,niger communal militia (nigeria),1.0,34.0,36.0,11.0,0.0
269070,north central,niger,mashegu,rural,584.0,2024,1070,guinea corn (sorghum),0.6813899874687195,0.0,0.0,0.0,0.6813899874687195,0.0,0.0,1.0,1.0,0.0,0.6813899874687195,0.0,0.0,7.48564213514328,2.8404900431632996,2.8404900431632996,173.0,54.0,49.5,3.5,450.0,200.0,650.0,350.0,0.0,30.0,1.0,0.0,0.0,0.0,0.0,0.0,14.0,14.0,15.0,43.0,2,2.0,2.0,27.79041972562106,63.41578250525274,89.66583333333334,2023.0,niger communal militia (nigeria),1.0,11.0,32.0,7.0,0.0
269070,north central,niger,mashegu,rural,584.0,2024,1070,guinea corn (sorghum),0.6813899874687195,0.0,0.0,0.0,0.6813899874687195,0.0,0.0,1.0,1.0,0.0,0.6813899874687195,0.0,0.0,7.48564213514328,2.8404900431632996,2.8404900431632996,173.0,54.0,49.5,3.5,450.0,200.0,650.0,350.0,0.0,30.0,1.0,0.0,0.0,0.0,0.0,0.0,14.0,14.0,15.0,43.0,2,2.0,2.0,27.79041972562106,63.41578250525274,89.66583333333334,2024.0,military forces of nigeria (2023-),1.0,1.0,1.0,1.0,1.0
269070,north central,niger,mashegu,rural,584.0,2024,1070,guinea corn (sorghum),0.6813899874687195,0.0,0.0,0.0,0.6813899874687195,0.0,0.0,1.0,1.0,0.0,0.6813899874687195,0.0,0.0,7.48564213514328,2.8404900431632996,2.8404900431632996,173.0,54.0,49.5,3.5,450.0,200.0,650.0,350.0,0.0,30.0,1.0,0.0,0.0,0.0,0.0,0.0,14.0,14.0,15.0,43.0,2,2.0,2.0,27.79041972562106,63.41578250525274,89.66583333333334,2024.0,niger communal militia (nigeria),1.0,0.0,2.0,2.0,0.0
269071,north central,niger,mashegu,rural,584.0,2024,1070,guinea corn (sorghum),1.1486999988555908,700.0,294000.0,280000.0,0.5318055748939514,0.39885419607162476,0.0,0.46296295523643494,0.46296295523643494,0.39885419607162476,0.5318055748939514,80000.0,200.0,2.1112599968910217,2.1112599968910217,2.1112599968910217,0.0,0.0,0.0,0.0,0.0,0.0,0.0,0.0,0.0,3.0,0.0,0.0,0.0,0.0,0.0,0.0,31.0,3.0,12.0,46.0,2,1.0,1.0,27.79041972562106,63.41578250525274,89.66583333333334,2022.0,niger communal militia (nigeria),1.0,34.0,36.0,11.0,0.0
269071,north central,niger,mashegu,rural,584.0,2024,1070,guinea corn (sorghum),1.1486999988555908,700.0,294000.0,280000.0,0.5318055748939514,0.39885419607162476,0.0,0.46296295523643494,0.46296295523643494,0.39885419607162476,0.5318055748939514,80000.0,200.0,2.1112599968910217,2.1112599968910217,2.1112599968910217,0.0,0.0,0.0,0.0,0.0,0.0,0.0,0.0,0.0,3.0,0.0,0.0,0.0,0.0,0.0,0.0,31.0,3.0,12.0,46.0,2,1.0,1.0,27.79041972562106,63.41578250525274,89.66583333333334,2023.0,niger communal militia (nigeria),1.0,11.0,32.0,7.0,0.0
269071,north central,niger,mashegu,rural,584.0,2024,1070,guinea corn (sorghum),1.1486999988555908,700.0,294000.0,280000.0,0.5318055748939514,0.39885419607162476,0.0,0.46296295523643494,0.46296295523643494,0.39885419607162476,0.5318055748939514,80000.0,200.0,2.1112599968910217,2.1112599968910217,2.1112599968910217,0.0,0.0,0.0,0.0,0.0,0.0,0.0,0.0,0.0,3.0,0.0,0.0,0.0,0.0,0.0,0.0,31.0,3.0,12.0,46.0,2,1.0,1.0,27.79041972562106,63.41578250525274,89.66583333333334,2024.0,military forces of nigeria (2023-),1.0,1.0,1.0,1.0,1.0
269071,north central,niger,mashegu,rural,584.0,2024,1070,guinea corn (sorghum),1.1486999988555908,700.0,294000.0,280000.0,0.5318055748939514,0.39885419607162476,0.0,0.46296295523643494,0.46296295523643494,0.39885419607162476,0.5318055748939514,80000.0,200.0,2.1112599968910217,2.1112599968910217,2.1112599968910217,0.0,0.0,0.0,0.0,0.0,0.0,0.0,0.0,0.0,3.0,0.0,0.0,0.0,0.0,0.0,0.0,31.0,3.0,12.0,46.0,2,1.0,1.0,27.79041972562106,63.41578250525274,89.66583333333334,2024.0,niger communal militia (nigeria),1.0,0.0,2.0,2.0,0.0
269092,north central,niger,rafi,rural,590.0,2024,1070,guinea corn (sorghum),0.09290304034948349,0.0,0.0,0.0,0.09290304034948349,0.0,0.0,1.0,1.0,0.0,0.09290304034948349,0.0,0.0,0.9022750481963158,0.4975890442728996,0.4975890442728996,72.0,48.0,44.0,0.0,400.0,0.0,400.0,0.0,0.0,19.0,1.0,0.0,0.0,0.0,0.0,0.0,13.0,28.0,18.0,59.0,2,1.0,1.0,26.55906412532296,64.52221526442385,103.43658069024184,,,0.0,0.0,0.0,0.0,0.0
269093,north central,niger,rafi,rural,590.0,2024,1070,guinea corn (sorghum),1.2140580117702484,800.0,336000.0,336000.0,0.4086927957832813,0.3065196042880416,0.0,0.5099009899422526,0.5099009899422526,0.3035145103931427,0.40468600392341614,0.0,0.0,1.9352178871631622,1.2140580117702484,1.2140580117702484,32.0,6.0,5.5,0.0,50.0,50.0,100.0,0.0,0.0,2.0,1.0,0.0,0.0,0.0,0.0,0.0,8.0,16.0,17.0,41.0,2,1.0,1.0,26.55906412532296,64.52221526442385,103.43658069024184,,,0.0,0.0,0.0,0.0,0.0
310072,north central,plateau,langtang north,rural,1026.0,2024,1070,guinea corn (sorghum),1.0,0.0,0.0,0.0,1.0,0.0,0.0,1.0,1.0,0.0,1.0,0.0,0.0,6.864080011844635,6.864080011844635,6.864080011844635,70.5,24.0,22.0,0.0,200.0,75.0,275.0,0.0,7.0,0.0,1.0,0.0,0.0,0.0,0.0,0.0,40.0,0.0,0.0,40.0,2,1.0,2.0,28.00759872080089,55.503090563589176,76.43833333333333,,,0.0,0.0,0.0,0.0,0.0
310073,north central,plateau,langtang north,rural,1026.0,2024,1070,guinea corn (sorghum),0.26739999651908875,150.0,107142.859375,107142.859375,0.06634736806154251,0.06634736806154251,0.0,0.24812030792236328,0.24812030792236328,0.06634736806154251,0.06634736806154251,0.0,0.0,0.5299599915742874,0.5299599915742874,0.5299599915742874,18.0,12.0,11.0,2.0,100.0,0.0,100.0,200.0,2.0,0.0,1.0,0.0,0.0,0.0,0.0,0.0,78.0,0.0,0.0,78.0,2,1.0,3.0,28.00759872080089,55.503090563589176,76.43833333333333,,,0.0,0.0,0.0,0.0,0.0
310074,north central,plateau,langtang north,rural,1026.0,2024,1070,guinea corn (sorghum),0.453029990196228,100.0,43000.0,43000.0,0.453029990196228,0.453029990196228,0.0,1.0,1.0,0.453029990196228,0.453029990196228,0.0,0.0,1.7786599695682526,1.7786599695682526,1.7786599695682526,27.0,18.0,16.5,0.0,150.0,0.0,150.0,0.0,6.0,0.0,1.0,0.0,0.0,0.0,0.0,0.0,105.0,0.0,0.0,105.0,2,1.0,3.0,28.00759872080089,55.503090563589176,76.43833333333333,,,0.0,0.0,0.0,0.0,0.0
310080,north central,plateau,langtang north,rural,1026.0,2024,1070,guinea corn (sorghum),0.2915099859237671,100.0,71428.5703125,71428.5703125,0.14575499296188354,0.14575499296188354,0.0,0.5,0.5,0.14575499296188354,0.14575499296188354,0.0,0.0,1.6230199933052063,1.6230199933052063,1.6230199933052063,27.0,18.0,16.5,0.0,150.0,0.0,150.0,0.0,12.0,0.0,1.0,0.0,0.0,0.0,0.0,0.0,48.0,60.0,0.0,108.0,2,1.0,1.0,28.00759872080089,55.503090563589176,76.43833333333333,,,0.0,0.0,0.0,0.0,0.0
310081,north central,plateau,mikang,rural,350.0,2024,1070,guinea corn (sorghum),1.7910000085830688,4.889999866485596,2347.199951171875,2347.199951171875,0.8955000042915344,0.8955000042915344,0.0,0.5,0.5,0.8955000042915344,0.8955000042915344,0.0,0.0,9.410600066184998,9.410600066184998,9.410600066184998,9.0,6.0,5.5,0.0,50.0,0.0,50.0,0.0,2.0,0.0,1.0,0.0,0.0,0.0,0.0,0.0,66.0,0.0,0.0,66.0,2,1.0,4.0,26.55906412532296,64.52221526442385,103.43658069024184,,,0.0,0.0,0.0,0.0,0.0
310082,north central,plateau,mikang,rural,350.0,2024,1070,guinea corn (sorghum),0.7690200209617615,200.0,86000.0,86000.0,0.25634002685546875,0.25634002685546875,0.0,0.3333333432674408,0.3333333432674408,0.25634002685546875,0.25634002685546875,0.0,0.0,1.5849400162696838,1.5849400162696838,1.5849400162696838,0.0,0.0,0.0,0.0,0.0,0.0,0.0,0.0,0.0,0.0,0.0,0.0,0.0,240000.0,12000.0,0.0,47.0,0.0,0.0,47.0,2,1.0,2.0,26.55906412532296,64.52221526442385,103.43658069024184,,,0.0,0.0,0.0,0.0,0.0
310083,north central,plateau,mikang,rural,350.0,2024,1070,guinea corn (sorghum),1.7626999616622925,100.0,43000.0,43000.0,0.5875666737556458,0.14689166843891144,0.0,0.3333333432674408,0.3333333432674408,0.14689166843891144,0.5875666737556458,0.0,0.0,1.7626999616622925,1.7626999616622925,1.7626999616622925,0.0,0.0,0.0,0.0,0.0,0.0,0.0,0.0,0.0,0.0,0.0,0.0,0.0,0.0,0.0,0.0,8.0,71.0,9.0,88.0,2,1.0,1.0,26.55906412532296,64.52221526442385,103.43658069024184,,,0.0,0.0,0.0,0.0,0.0
310085,north central,plateau,mikang,rural,350.0,2024,1070,guinea corn (sorghum),0.2505300045013428,200.0,86000.0,86000.0,0.08267490565776825,0.08267490565776825,0.0,0.33000001311302185,0.5,0.08267490565776825,0.08267490565776825,0.0,0.0,0.2505300045013428,0.2505300045013428,0.2505300045013428,0.0,0.0,0.0,0.0,0.0,0.0,0.0,0.0,0.0,0.0,0.0,0.0,0.0,0.0,0.0,0.0,65.0,0.0,0.0,65.0,2,1.0,1.0,26.55906412532296,64.52221526442385,103.43658069024184,,,0.0,0.0,0.0,0.0,0.0
310086,north central,plateau,mikang,rural,350.0,2024,1070,guinea corn (sorghum),1.048550009727478,200.0,86000.0,86000.0,0.34951668977737427,0.34951668977737427,0.0,0.3333333432674408,0.3333333432674408,0.34951668977737427,0.34951668977737427,0.0,0.0,5.090521991252899,5.090521991252899,5.090521991252899,0.0,0.0,0.0,0.0,0.0,0.0,0.0,0.0,0.0,0.0,0.0,0.0,0.0,368500.0,0.0,0.0,48.0,0.0,0.0,48.0,2,1.0,2.0,26.55906412532296,64.52221526442385,103.43658069024184,,,0.0,0.0,0.0,0.0,0.0
310088,north central,plateau,mikang,rural,350.0,2024,1070,guinea corn (sorghum),1.4955000281333923,500.0,215000.0,350000.0,0.7477500140666962,0.510834664106369,0.0,1.0,1.0,0.510834664106369,0.7477500140666962,70000.0,100.0,3.4955000281333923,3.4955000281333923,3.4955000281333923,0.0,0.0,0.0,0.0,0.0,0.0,0.0,0.0,0.0,0.0,0.0,0.0,0.0,264000.0,20000.0,0.0,38.0,16.0,0.0,54.0,2,1.0,2.0,26.55906412532296,64.52221526442385,103.43658069024184,,,0.0,0.0,0.0,0.0,0.0
310090,north central,plateau,mikang,rural,350.0,2024,1070,guinea corn (sorghum),0.15932999551296234,200.0,86000.0,86000.0,0.05257890000939369,0.05257890000939369,0.0,0.33000001311302185,0.3333333432674408,0.05257890000939369,0.05257890000939369,0.0,0.0,0.15932999551296234,0.15932999551296234,0.15932999551296234,0.0,0.0,0.0,0.0,0.0,0.0,0.0,0.0,0.0,0.0,0.0,0.0,0.0,0.0,0.0,0.0,75.0,0.0,0.0,75.0,2,1.0,1.0,26.55906412532296,64.52221526442385,103.43658069024184,,,0.0,0.0,0.0,0.0,0.0
310092,north central,plateau,shendam,rural,1344.0,2024,1070,guinea corn (sorghum),2.5622900128364563,195.59999465942383,93887.998046875,160000.0,1.7811450064182281,1.195286251604557,0.0,2.0,2.0,1.195286251604557,1.7811450064182281,40000.0,48.89999771118164,3.1770600080490112,3.1770600080490112,3.1770600080490112,0.0,0.0,0.0,0.0,0.0,0.0,0.0,0.0,5.0,5.0,0.0,0.0,0.0,0.0,0.0,0.0,19.0,5.0,50.0,74.0,2,1.0,2.0,27.948125448028676,59.93958833889507,89.00333333333333,,,0.0,0.0,0.0,0.0,0.0
310096,north central,plateau,shendam,rural,1344.0,2024,1070,guinea corn (sorghum),0.6597700119018555,200.0,86000.0,86000.0,0.21772411465644836,0.21772411465644836,0.0,0.33000001311302185,0.3333333432674408,0.21772411465644836,0.21772411465644836,0.0,0.0,4.352110028266907,4.352110028266907,4.352110028266907,13.5,9.0,8.25,0.0,75.0,0.0,75.0,0.0,3.0,0.0,1.0,0.0,0.0,0.0,0.0,0.0,72.0,0.0,0.0,72.0,2,1.0,1.0,27.948125448028676,59.93958833889507,89.00333333333333,,,0.0,0.0,0.0,0.0,0.0
310099,north central,plateau,shendam,rural,1344.0,2024,1070,guinea corn (sorghum),1.3449000120162964,200.0,86000.0,86000.0,0.8876340389251709,0.8876340389251709,0.0,0.6600000262260437,0.6666666865348816,0.8876340389251709,0.8876340389251709,0.0,0.0,2.0447800159454346,2.0447800159454346,2.0447800159454346,18.0,12.0,11.0,0.0,100.0,0.0,100.0,0.0,4.0,0.0,1.0,0.0,0.0,0.0,0.0,0.0,55.0,0.0,0.0,55.0,2,1.0,2.0,27.948125448028676,59.93958833889507,89.00333333333333,,,0.0,0.0,0.0,0.0,0.0
310100,north central,plateau,shendam,rural,1344.0,2024,1070,guinea corn (sorghum),1.2557200193405151,305.135986328125,146465.28125,146465.28125,0.547844409942627,0.196260005235672,0.0,0.8300000131130219,0.8333333432674408,0.196260005235672,0.547844409942627,0.0,0.0,1.2557200193405151,1.2557200193405151,1.2557200193405151,0.0,0.0,0.0,0.0,0.0,0.0,0.0,0.0,6.0,0.0,0.0,0.0,0.0,0.0,0.0,0.0,48.0,40.0,2.0,90.0,2,1.0,1.0,27.948125448028676,59.93958833889507,89.00333333333333,,,0.0,0.0,0.0,0.0,0.0
319001,north central,plateau,bassa (plateau state),rural,14.0,2024,1070,guinea corn (sorghum),0.5904200077056885,100.0,71428.5703125,80000.0,0.19483861327171326,0.19483861327171326,0.0,0.33000001311302185,0.3333333432674408,0.19483861327171326,0.19483861327171326,40000.0,50.0,0.5904200077056885,0.5904200077056885,0.5904200077056885,18.0,12.0,11.0,1.25,100.0,0.0,100.0,125.0,0.0,0.0,1.0,0.0,0.0,0.0,0.0,0.0,70.0,0.0,0.0,70.0,2,1.0,1.0,26.55906412532296,64.52221526442385,103.43658069024184,,,0.0,0.0,0.0,0.0,0.0
319002,north central,plateau,bassa (plateau state),rural,14.0,2024,1070,guinea corn (sorghum),0.5030800104141235,250.0,178571.421875,250000.0,0.1676933467388153,0.1676933467388153,0.0,0.3333333432674408,0.3333333432674408,0.1676933467388153,0.1676933467388153,100000.0,100.0,0.8889300115406513,0.8889300115406513,0.8889300115406513,310.5,0.0,0.0,1.0,0.0,675.0,675.0,100.0,0.0,0.0,1.0,0.0,0.0,0.0,0.0,0.0,72.0,0.0,0.0,72.0,2,1.0,3.0,26.55906412532296,64.52221526442385,103.43658069024184,,,0.0,0.0,0.0,0.0,0.0
319004,north central,plateau,bassa (plateau state),rural,14.0,2024,1070,guinea corn (sorghum),1.461899995803833,300.0,129000.0,99000.0,0.48730000853538513,0.48730000853538513,0.0,0.3333333432674408,0.3333333432674408,0.48730000853538513,0.48730000853538513,33000.0,100.0,2.0773800015449524,2.0773800015449524,2.0773800015449524,274.0,60.0,55.0,23.0,500.0,400.0,900.0,2300.0,7.0,8.0,1.0,0.0,0.0,0.0,0.0,0.0,28.0,4.0,28.0,60.0,2,1.0,2.0,26.55906412532296,64.52221526442385,103.43658069024184,,,0.0,0.0,0.0,0.0,0.0
319008,north central,plateau,bassa (plateau state),rural,14.0,2024,1070,guinea corn (sorghum),0.3261699974536896,500.0,215000.0,215000.0,0.3261699974536896,0.3261699974536896,0.0,1.0,1.0,0.3261699974536896,0.3261699974536896,0.0,0.0,2.032940059900284,2.032940059900284,2.032940059900284,16.44,3.6,3.3,5.0,30.0,24.0,54.0,500.0,0.0,0.002,1.0,0.0,0.0,0.0,0.0,0.0,36.0,0.0,0.0,36.0,2,1.0,2.0,26.55906412532296,64.52221526442385,103.43658069024184,,,0.0,0.0,0.0,0.0,0.0
319025,north central,plateau,langtang north,rural,334.0,2024,1070,guinea corn (sorghum),2.0,1000.0,430000.0,430000.0,2.0,2.0,0.0,1.0,1.0,2.0,2.0,0.0,0.0,5.586399972438812,5.586399972438812,5.586399972438812,36.0,24.0,22.0,0.0,200.0,0.0,200.0,0.0,12.0,0.0,1.0,0.0,0.0,0.0,0.0,0.0,47.0,92.0,0.0,139.0,2,1.0,3.0,28.00759872080089,55.503090563589176,76.43833333333333,,,0.0,0.0,0.0,0.0,0.0
319026,north central,plateau,langtang north,rural,334.0,2024,1070,guinea corn (sorghum),0.7669000029563904,400.0,172000.0,172000.0,0.3223910927772522,0.3223910927772522,0.0,0.42038217186927795,0.42038217186927795,0.3223910927772522,0.3223910927772522,0.0,0.0,3.1594600081443787,3.1594600081443787,3.1594600081443787,96.0,18.0,16.5,0.0,150.0,150.0,300.0,0.0,3.0,3.0,1.0,0.0,0.0,330000.0,160000.0,0.0,50.0,3.0,0.0,53.0,2,1.0,1.0,28.00759872080089,55.503090563589176,76.43833333333333,,,0.0,0.0,0.0,0.0,0.0
319027,north central,plateau,langtang north,rural,334.0,2024,1070,guinea corn (sorghum),2.95770001411438,600.0,258000.0,258000.0,2.5094149112701416,2.5094149112701416,0.0,1.5319148898124695,1.5319148898124695,2.5094149112701416,2.5094149112701416,0.0,0.0,3.844700038433075,3.844700038433075,3.844700038433075,13.5,9.0,8.25,0.0,75.0,0.0,75.0,0.0,2.0,0.0,1.0,0.0,0.0,0.0,0.0,0.0,61.0,0.0,0.0,61.0,2,1.0,1.0,28.00759872080089,55.503090563589176,76.43833333333333,,,0.0,0.0,0.0,0.0,0.0
319031,north central,plateau,langtang north,rural,334.0,2024,1070,guinea corn (sorghum),2.147200107574463,800.0,344000.0,320000.0,0.8144552707672119,0.8144552707672119,0.0,0.37931036949157715,0.37931036949157715,0.8144552707672119,0.8144552707672119,80000.0,200.0,4.975710093975067,4.975710093975067,4.975710093975067,0.0,0.0,0.0,0.0,0.0,0.0,0.0,0.0,0.0,14.0,0.0,0.0,0.0,0.0,0.0,0.0,36.0,60.0,0.0,96.0,2,1.0,3.0,28.00759872080089,55.503090563589176,76.43833333333333,,,0.0,0.0,0.0,0.0,0.0
319061,north central,plateau,wase,rural,1288.0,2024,1070,guinea corn (sorghum),0.9614599943161011,100.0,43000.0,43000.0,0.48072999715805054,0.12018249928951263,0.0,0.5,0.5,0.12018249928951263,0.48072999715805054,0.0,0.0,2.0638000071048737,2.0638000071048737,2.0638000071048737,27.0,18.0,16.5,0.0,150.0,0.0,150.0,0.0,7.0,8.0,1.0,0.0,0.0,440000.0,0.0,0.0,21.0,25.0,0.0,46.0,2,1.0,1.0,26.55906412532296,64.52221526442385,103.43658069024184,,,0.0,0.0,0.0,0.0,0.0
319064,north central,plateau,wase,rural,1288.0,2024,1070,guinea corn (sorghum),0.6387799978256226,50.0,24000.0,24000.0,0.3193899989128113,0.3193899989128113,0.0,0.5,0.5,0.3193899989128113,0.3193899989128113,0.0,0.0,7.940530061721802,4.940530061721802,7.940530061721802,0.0,0.0,0.0,6.0,0.0,0.0,0.0,600.0,2.0,2.0,0.0,0.0,0.0,0.0,0.0,0.0,35.0,0.0,0.0,35.0,2,1.0,4.0,26.55906412532296,64.52221526442385,103.43658069024184,,,0.0,0.0,0.0,0.0,0.0
319070,north central,plateau,wase,rural,1288.0,2024,1070,guinea corn (sorghum),1.058899998664856,100.0,43000.0,43000.0,0.529449999332428,0.132362499833107,0.0,0.5,0.5,0.132362499833107,0.529449999332428,0.0,0.0,1.8800999820232391,1.8800999820232391,1.8800999820232391,9.0,6.0,5.5,2.0,50.0,0.0,50.0,200.0,2.002,10.0,0.0,0.0,0.0,0.0,0.0,0.0,53.0,15.0,10.0,78.0,2,1.0,2.0,26.55906412532296,64.52221526442385,103.43658069024184,,,0.0,0.0,0.0,0.0,0.0
330034,north west,sokoto,yabo,rural,92.0,2024,1070,guinea corn (sorghum),0.3308599889278412,530.0,265000.0,265000.0,0.07743531465530396,0.07743531465530396,0.0,0.23404255509376526,0.23404255509376526,0.07743531465530396,0.07743531465530396,0.0,0.0,0.7819975130259991,0.3308599889278412,0.7355459928512573,0.0,0.0,0.0,30.0,0.0,0.0,0.0,3000.0,0.0,0.0,0.0,0.0,0.0,0.0,0.0,0.0,19.0,12.0,2.0,33.0,2,1.0,1.0,26.962928809788654,53.35882783339513,116.98583333333332,2024.0,sokoto communal militia (nigeria),1.0,3.0,3.0,3.0,0.0
330036,north west,sokoto,yabo,rural,92.0,2024,1070,guinea corn (sorghum),1.2522000074386597,250.0,125000.0,125000.0,0.3480119854211807,0.1191512942314148,0.0,0.5506117939949036,0.550611823797226,0.1191512942314148,0.3480119854211807,0.0,0.0,1.6568860113620758,1.2522000074386597,1.2522000074386597,57.5,0.0,0.0,20.0,0.0,125.0,125.0,2000.0,0.0,0.0,1.0,0.0,0.0,720000.0,0.0,0.0,67.0,0.0,0.0,67.0,2,1.0,1.0,26.962928809788654,53.35882783339513,116.98583333333332,2024.0,sokoto communal militia (nigeria),1.0,3.0,3.0,3.0,0.0
330037,north west,sokoto,yabo,rural,92.0,2024,1070,guinea corn (sorghum),0.17472000420093536,173.40000915527344,86700.0078125,86700.0078125,0.05529113858938217,0.05529113858938217,0.0,0.3164556920528412,0.3164556920528412,0.05529113858938217,0.05529113858938217,0.0,0.0,1.3887780457735062,0.17472000420093536,0.17472000420093536,0.0,0.0,0.0,30.0,0.0,0.0,0.0,3000.0,0.0,0.0,0.0,0.0,0.0,0.0,0.0,0.0,21.0,16.0,0.0,37.0,2,1.0,1.0,26.962928809788654,53.35882783339513,116.98583333333332,2024.0,sokoto communal militia (nigeria),1.0,3.0,3.0,3.0,0.0
330040,north west,sokoto,yabo,rural,92.0,2024,1070,guinea corn (sorghum),0.5185099840164185,1399.2000732421875,699600.0625,699600.0625,0.15173940733075142,0.15173940733075142,0.0,0.5900382995605469,0.5900383293628693,0.15173940733075142,0.15173940733075142,0.0,0.0,1.7325680255889893,0.5185099840164185,0.5185099840164185,92.0,0.0,0.0,3.0,0.0,200.0,200.0,300.0,0.0,0.0,1.0,0.0,0.0,0.0,0.0,0.0,10.0,9.0,45.0,64.0,2,1.0,2.0,26.962928809788654,53.35882783339513,116.98583333333332,2024.0,sokoto communal militia (nigeria),1.0,3.0,3.0,3.0,0.0
330051,north west,sokoto,sabon birni,rural,930.0,2024,1070,guinea corn (sorghum),0.07203499972820282,101.1500015258789,50575.0,50575.0,0.027013124898076057,0.027013124898076057,0.0,0.375,0.375,0.0,0.0,0.0,0.0,0.07203499972820282,0.07203499972820282,0.07203499972820282,0.0,0.0,0.0,20.0,0.0,0.0,0.0,2000.0,0.0,0.0,0.0,0.0,0.0,0.0,0.0,0.0,56.0,0.0,0.0,56.0,2,1.0,1.0,27.31142408231368,46.90848390186628,79.52083333333333,2022.0,sokoto communal militia (nigeria),1.0,34.0,143.0,21.0,0.0
330051,north west,sokoto,sabon birni,rural,930.0,2024,1070,guinea corn (sorghum),0.07203499972820282,101.1500015258789,50575.0,50575.0,0.027013124898076057,0.027013124898076057,0.0,0.375,0.375,0.0,0.0,0.0,0.0,0.07203499972820282,0.07203499972820282,0.07203499972820282,0.0,0.0,0.0,20.0,0.0,0.0,0.0,2000.0,0.0,0.0,0.0,0.0,0.0,0.0,0.0,0.0,56.0,0.0,0.0,56.0,2,1.0,1.0,27.31142408231368,46.90848390186628,79.52083333333333,2023.0,military forces of nigeria (2015-2023),1.0,3.0,3.0,2.0,1.0
330051,north west,sokoto,sabon birni,rural,930.0,2024,1070,guinea corn (sorghum),0.07203499972820282,101.1500015258789,50575.0,50575.0,0.027013124898076057,0.027013124898076057,0.0,0.375,0.375,0.0,0.0,0.0,0.0,0.07203499972820282,0.07203499972820282,0.07203499972820282,0.0,0.0,0.0,20.0,0.0,0.0,0.0,2000.0,0.0,0.0,0.0,0.0,0.0,0.0,0.0,0.0,56.0,0.0,0.0,56.0,2,1.0,1.0,27.31142408231368,46.90848390186628,79.52083333333333,2023.0,military forces of nigeria (2023-),1.0,0.0,0.0,1.0,1.0
330051,north west,sokoto,sabon birni,rural,930.0,2024,1070,guinea corn (sorghum),0.07203499972820282,101.1500015258789,50575.0,50575.0,0.027013124898076057,0.027013124898076057,0.0,0.375,0.375,0.0,0.0,0.0,0.0,0.07203499972820282,0.07203499972820282,0.07203499972820282,0.0,0.0,0.0,20.0,0.0,0.0,0.0,2000.0,0.0,0.0,0.0,0.0,0.0,0.0,0.0,0.0,56.0,0.0,0.0,56.0,2,1.0,1.0,27.31142408231368,46.90848390186628,79.52083333333333,2023.0,sokoto communal militia (nigeria),1.0,10.0,10.0,8.0,0.0
330051,north west,sokoto,sabon birni,rural,930.0,2024,1070,guinea corn (sorghum),0.07203499972820282,101.1500015258789,50575.0,50575.0,0.027013124898076057,0.027013124898076057,0.0,0.375,0.375,0.0,0.0,0.0,0.0,0.07203499972820282,0.07203499972820282,0.07203499972820282,0.0,0.0,0.0,20.0,0.0,0.0,0.0,2000.0,0.0,0.0,0.0,0.0,0.0,0.0,0.0,0.0,56.0,0.0,0.0,56.0,2,1.0,1.0,27.31142408231368,46.90848390186628,79.52083333333333,2024.0,military forces of nigeria (2023-),1.0,19.0,29.0,4.0,1.0
330051,north west,sokoto,sabon birni,rural,930.0,2024,1070,guinea corn (sorghum),0.07203499972820282,101.1500015258789,50575.0,50575.0,0.027013124898076057,0.027013124898076057,0.0,0.375,0.375,0.0,0.0,0.0,0.0,0.07203499972820282,0.07203499972820282,0.07203499972820282,0.0,0.0,0.0,20.0,0.0,0.0,0.0,2000.0,0.0,0.0,0.0,0.0,0.0,0.0,0.0,0.0,56.0,0.0,0.0,56.0,2,1.0,1.0,27.31142408231368,46.90848390186628,79.52083333333333,2024.0,sokoto communal militia (nigeria),1.0,96.0,96.0,69.0,0.0
330052,north west,sokoto,sabon birni,rural,930.0,2024,1070,guinea corn (sorghum),0.20024000108242035,300.0,150000.0,150000.0,0.10012000054121017,0.10012000054121017,0.0,0.5,0.5,0.10012000054121017,0.10012000054121017,0.0,0.0,0.836543045938015,0.20024000108242035,0.7436400055885315,9.0,6.0,5.5,5.0,50.0,0.0,50.0,500.0,1.0,0.0,1.0,0.0,0.0,1980000.0,0.0,0.0,15.0,12.0,4.0,31.0,2,5.0,5.0,27.31142408231368,46.90848390186628,79.52083333333333,2022.0,sokoto communal militia (nigeria),1.0,34.0,143.0,21.0,0.0
330052,north west,sokoto,sabon birni,rural,930.0,2024,1070,guinea corn (sorghum),0.20024000108242035,300.0,150000.0,150000.0,0.10012000054121017,0.10012000054121017,0.0,0.5,0.5,0.10012000054121017,0.10012000054121017,0.0,0.0,0.836543045938015,0.20024000108242035,0.7436400055885315,9.0,6.0,5.5,5.0,50.0,0.0,50.0,500.0,1.0,0.0,1.0,0.0,0.0,1980000.0,0.0,0.0,15.0,12.0,4.0,31.0,2,5.0,5.0,27.31142408231368,46.90848390186628,79.52083333333333,2023.0,military forces of nigeria (2015-2023),1.0,3.0,3.0,2.0,1.0
330052,north west,sokoto,sabon birni,rural,930.0,2024,1070,guinea corn (sorghum),0.20024000108242035,300.0,150000.0,150000.0,0.10012000054121017,0.10012000054121017,0.0,0.5,0.5,0.10012000054121017,0.10012000054121017,0.0,0.0,0.836543045938015,0.20024000108242035,0.7436400055885315,9.0,6.0,5.5,5.0,50.0,0.0,50.0,500.0,1.0,0.0,1.0,0.0,0.0,1980000.0,0.0,0.0,15.0,12.0,4.0,31.0,2,5.0,5.0,27.31142408231368,46.90848390186628,79.52083333333333,2023.0,military forces of nigeria (2023-),1.0,0.0,0.0,1.0,1.0
330052,north west,sokoto,sabon birni,rural,930.0,2024,1070,guinea corn (sorghum),0.20024000108242035,300.0,150000.0,150000.0,0.10012000054121017,0.10012000054121017,0.0,0.5,0.5,0.10012000054121017,0.10012000054121017,0.0,0.0,0.836543045938015,0.20024000108242035,0.7436400055885315,9.0,6.0,5.5,5.0,50.0,0.0,50.0,500.0,1.0,0.0,1.0,0.0,0.0,1980000.0,0.0,0.0,15.0,12.0,4.0,31.0,2,5.0,5.0,27.31142408231368,46.90848390186628,79.52083333333333,2023.0,sokoto communal militia (nigeria),1.0,10.0,10.0,8.0,0.0
330052,north west,sokoto,sabon birni,rural,930.0,2024,1070,guinea corn (sorghum),0.20024000108242035,300.0,150000.0,150000.0,0.10012000054121017,0.10012000054121017,0.0,0.5,0.5,0.10012000054121017,0.10012000054121017,0.0,0.0,0.836543045938015,0.20024000108242035,0.7436400055885315,9.0,6.0,5.5,5.0,50.0,0.0,50.0,500.0,1.0,0.0,1.0,0.0,0.0,1980000.0,0.0,0.0,15.0,12.0,4.0,31.0,2,5.0,5.0,27.31142408231368,46.90848390186628,79.52083333333333,2024.0,military forces of nigeria (2023-),1.0,19.0,29.0,4.0,1.0
330052,north west,sokoto,sabon birni,rural,930.0,2024,1070,guinea corn (sorghum),0.20024000108242035,300.0,150000.0,150000.0,0.10012000054121017,0.10012000054121017,0.0,0.5,0.5,0.10012000054121017,0.10012000054121017,0.0,0.0,0.836543045938015,0.20024000108242035,0.7436400055885315,9.0,6.0,5.5,5.0,50.0,0.0,50.0,500.0,1.0,0.0,1.0,0.0,0.0,1980000.0,0.0,0.0,15.0,12.0,4.0,31.0,2,5.0,5.0,27.31142408231368,46.90848390186628,79.52083333333333,2024.0,sokoto communal militia (nigeria),1.0,96.0,96.0,69.0,0.0
330055,north west,sokoto,sabon birni,rural,930.0,2024,1070,guinea corn (sorghum),0.08903100341558456,151.72500610351562,75862.5,75862.5,0.03338662534952164,0.03338662534952164,0.0,0.375,0.375,0.0,0.0,0.0,0.0,0.08903100341558456,0.08903100341558456,0.08903100341558456,0.0,0.0,0.0,20.0,0.0,0.0,0.0,2000.0,0.0,0.0,0.0,0.0,0.0,0.0,0.0,0.0,6.0,7.0,0.0,13.0,2,1.0,1.0,27.31142408231368,46.90848390186628,79.52083333333333,2022.0,sokoto communal militia (nigeria),1.0,34.0,143.0,21.0,0.0
330055,north west,sokoto,sabon birni,rural,930.0,2024,1070,guinea corn (sorghum),0.08903100341558456,151.72500610351562,75862.5,75862.5,0.03338662534952164,0.03338662534952164,0.0,0.375,0.375,0.0,0.0,0.0,0.0,0.08903100341558456,0.08903100341558456,0.08903100341558456,0.0,0.0,0.0,20.0,0.0,0.0,0.0,2000.0,0.0,0.0,0.0,0.0,0.0,0.0,0.0,0.0,6.0,7.0,0.0,13.0,2,1.0,1.0,27.31142408231368,46.90848390186628,79.52083333333333,2023.0,military forces of nigeria (2015-2023),1.0,3.0,3.0,2.0,1.0
330055,north west,sokoto,sabon birni,rural,930.0,2024,1070,guinea corn (sorghum),0.08903100341558456,151.72500610351562,75862.5,75862.5,0.03338662534952164,0.03338662534952164,0.0,0.375,0.375,0.0,0.0,0.0,0.0,0.08903100341558456,0.08903100341558456,0.08903100341558456,0.0,0.0,0.0,20.0,0.0,0.0,0.0,2000.0,0.0,0.0,0.0,0.0,0.0,0.0,0.0,0.0,6.0,7.0,0.0,13.0,2,1.0,1.0,27.31142408231368,46.90848390186628,79.52083333333333,2023.0,military forces of nigeria (2023-),1.0,0.0,0.0,1.0,1.0
330055,north west,sokoto,sabon birni,rural,930.0,2024,1070,guinea corn (sorghum),0.08903100341558456,151.72500610351562,75862.5,75862.5,0.03338662534952164,0.03338662534952164,0.0,0.375,0.375,0.0,0.0,0.0,0.0,0.08903100341558456,0.08903100341558456,0.08903100341558456,0.0,0.0,0.0,20.0,0.0,0.0,0.0,2000.0,0.0,0.0,0.0,0.0,0.0,0.0,0.0,0.0,6.0,7.0,0.0,13.0,2,1.0,1.0,27.31142408231368,46.90848390186628,79.52083333333333,2023.0,sokoto communal militia (nigeria),1.0,10.0,10.0,8.0,0.0
330055,north west,sokoto,sabon birni,rural,930.0,2024,1070,guinea corn (sorghum),0.08903100341558456,151.72500610351562,75862.5,75862.5,0.03338662534952164,0.03338662534952164,0.0,0.375,0.375,0.0,0.0,0.0,0.0,0.08903100341558456,0.08903100341558456,0.08903100341558456,0.0,0.0,0.0,20.0,0.0,0.0,0.0,2000.0,0.0,0.0,0.0,0.0,0.0,0.0,0.0,0.0,6.0,7.0,0.0,13.0,2,1.0,1.0,27.31142408231368,46.90848390186628,79.52083333333333,2024.0,military forces of nigeria (2023-),1.0,19.0,29.0,4.0,1.0
330055,north west,sokoto,sabon birni,rural,930.0,2024,1070,guinea corn (sorghum),0.08903100341558456,151.72500610351562,75862.5,75862.5,0.03338662534952164,0.03338662534952164,0.0,0.375,0.375,0.0,0.0,0.0,0.0,0.08903100341558456,0.08903100341558456,0.08903100341558456,0.0,0.0,0.0,20.0,0.0,0.0,0.0,2000.0,0.0,0.0,0.0,0.0,0.0,0.0,0.0,0.0,6.0,7.0,0.0,13.0,2,1.0,1.0,27.31142408231368,46.90848390186628,79.52083333333333,2024.0,sokoto communal militia (nigeria),1.0,96.0,96.0,69.0,0.0
330056,north west,sokoto,sabon birni,rural,930.0,2024,1070,guinea corn (sorghum),0.32864999771118164,250.0,125000.0,125000.0,0.12324374914169312,0.12324374914169312,0.0,0.375,0.375,0.12324374914169312,0.12324374914169312,0.0,0.0,3.161452054977417,0.32864999771118164,0.32864999771118164,69.0,0.0,0.0,5.0,0.0,150.0,150.0,500.0,3.0,0.0,1.0,0.0,0.0,1440000.0,0.0,0.0,39.0,0.0,0.0,39.0,2,1.0,1.0,27.31142408231368,46.90848390186628,79.52083333333333,2022.0,sokoto communal militia (nigeria),1.0,34.0,143.0,21.0,0.0
330056,north west,sokoto,sabon birni,rural,930.0,2024,1070,guinea corn (sorghum),0.32864999771118164,250.0,125000.0,125000.0,0.12324374914169312,0.12324374914169312,0.0,0.375,0.375,0.12324374914169312,0.12324374914169312,0.0,0.0,3.161452054977417,0.32864999771118164,0.32864999771118164,69.0,0.0,0.0,5.0,0.0,150.0,150.0,500.0,3.0,0.0,1.0,0.0,0.0,1440000.0,0.0,0.0,39.0,0.0,0.0,39.0,2,1.0,1.0,27.31142408231368,46.90848390186628,79.52083333333333,2023.0,military forces of nigeria (2015-2023),1.0,3.0,3.0,2.0,1.0
330056,north west,sokoto,sabon birni,rural,930.0,2024,1070,guinea corn (sorghum),0.32864999771118164,250.0,125000.0,125000.0,0.12324374914169312,0.12324374914169312,0.0,0.375,0.375,0.12324374914169312,0.12324374914169312,0.0,0.0,3.161452054977417,0.32864999771118164,0.32864999771118164,69.0,0.0,0.0,5.0,0.0,150.0,150.0,500.0,3.0,0.0,1.0,0.0,0.0,1440000.0,0.0,0.0,39.0,0.0,0.0,39.0,2,1.0,1.0,27.31142408231368,46.90848390186628,79.52083333333333,2023.0,military forces of nigeria (2023-),1.0,0.0,0.0,1.0,1.0
330056,north west,sokoto,sabon birni,rural,930.0,2024,1070,guinea corn (sorghum),0.32864999771118164,250.0,125000.0,125000.0,0.12324374914169312,0.12324374914169312,0.0,0.375,0.375,0.12324374914169312,0.12324374914169312,0.0,0.0,3.161452054977417,0.32864999771118164,0.32864999771118164,69.0,0.0,0.0,5.0,0.0,150.0,150.0,500.0,3.0,0.0,1.0,0.0,0.0,1440000.0,0.0,0.0,39.0,0.0,0.0,39.0,2,1.0,1.0,27.31142408231368,46.90848390186628,79.52083333333333,2023.0,sokoto communal militia (nigeria),1.0,10.0,10.0,8.0,0.0
330056,north west,sokoto,sabon birni,rural,930.0,2024,1070,guinea corn (sorghum),0.32864999771118164,250.0,125000.0,125000.0,0.12324374914169312,0.12324374914169312,0.0,0.375,0.375,0.12324374914169312,0.12324374914169312,0.0,0.0,3.161452054977417,0.32864999771118164,0.32864999771118164,69.0,0.0,0.0,5.0,0.0,150.0,150.0,500.0,3.0,0.0,1.0,0.0,0.0,1440000.0,0.0,0.0,39.0,0.0,0.0,39.0,2,1.0,1.0,27.31142408231368,46.90848390186628,79.52083333333333,2024.0,military forces of nigeria (2023-),1.0,19.0,29.0,4.0,1.0
330056,north west,sokoto,sabon birni,rural,930.0,2024,1070,guinea corn (sorghum),0.32864999771118164,250.0,125000.0,125000.0,0.12324374914169312,0.12324374914169312,0.0,0.375,0.375,0.12324374914169312,0.12324374914169312,0.0,0.0,3.161452054977417,0.32864999771118164,0.32864999771118164,69.0,0.0,0.0,5.0,0.0,150.0,150.0,500.0,3.0,0.0,1.0,0.0,0.0,1440000.0,0.0,0.0,39.0,0.0,0.0,39.0,2,1.0,1.0,27.31142408231368,46.90848390186628,79.52083333333333,2024.0,sokoto communal militia (nigeria),1.0,96.0,96.0,69.0,0.0
330057,north west,sokoto,sabon birni,rural,930.0,2024,1070,guinea corn (sorghum),0.5713800191879272,250.0,125000.0,125000.0,0.19173824787139893,0.19173824787139893,0.0,0.33557045459747314,0.33557045459747314,0.19173824787139893,0.19173824787139893,0.0,0.0,2.190124034881592,0.5713800191879272,0.5713800191879272,9.0,6.0,5.5,12.5,50.0,0.0,50.0,1250.0,2.0,0.0,1.0,0.0,0.0,1200000.0,0.0,0.0,49.0,14.0,0.0,63.0,2,1.0,1.0,27.31142408231368,46.90848390186628,79.52083333333333,2022.0,sokoto communal militia (nigeria),1.0,34.0,143.0,21.0,0.0
330057,north west,sokoto,sabon birni,rural,930.0,2024,1070,guinea corn (sorghum),0.5713800191879272,250.0,125000.0,125000.0,0.19173824787139893,0.19173824787139893,0.0,0.33557045459747314,0.33557045459747314,0.19173824787139893,0.19173824787139893,0.0,0.0,2.190124034881592,0.5713800191879272,0.5713800191879272,9.0,6.0,5.5,12.5,50.0,0.0,50.0,1250.0,2.0,0.0,1.0,0.0,0.0,1200000.0,0.0,0.0,49.0,14.0,0.0,63.0,2,1.0,1.0,27.31142408231368,46.90848390186628,79.52083333333333,2023.0,military forces of nigeria (2015-2023),1.0,3.0,3.0,2.0,1.0
330057,north west,sokoto,sabon birni,rural,930.0,2024,1070,guinea corn (sorghum),0.5713800191879272,250.0,125000.0,125000.0,0.19173824787139893,0.19173824787139893,0.0,0.33557045459747314,0.33557045459747314,0.19173824787139893,0.19173824787139893,0.0,0.0,2.190124034881592,0.5713800191879272,0.5713800191879272,9.0,6.0,5.5,12.5,50.0,0.0,50.0,1250.0,2.0,0.0,1.0,0.0,0.0,1200000.0,0.0,0.0,49.0,14.0,0.0,63.0,2,1.0,1.0,27.31142408231368,46.90848390186628,79.52083333333333,2023.0,military forces of nigeria (2023-),1.0,0.0,0.0,1.0,1.0
330057,north west,sokoto,sabon birni,rural,930.0,2024,1070,guinea corn (sorghum),0.5713800191879272,250.0,125000.0,125000.0,0.19173824787139893,0.19173824787139893,0.0,0.33557045459747314,0.33557045459747314,0.19173824787139893,0.19173824787139893,0.0,0.0,2.190124034881592,0.5713800191879272,0.5713800191879272,9.0,6.0,5.5,12.5,50.0,0.0,50.0,1250.0,2.0,0.0,1.0,0.0,0.0,1200000.0,0.0,0.0,49.0,14.0,0.0,63.0,2,1.0,1.0,27.31142408231368,46.90848390186628,79.52083333333333,2023.0,sokoto communal militia (nigeria),1.0,10.0,10.0,8.0,0.0
330057,north west,sokoto,sabon birni,rural,930.0,2024,1070,guinea corn (sorghum),0.5713800191879272,250.0,125000.0,125000.0,0.19173824787139893,0.19173824787139893,0.0,0.33557045459747314,0.33557045459747314,0.19173824787139893,0.19173824787139893,0.0,0.0,2.190124034881592,0.5713800191879272,0.5713800191879272,9.0,6.0,5.5,12.5,50.0,0.0,50.0,1250.0,2.0,0.0,1.0,0.0,0.0,1200000.0,0.0,0.0,49.0,14.0,0.0,63.0,2,1.0,1.0,27.31142408231368,46.90848390186628,79.52083333333333,2024.0,military forces of nigeria (2023-),1.0,19.0,29.0,4.0,1.0
330057,north west,sokoto,sabon birni,rural,930.0,2024,1070,guinea corn (sorghum),0.5713800191879272,250.0,125000.0,125000.0,0.19173824787139893,0.19173824787139893,0.0,0.33557045459747314,0.33557045459747314,0.19173824787139893,0.19173824787139893,0.0,0.0,2.190124034881592,0.5713800191879272,0.5713800191879272,9.0,6.0,5.5,12.5,50.0,0.0,50.0,1250.0,2.0,0.0,1.0,0.0,0.0,1200000.0,0.0,0.0,49.0,14.0,0.0,63.0,2,1.0,1.0,27.31142408231368,46.90848390186628,79.52083333333333,2024.0,sokoto communal militia (nigeria),1.0,96.0,96.0,69.0,0.0
330058,north west,sokoto,sabon birni,rural,930.0,2024,1070,guinea corn (sorghum),0.09721700102090836,50.57500076293945,25287.5,25287.5,0.03262315317988396,0.03262315317988396,0.0,0.33557045459747314,0.33557045459747314,0.0,0.0,0.0,0.0,0.7394170090556145,0.09721700102090836,0.3442169949412346,3.168,2.112,1.936,50.0,17.6,0.0,17.6,5000.0,0.0,0.0,1.0,0.0,0.0,0.0,0.0,0.0,33.0,0.0,0.0,33.0,2,1.0,1.0,27.31142408231368,46.90848390186628,79.52083333333333,2022.0,sokoto communal militia (nigeria),1.0,34.0,143.0,21.0,0.0
330058,north west,sokoto,sabon birni,rural,930.0,2024,1070,guinea corn (sorghum),0.09721700102090836,50.57500076293945,25287.5,25287.5,0.03262315317988396,0.03262315317988396,0.0,0.33557045459747314,0.33557045459747314,0.0,0.0,0.0,0.0,0.7394170090556145,0.09721700102090836,0.3442169949412346,3.168,2.112,1.936,50.0,17.6,0.0,17.6,5000.0,0.0,0.0,1.0,0.0,0.0,0.0,0.0,0.0,33.0,0.0,0.0,33.0,2,1.0,1.0,27.31142408231368,46.90848390186628,79.52083333333333,2023.0,military forces of nigeria (2015-2023),1.0,3.0,3.0,2.0,1.0
330058,north west,sokoto,sabon birni,rural,930.0,2024,1070,guinea corn (sorghum),0.09721700102090836,50.57500076293945,25287.5,25287.5,0.03262315317988396,0.03262315317988396,0.0,0.33557045459747314,0.33557045459747314,0.0,0.0,0.0,0.0,0.7394170090556145,0.09721700102090836,0.3442169949412346,3.168,2.112,1.936,50.0,17.6,0.0,17.6,5000.0,0.0,0.0,1.0,0.0,0.0,0.0,0.0,0.0,33.0,0.0,0.0,33.0,2,1.0,1.0,27.31142408231368,46.90848390186628,79.52083333333333,2023.0,military forces of nigeria (2023-),1.0,0.0,0.0,1.0,1.0
330058,north west,sokoto,sabon birni,rural,930.0,2024,1070,guinea corn (sorghum),0.09721700102090836,50.57500076293945,25287.5,25287.5,0.03262315317988396,0.03262315317988396,0.0,0.33557045459747314,0.33557045459747314,0.0,0.0,0.0,0.0,0.7394170090556145,0.09721700102090836,0.3442169949412346,3.168,2.112,1.936,50.0,17.6,0.0,17.6,5000.0,0.0,0.0,1.0,0.0,0.0,0.0,0.0,0.0,33.0,0.0,0.0,33.0,2,1.0,1.0,27.31142408231368,46.90848390186628,79.52083333333333,2023.0,sokoto communal militia (nigeria),1.0,10.0,10.0,8.0,0.0
330058,north west,sokoto,sabon birni,rural,930.0,2024,1070,guinea corn (sorghum),0.09721700102090836,50.57500076293945,25287.5,25287.5,0.03262315317988396,0.03262315317988396,0.0,0.33557045459747314,0.33557045459747314,0.0,0.0,0.0,0.0,0.7394170090556145,0.09721700102090836,0.3442169949412346,3.168,2.112,1.936,50.0,17.6,0.0,17.6,5000.0,0.0,0.0,1.0,0.0,0.0,0.0,0.0,0.0,33.0,0.0,0.0,33.0,2,1.0,1.0,27.31142408231368,46.90848390186628,79.52083333333333,2024.0,military forces of nigeria (2023-),1.0,19.0,29.0,4.0,1.0
330058,north west,sokoto,sabon birni,rural,930.0,2024,1070,guinea corn (sorghum),0.09721700102090836,50.57500076293945,25287.5,25287.5,0.03262315317988396,0.03262315317988396,0.0,0.33557045459747314,0.33557045459747314,0.0,0.0,0.0,0.0,0.7394170090556145,0.09721700102090836,0.3442169949412346,3.168,2.112,1.936,50.0,17.6,0.0,17.6,5000.0,0.0,0.0,1.0,0.0,0.0,0.0,0.0,0.0,33.0,0.0,0.0,33.0,2,1.0,1.0,27.31142408231368,46.90848390186628,79.52083333333333,2024.0,sokoto communal militia (nigeria),1.0,96.0,96.0,69.0,0.0
330059,north west,sokoto,sabon birni,rural,930.0,2024,1070,guinea corn (sorghum),0.12467299774289131,250.0,159000.0,65000.0,0.033626049757003784,0.033626049757003784,0.0,0.550000011920929,0.550000011920929,0.0,0.0,130000.0,500.0,0.9340450055897236,0.12467299774289131,0.12467299774289131,12.7696,0.0,0.0,8.0,0.0,27.76,27.76,800.0,0.0,0.0,1.0,0.0,0.0,540000.0,0.0,0.0,33.0,12.0,0.0,45.0,2,1.0,2.0,27.31142408231368,46.90848390186628,79.52083333333333,2022.0,sokoto communal militia (nigeria),1.0,34.0,143.0,21.0,0.0
330059,north west,sokoto,sabon birni,rural,930.0,2024,1070,guinea corn (sorghum),0.12467299774289131,250.0,159000.0,65000.0,0.033626049757003784,0.033626049757003784,0.0,0.550000011920929,0.550000011920929,0.0,0.0,130000.0,500.0,0.9340450055897236,0.12467299774289131,0.12467299774289131,12.7696,0.0,0.0,8.0,0.0,27.76,27.76,800.0,0.0,0.0,1.0,0.0,0.0,540000.0,0.0,0.0,33.0,12.0,0.0,45.0,2,1.0,2.0,27.31142408231368,46.90848390186628,79.52083333333333,2023.0,military forces of nigeria (2015-2023),1.0,3.0,3.0,2.0,1.0
330059,north west,sokoto,sabon birni,rural,930.0,2024,1070,guinea corn (sorghum),0.12467299774289131,250.0,159000.0,65000.0,0.033626049757003784,0.033626049757003784,0.0,0.550000011920929,0.550000011920929,0.0,0.0,130000.0,500.0,0.9340450055897236,0.12467299774289131,0.12467299774289131,12.7696,0.0,0.0,8.0,0.0,27.76,27.76,800.0,0.0,0.0,1.0,0.0,0.0,540000.0,0.0,0.0,33.0,12.0,0.0,45.0,2,1.0,2.0,27.31142408231368,46.90848390186628,79.52083333333333,2023.0,military forces of nigeria (2023-),1.0,0.0,0.0,1.0,1.0
330059,north west,sokoto,sabon birni,rural,930.0,2024,1070,guinea corn (sorghum),0.12467299774289131,250.0,159000.0,65000.0,0.033626049757003784,0.033626049757003784,0.0,0.550000011920929,0.550000011920929,0.0,0.0,130000.0,500.0,0.9340450055897236,0.12467299774289131,0.12467299774289131,12.7696,0.0,0.0,8.0,0.0,27.76,27.76,800.0,0.0,0.0,1.0,0.0,0.0,540000.0,0.0,0.0,33.0,12.0,0.0,45.0,2,1.0,2.0,27.31142408231368,46.90848390186628,79.52083333333333,2023.0,sokoto communal militia (nigeria),1.0,10.0,10.0,8.0,0.0
330059,north west,sokoto,sabon birni,rural,930.0,2024,1070,guinea corn (sorghum),0.12467299774289131,250.0,159000.0,65000.0,0.033626049757003784,0.033626049757003784,0.0,0.550000011920929,0.550000011920929,0.0,0.0,130000.0,500.0,0.9340450055897236,0.12467299774289131,0.12467299774289131,12.7696,0.0,0.0,8.0,0.0,27.76,27.76,800.0,0.0,0.0,1.0,0.0,0.0,540000.0,0.0,0.0,33.0,12.0,0.0,45.0,2,1.0,2.0,27.31142408231368,46.90848390186628,79.52083333333333,2024.0,military forces of nigeria (2023-),1.0,19.0,29.0,4.0,1.0
330059,north west,sokoto,sabon birni,rural,930.0,2024,1070,guinea corn (sorghum),0.12467299774289131,250.0,159000.0,65000.0,0.033626049757003784,0.033626049757003784,0.0,0.550000011920929,0.550000011920929,0.0,0.0,130000.0,500.0,0.9340450055897236,0.12467299774289131,0.12467299774289131,12.7696,0.0,0.0,8.0,0.0,27.76,27.76,800.0,0.0,0.0,1.0,0.0,0.0,540000.0,0.0,0.0,33.0,12.0,0.0,45.0,2,1.0,2.0,27.31142408231368,46.90848390186628,79.52083333333333,2024.0,sokoto communal militia (nigeria),1.0,96.0,96.0,69.0,0.0
330060,north west,sokoto,sabon birni,rural,930.0,2024,1070,guinea corn (sorghum),0.1476300060749054,530.0,265000.0,265000.0,0.06327000260353088,0.06327000260353088,0.0,0.4285714328289032,0.4285714328289032,0.06327000260353088,0.06327000260353088,0.0,0.0,1.76637402176857,0.1476300060749054,0.1476300060749054,0.0,0.0,0.0,50.0,0.0,0.0,0.0,5000.0,0.0,0.0,0.0,0.0,0.0,0.0,0.0,0.0,20.0,0.0,0.0,20.0,2,1.0,1.0,27.31142408231368,46.90848390186628,79.52083333333333,2022.0,sokoto communal militia (nigeria),1.0,34.0,143.0,21.0,0.0
330060,north west,sokoto,sabon birni,rural,930.0,2024,1070,guinea corn (sorghum),0.1476300060749054,530.0,265000.0,265000.0,0.06327000260353088,0.06327000260353088,0.0,0.4285714328289032,0.4285714328289032,0.06327000260353088,0.06327000260353088,0.0,0.0,1.76637402176857,0.1476300060749054,0.1476300060749054,0.0,0.0,0.0,50.0,0.0,0.0,0.0,5000.0,0.0,0.0,0.0,0.0,0.0,0.0,0.0,0.0,20.0,0.0,0.0,20.0,2,1.0,1.0,27.31142408231368,46.90848390186628,79.52083333333333,2023.0,military forces of nigeria (2015-2023),1.0,3.0,3.0,2.0,1.0
330060,north west,sokoto,sabon birni,rural,930.0,2024,1070,guinea corn (sorghum),0.1476300060749054,530.0,265000.0,265000.0,0.06327000260353088,0.06327000260353088,0.0,0.4285714328289032,0.4285714328289032,0.06327000260353088,0.06327000260353088,0.0,0.0,1.76637402176857,0.1476300060749054,0.1476300060749054,0.0,0.0,0.0,50.0,0.0,0.0,0.0,5000.0,0.0,0.0,0.0,0.0,0.0,0.0,0.0,0.0,20.0,0.0,0.0,20.0,2,1.0,1.0,27.31142408231368,46.90848390186628,79.52083333333333,2023.0,military forces of nigeria (2023-),1.0,0.0,0.0,1.0,1.0
330060,north west,sokoto,sabon birni,rural,930.0,2024,1070,guinea corn (sorghum),0.1476300060749054,530.0,265000.0,265000.0,0.06327000260353088,0.06327000260353088,0.0,0.4285714328289032,0.4285714328289032,0.06327000260353088,0.06327000260353088,0.0,0.0,1.76637402176857,0.1476300060749054,0.1476300060749054,0.0,0.0,0.0,50.0,0.0,0.0,0.0,5000.0,0.0,0.0,0.0,0.0,0.0,0.0,0.0,0.0,20.0,0.0,0.0,20.0,2,1.0,1.0,27.31142408231368,46.90848390186628,79.52083333333333,2023.0,sokoto communal militia (nigeria),1.0,10.0,10.0,8.0,0.0
330060,north west,sokoto,sabon birni,rural,930.0,2024,1070,guinea corn (sorghum),0.1476300060749054,530.0,265000.0,265000.0,0.06327000260353088,0.06327000260353088,0.0,0.4285714328289032,0.4285714328289032,0.06327000260353088,0.06327000260353088,0.0,0.0,1.76637402176857,0.1476300060749054,0.1476300060749054,0.0,0.0,0.0,50.0,0.0,0.0,0.0,5000.0,0.0,0.0,0.0,0.0,0.0,0.0,0.0,0.0,20.0,0.0,0.0,20.0,2,1.0,1.0,27.31142408231368,46.90848390186628,79.52083333333333,2024.0,military forces of nigeria (2023-),1.0,19.0,29.0,4.0,1.0
330060,north west,sokoto,sabon birni,rural,930.0,2024,1070,guinea corn (sorghum),0.1476300060749054,530.0,265000.0,265000.0,0.06327000260353088,0.06327000260353088,0.0,0.4285714328289032,0.4285714328289032,0.06327000260353088,0.06327000260353088,0.0,0.0,1.76637402176857,0.1476300060749054,0.1476300060749054,0.0,0.0,0.0,50.0,0.0,0.0,0.0,5000.0,0.0,0.0,0.0,0.0,0.0,0.0,0.0,0.0,20.0,0.0,0.0,20.0,2,1.0,1.0,27.31142408231368,46.90848390186628,79.52083333333333,2024.0,sokoto communal militia (nigeria),1.0,96.0,96.0,69.0,0.0
330061,north west,sokoto,gada,rural,418.0,2024,1070,guinea corn (sorghum),0.3986299932003021,361.25,180625.0,180625.0,0.1337684541940689,0.1337684541940689,0.0,0.33557045459747314,0.33557045459747314,0.1337684541940689,0.1337684541940689,0.0,0.0,1.612688034772873,0.3986299932003021,0.3986299932003021,0.0,0.0,0.0,0.0,0.0,0.0,0.0,0.0,0.0,0.0,0.0,0.0,0.0,0.0,0.0,0.0,21.0,7.0,21.0,49.0,2,2.0,2.0,27.62949870226177,44.765462180200224,72.71833333333333,2022.0,sokoto communal militia (nigeria),1.0,0.0,0.0,1.0,0.0
330061,north west,sokoto,gada,rural,418.0,2024,1070,guinea corn (sorghum),0.3986299932003021,361.25,180625.0,180625.0,0.1337684541940689,0.1337684541940689,0.0,0.33557045459747314,0.33557045459747314,0.1337684541940689,0.1337684541940689,0.0,0.0,1.612688034772873,0.3986299932003021,0.3986299932003021,0.0,0.0,0.0,0.0,0.0,0.0,0.0,0.0,0.0,0.0,0.0,0.0,0.0,0.0,0.0,0.0,21.0,7.0,21.0,49.0,2,2.0,2.0,27.62949870226177,44.765462180200224,72.71833333333333,2023.0,sokoto communal militia (nigeria),1.0,6.0,6.0,2.0,0.0
330061,north west,sokoto,gada,rural,418.0,2024,1070,guinea corn (sorghum),0.3986299932003021,361.25,180625.0,180625.0,0.1337684541940689,0.1337684541940689,0.0,0.33557045459747314,0.33557045459747314,0.1337684541940689,0.1337684541940689,0.0,0.0,1.612688034772873,0.3986299932003021,0.3986299932003021,0.0,0.0,0.0,0.0,0.0,0.0,0.0,0.0,0.0,0.0,0.0,0.0,0.0,0.0,0.0,0.0,21.0,7.0,21.0,49.0,2,2.0,2.0,27.62949870226177,44.765462180200224,72.71833333333333,2024.0,military forces of nigeria (2023-),1.0,9.0,9.0,1.0,1.0
330061,north west,sokoto,gada,rural,418.0,2024,1070,guinea corn (sorghum),0.3986299932003021,361.25,180625.0,180625.0,0.1337684541940689,0.1337684541940689,0.0,0.33557045459747314,0.33557045459747314,0.1337684541940689,0.1337684541940689,0.0,0.0,1.612688034772873,0.3986299932003021,0.3986299932003021,0.0,0.0,0.0,0.0,0.0,0.0,0.0,0.0,0.0,0.0,0.0,0.0,0.0,0.0,0.0,0.0,21.0,7.0,21.0,49.0,2,2.0,2.0,27.62949870226177,44.765462180200224,72.71833333333333,2024.0,sokoto communal militia (nigeria),1.0,3.0,3.0,4.0,0.0
330062,north west,sokoto,gada,rural,418.0,2024,1070,guinea corn (sorghum),0.1603900045156479,100.0,50000.0,50000.0,0.06014624983072281,0.06014624983072281,0.0,0.375,0.375,0.06014624983072281,0.06014624983072281,0.0,0.0,0.9697620123624802,0.1603900045156479,0.1603900045156479,0.0,0.0,0.0,0.0,0.0,0.0,0.0,0.0,0.0,0.0,0.0,0.0,0.0,0.0,0.0,0.0,27.0,35.0,12.0,74.0,2,1.0,1.0,27.62949870226177,44.765462180200224,72.71833333333333,2022.0,sokoto communal militia (nigeria),1.0,0.0,0.0,1.0,0.0
330062,north west,sokoto,gada,rural,418.0,2024,1070,guinea corn (sorghum),0.1603900045156479,100.0,50000.0,50000.0,0.06014624983072281,0.06014624983072281,0.0,0.375,0.375,0.06014624983072281,0.06014624983072281,0.0,0.0,0.9697620123624802,0.1603900045156479,0.1603900045156479,0.0,0.0,0.0,0.0,0.0,0.0,0.0,0.0,0.0,0.0,0.0,0.0,0.0,0.0,0.0,0.0,27.0,35.0,12.0,74.0,2,1.0,1.0,27.62949870226177,44.765462180200224,72.71833333333333,2023.0,sokoto communal militia (nigeria),1.0,6.0,6.0,2.0,0.0
330062,north west,sokoto,gada,rural,418.0,2024,1070,guinea corn (sorghum),0.1603900045156479,100.0,50000.0,50000.0,0.06014624983072281,0.06014624983072281,0.0,0.375,0.375,0.06014624983072281,0.06014624983072281,0.0,0.0,0.9697620123624802,0.1603900045156479,0.1603900045156479,0.0,0.0,0.0,0.0,0.0,0.0,0.0,0.0,0.0,0.0,0.0,0.0,0.0,0.0,0.0,0.0,27.0,35.0,12.0,74.0,2,1.0,1.0,27.62949870226177,44.765462180200224,72.71833333333333,2024.0,military forces of nigeria (2023-),1.0,9.0,9.0,1.0,1.0
330062,north west,sokoto,gada,rural,418.0,2024,1070,guinea corn (sorghum),0.1603900045156479,100.0,50000.0,50000.0,0.06014624983072281,0.06014624983072281,0.0,0.375,0.375,0.06014624983072281,0.06014624983072281,0.0,0.0,0.9697620123624802,0.1603900045156479,0.1603900045156479,0.0,0.0,0.0,0.0,0.0,0.0,0.0,0.0,0.0,0.0,0.0,0.0,0.0,0.0,0.0,0.0,27.0,35.0,12.0,74.0,2,1.0,1.0,27.62949870226177,44.765462180200224,72.71833333333333,2024.0,sokoto communal militia (nigeria),1.0,3.0,3.0,4.0,0.0
330063,north west,sokoto,gada,rural,418.0,2024,1070,guinea corn (sorghum),0.14791999757289886,100.0,50000.0,50000.0,0.055469997227191925,0.055469997227191925,0.0,0.375,0.375,0.055469997227191925,0.055469997227191925,0.0,0.0,2.837090030312538,0.36709000170230865,0.36709000170230865,0.0,0.0,0.0,0.0,0.0,0.0,0.0,0.0,0.0,0.0,0.0,0.0,0.0,0.0,0.0,0.0,24.0,4.0,0.0,28.0,2,1.0,2.0,27.62949870226177,44.765462180200224,72.71833333333333,2022.0,sokoto communal militia (nigeria),1.0,0.0,0.0,1.0,0.0
330063,north west,sokoto,gada,rural,418.0,2024,1070,guinea corn (sorghum),0.14791999757289886,100.0,50000.0,50000.0,0.055469997227191925,0.055469997227191925,0.0,0.375,0.375,0.055469997227191925,0.055469997227191925,0.0,0.0,2.837090030312538,0.36709000170230865,0.36709000170230865,0.0,0.0,0.0,0.0,0.0,0.0,0.0,0.0,0.0,0.0,0.0,0.0,0.0,0.0,0.0,0.0,24.0,4.0,0.0,28.0,2,1.0,2.0,27.62949870226177,44.765462180200224,72.71833333333333,2023.0,sokoto communal militia (nigeria),1.0,6.0,6.0,2.0,0.0
330063,north west,sokoto,gada,rural,418.0,2024,1070,guinea corn (sorghum),0.14791999757289886,100.0,50000.0,50000.0,0.055469997227191925,0.055469997227191925,0.0,0.375,0.375,0.055469997227191925,0.055469997227191925,0.0,0.0,2.837090030312538,0.36709000170230865,0.36709000170230865,0.0,0.0,0.0,0.0,0.0,0.0,0.0,0.0,0.0,0.0,0.0,0.0,0.0,0.0,0.0,0.0,24.0,4.0,0.0,28.0,2,1.0,2.0,27.62949870226177,44.765462180200224,72.71833333333333,2024.0,military forces of nigeria (2023-),1.0,9.0,9.0,1.0,1.0
330063,north west,sokoto,gada,rural,418.0,2024,1070,guinea corn (sorghum),0.14791999757289886,100.0,50000.0,50000.0,0.055469997227191925,0.055469997227191925,0.0,0.375,0.375,0.055469997227191925,0.055469997227191925,0.0,0.0,2.837090030312538,0.36709000170230865,0.36709000170230865,0.0,0.0,0.0,0.0,0.0,0.0,0.0,0.0,0.0,0.0,0.0,0.0,0.0,0.0,0.0,0.0,24.0,4.0,0.0,28.0,2,1.0,2.0,27.62949870226177,44.765462180200224,72.71833333333333,2024.0,sokoto communal militia (nigeria),1.0,3.0,3.0,4.0,0.0
330064,north west,sokoto,gada,rural,418.0,2024,1070,guinea corn (sorghum),1.2880699932575226,158.95001029968262,79475.0087890625,79475.0087890625,0.4389479383826256,0.4389479383826256,0.0,0.6901803612709045,0.6901803612709045,0.4389479383826256,0.4389479383826256,0.0,0.0,2.906814008951187,1.2880699932575226,1.2880699932575226,0.0,0.0,0.0,0.0,0.0,0.0,0.0,0.0,0.0,0.0,0.0,0.0,0.0,0.0,0.0,0.0,49.0,0.0,15.0,64.0,2,1.0,1.0,27.62949870226177,44.765462180200224,72.71833333333333,2022.0,sokoto communal militia (nigeria),1.0,0.0,0.0,1.0,0.0
330064,north west,sokoto,gada,rural,418.0,2024,1070,guinea corn (sorghum),1.2880699932575226,158.95001029968262,79475.0087890625,79475.0087890625,0.4389479383826256,0.4389479383826256,0.0,0.6901803612709045,0.6901803612709045,0.4389479383826256,0.4389479383826256,0.0,0.0,2.906814008951187,1.2880699932575226,1.2880699932575226,0.0,0.0,0.0,0.0,0.0,0.0,0.0,0.0,0.0,0.0,0.0,0.0,0.0,0.0,0.0,0.0,49.0,0.0,15.0,64.0,2,1.0,1.0,27.62949870226177,44.765462180200224,72.71833333333333,2023.0,sokoto communal militia (nigeria),1.0,6.0,6.0,2.0,0.0
330064,north west,sokoto,gada,rural,418.0,2024,1070,guinea corn (sorghum),1.2880699932575226,158.95001029968262,79475.0087890625,79475.0087890625,0.4389479383826256,0.4389479383826256,0.0,0.6901803612709045,0.6901803612709045,0.4389479383826256,0.4389479383826256,0.0,0.0,2.906814008951187,1.2880699932575226,1.2880699932575226,0.0,0.0,0.0,0.0,0.0,0.0,0.0,0.0,0.0,0.0,0.0,0.0,0.0,0.0,0.0,0.0,49.0,0.0,15.0,64.0,2,1.0,1.0,27.62949870226177,44.765462180200224,72.71833333333333,2024.0,military forces of nigeria (2023-),1.0,9.0,9.0,1.0,1.0
330064,north west,sokoto,gada,rural,418.0,2024,1070,guinea corn (sorghum),1.2880699932575226,158.95001029968262,79475.0087890625,79475.0087890625,0.4389479383826256,0.4389479383826256,0.0,0.6901803612709045,0.6901803612709045,0.4389479383826256,0.4389479383826256,0.0,0.0,2.906814008951187,1.2880699932575226,1.2880699932575226,0.0,0.0,0.0,0.0,0.0,0.0,0.0,0.0,0.0,0.0,0.0,0.0,0.0,0.0,0.0,0.0,49.0,0.0,15.0,64.0,2,1.0,1.0,27.62949870226177,44.765462180200224,72.71833333333333,2024.0,sokoto communal militia (nigeria),1.0,3.0,3.0,4.0,0.0
330065,north west,sokoto,gada,rural,418.0,2024,1070,guinea corn (sorghum),0.6699699759483337,100.0,50000.0,26000.0,0.1905948966741562,0.1905948966741562,0.0,0.2844827473163605,0.28448277711868286,0.1905948966741562,0.1905948966741562,13000.0,50.0,0.6723699760623276,0.6699699759483337,0.6699699759483337,0.0,0.0,0.0,0.0,0.0,0.0,0.0,0.0,0.0,0.0,0.0,0.0,0.0,482400.0,0.0,0.0,18.0,4.0,6.0,28.0,2,2.0,2.0,27.62949870226177,44.765462180200224,72.71833333333333,2022.0,sokoto communal militia (nigeria),1.0,0.0,0.0,1.0,0.0
330065,north west,sokoto,gada,rural,418.0,2024,1070,guinea corn (sorghum),0.6699699759483337,100.0,50000.0,26000.0,0.1905948966741562,0.1905948966741562,0.0,0.2844827473163605,0.28448277711868286,0.1905948966741562,0.1905948966741562,13000.0,50.0,0.6723699760623276,0.6699699759483337,0.6699699759483337,0.0,0.0,0.0,0.0,0.0,0.0,0.0,0.0,0.0,0.0,0.0,0.0,0.0,482400.0,0.0,0.0,18.0,4.0,6.0,28.0,2,2.0,2.0,27.62949870226177,44.765462180200224,72.71833333333333,2023.0,sokoto communal militia (nigeria),1.0,6.0,6.0,2.0,0.0
330065,north west,sokoto,gada,rural,418.0,2024,1070,guinea corn (sorghum),0.6699699759483337,100.0,50000.0,26000.0,0.1905948966741562,0.1905948966741562,0.0,0.2844827473163605,0.28448277711868286,0.1905948966741562,0.1905948966741562,13000.0,50.0,0.6723699760623276,0.6699699759483337,0.6699699759483337,0.0,0.0,0.0,0.0,0.0,0.0,0.0,0.0,0.0,0.0,0.0,0.0,0.0,482400.0,0.0,0.0,18.0,4.0,6.0,28.0,2,2.0,2.0,27.62949870226177,44.765462180200224,72.71833333333333,2024.0,military forces of nigeria (2023-),1.0,9.0,9.0,1.0,1.0
330065,north west,sokoto,gada,rural,418.0,2024,1070,guinea corn (sorghum),0.6699699759483337,100.0,50000.0,26000.0,0.1905948966741562,0.1905948966741562,0.0,0.2844827473163605,0.28448277711868286,0.1905948966741562,0.1905948966741562,13000.0,50.0,0.6723699760623276,0.6699699759483337,0.6699699759483337,0.0,0.0,0.0,0.0,0.0,0.0,0.0,0.0,0.0,0.0,0.0,0.0,0.0,482400.0,0.0,0.0,18.0,4.0,6.0,28.0,2,2.0,2.0,27.62949870226177,44.765462180200224,72.71833333333333,2024.0,sokoto communal militia (nigeria),1.0,3.0,3.0,4.0,0.0
330066,north west,sokoto,gada,rural,418.0,2024,1070,guinea corn (sorghum),0.19800999760627747,158.95001220703125,79475.0078125,79475.0078125,0.07425375282764435,0.07425375282764435,0.0,0.375,0.375,0.07425375282764435,0.07425375282764435,0.0,0.0,1.0073820054531097,0.19800999760627747,0.19800999760627747,0.0,0.0,0.0,0.0,0.0,0.0,0.0,0.0,0.0,0.0,0.0,0.0,0.0,0.0,0.0,0.0,20.0,14.0,0.0,34.0,2,1.0,1.0,27.62949870226177,44.765462180200224,72.71833333333333,2022.0,sokoto communal militia (nigeria),1.0,0.0,0.0,1.0,0.0
330066,north west,sokoto,gada,rural,418.0,2024,1070,guinea corn (sorghum),0.19800999760627747,158.95001220703125,79475.0078125,79475.0078125,0.07425375282764435,0.07425375282764435,0.0,0.375,0.375,0.07425375282764435,0.07425375282764435,0.0,0.0,1.0073820054531097,0.19800999760627747,0.19800999760627747,0.0,0.0,0.0,0.0,0.0,0.0,0.0,0.0,0.0,0.0,0.0,0.0,0.0,0.0,0.0,0.0,20.0,14.0,0.0,34.0,2,1.0,1.0,27.62949870226177,44.765462180200224,72.71833333333333,2023.0,sokoto communal militia (nigeria),1.0,6.0,6.0,2.0,0.0
330066,north west,sokoto,gada,rural,418.0,2024,1070,guinea corn (sorghum),0.19800999760627747,158.95001220703125,79475.0078125,79475.0078125,0.07425375282764435,0.07425375282764435,0.0,0.375,0.375,0.07425375282764435,0.07425375282764435,0.0,0.0,1.0073820054531097,0.19800999760627747,0.19800999760627747,0.0,0.0,0.0,0.0,0.0,0.0,0.0,0.0,0.0,0.0,0.0,0.0,0.0,0.0,0.0,0.0,20.0,14.0,0.0,34.0,2,1.0,1.0,27.62949870226177,44.765462180200224,72.71833333333333,2024.0,military forces of nigeria (2023-),1.0,9.0,9.0,1.0,1.0
330066,north west,sokoto,gada,rural,418.0,2024,1070,guinea corn (sorghum),0.19800999760627747,158.95001220703125,79475.0078125,79475.0078125,0.07425375282764435,0.07425375282764435,0.0,0.375,0.375,0.07425375282764435,0.07425375282764435,0.0,0.0,1.0073820054531097,0.19800999760627747,0.19800999760627747,0.0,0.0,0.0,0.0,0.0,0.0,0.0,0.0,0.0,0.0,0.0,0.0,0.0,0.0,0.0,0.0,20.0,14.0,0.0,34.0,2,1.0,1.0,27.62949870226177,44.765462180200224,72.71833333333333,2024.0,sokoto communal militia (nigeria),1.0,3.0,3.0,4.0,0.0
330067,north west,sokoto,gada,rural,418.0,2024,1070,guinea corn (sorghum),0.1743900030851364,30.345001220703125,15172.5009765625,15172.5009765625,0.08676119148731232,0.08676119148731232,0.0,0.49751242995262146,0.49751242995262146,0.08676119148731232,0.08676119148731232,0.0,0.0,5.030622228980064,0.1743900030851364,4.221250221133232,0.0,0.0,0.0,0.0,0.0,0.0,0.0,0.0,0.0,0.0,0.0,0.0,0.0,0.0,0.0,0.0,40.0,0.0,0.0,40.0,2,2.0,2.0,27.62949870226177,44.765462180200224,72.71833333333333,2022.0,sokoto communal militia (nigeria),1.0,0.0,0.0,1.0,0.0
330067,north west,sokoto,gada,rural,418.0,2024,1070,guinea corn (sorghum),0.1743900030851364,30.345001220703125,15172.5009765625,15172.5009765625,0.08676119148731232,0.08676119148731232,0.0,0.49751242995262146,0.49751242995262146,0.08676119148731232,0.08676119148731232,0.0,0.0,5.030622228980064,0.1743900030851364,4.221250221133232,0.0,0.0,0.0,0.0,0.0,0.0,0.0,0.0,0.0,0.0,0.0,0.0,0.0,0.0,0.0,0.0,40.0,0.0,0.0,40.0,2,2.0,2.0,27.62949870226177,44.765462180200224,72.71833333333333,2023.0,sokoto communal militia (nigeria),1.0,6.0,6.0,2.0,0.0
330067,north west,sokoto,gada,rural,418.0,2024,1070,guinea corn (sorghum),0.1743900030851364,30.345001220703125,15172.5009765625,15172.5009765625,0.08676119148731232,0.08676119148731232,0.0,0.49751242995262146,0.49751242995262146,0.08676119148731232,0.08676119148731232,0.0,0.0,5.030622228980064,0.1743900030851364,4.221250221133232,0.0,0.0,0.0,0.0,0.0,0.0,0.0,0.0,0.0,0.0,0.0,0.0,0.0,0.0,0.0,0.0,40.0,0.0,0.0,40.0,2,2.0,2.0,27.62949870226177,44.765462180200224,72.71833333333333,2024.0,military forces of nigeria (2023-),1.0,9.0,9.0,1.0,1.0
330067,north west,sokoto,gada,rural,418.0,2024,1070,guinea corn (sorghum),0.1743900030851364,30.345001220703125,15172.5009765625,15172.5009765625,0.08676119148731232,0.08676119148731232,0.0,0.49751242995262146,0.49751242995262146,0.08676119148731232,0.08676119148731232,0.0,0.0,5.030622228980064,0.1743900030851364,4.221250221133232,0.0,0.0,0.0,0.0,0.0,0.0,0.0,0.0,0.0,0.0,0.0,0.0,0.0,0.0,0.0,0.0,40.0,0.0,0.0,40.0,2,2.0,2.0,27.62949870226177,44.765462180200224,72.71833333333333,2024.0,sokoto communal militia (nigeria),1.0,3.0,3.0,4.0,0.0
330068,north west,sokoto,gada,rural,418.0,2024,1070,guinea corn (sorghum),0.9481199979782104,400.0,200000.0,200000.0,0.3333013653755188,0.3333013653755188,0.0,0.7355704605579376,0.7355704605579376,0.3333013653755188,0.3333013653755188,0.0,0.0,0.9481199979782104,0.9481199979782104,0.9481199979782104,0.0,0.0,0.0,0.0,0.0,0.0,0.0,0.0,0.0,0.0,0.0,0.0,0.0,576000.0,0.0,0.0,19.0,16.0,27.0,62.0,2,1.0,2.0,27.62949870226177,44.765462180200224,72.71833333333333,2022.0,sokoto communal militia (nigeria),1.0,0.0,0.0,1.0,0.0
330068,north west,sokoto,gada,rural,418.0,2024,1070,guinea corn (sorghum),0.9481199979782104,400.0,200000.0,200000.0,0.3333013653755188,0.3333013653755188,0.0,0.7355704605579376,0.7355704605579376,0.3333013653755188,0.3333013653755188,0.0,0.0,0.9481199979782104,0.9481199979782104,0.9481199979782104,0.0,0.0,0.0,0.0,0.0,0.0,0.0,0.0,0.0,0.0,0.0,0.0,0.0,576000.0,0.0,0.0,19.0,16.0,27.0,62.0,2,1.0,2.0,27.62949870226177,44.765462180200224,72.71833333333333,2023.0,sokoto communal militia (nigeria),1.0,6.0,6.0,2.0,0.0
330068,north west,sokoto,gada,rural,418.0,2024,1070,guinea corn (sorghum),0.9481199979782104,400.0,200000.0,200000.0,0.3333013653755188,0.3333013653755188,0.0,0.7355704605579376,0.7355704605579376,0.3333013653755188,0.3333013653755188,0.0,0.0,0.9481199979782104,0.9481199979782104,0.9481199979782104,0.0,0.0,0.0,0.0,0.0,0.0,0.0,0.0,0.0,0.0,0.0,0.0,0.0,576000.0,0.0,0.0,19.0,16.0,27.0,62.0,2,1.0,2.0,27.62949870226177,44.765462180200224,72.71833333333333,2024.0,military forces of nigeria (2023-),1.0,9.0,9.0,1.0,1.0
330068,north west,sokoto,gada,rural,418.0,2024,1070,guinea corn (sorghum),0.9481199979782104,400.0,200000.0,200000.0,0.3333013653755188,0.3333013653755188,0.0,0.7355704605579376,0.7355704605579376,0.3333013653755188,0.3333013653755188,0.0,0.0,0.9481199979782104,0.9481199979782104,0.9481199979782104,0.0,0.0,0.0,0.0,0.0,0.0,0.0,0.0,0.0,0.0,0.0,0.0,0.0,576000.0,0.0,0.0,19.0,16.0,27.0,62.0,2,1.0,2.0,27.62949870226177,44.765462180200224,72.71833333333333,2024.0,sokoto communal militia (nigeria),1.0,3.0,3.0,4.0,0.0
330069,north west,sokoto,gada,rural,418.0,2024,1070,guinea corn (sorghum),0.5630099773406982,72.25,36125.0,36125.0,0.2252039909362793,0.2252039909362793,0.0,0.4000000059604645,0.4000000059604645,0.2252039909362793,0.2252039909362793,0.0,0.0,0.8100099712610245,0.5630099773406982,0.5630099773406982,0.0,0.0,0.0,0.0,0.0,0.0,0.0,0.0,0.0,0.0,0.0,0.0,0.0,0.0,0.0,0.0,25.0,0.0,0.0,25.0,2,1.0,1.0,27.62949870226177,44.765462180200224,72.71833333333333,2022.0,sokoto communal militia (nigeria),1.0,0.0,0.0,1.0,0.0
330069,north west,sokoto,gada,rural,418.0,2024,1070,guinea corn (sorghum),0.5630099773406982,72.25,36125.0,36125.0,0.2252039909362793,0.2252039909362793,0.0,0.4000000059604645,0.4000000059604645,0.2252039909362793,0.2252039909362793,0.0,0.0,0.8100099712610245,0.5630099773406982,0.5630099773406982,0.0,0.0,0.0,0.0,0.0,0.0,0.0,0.0,0.0,0.0,0.0,0.0,0.0,0.0,0.0,0.0,25.0,0.0,0.0,25.0,2,1.0,1.0,27.62949870226177,44.765462180200224,72.71833333333333,2023.0,sokoto communal militia (nigeria),1.0,6.0,6.0,2.0,0.0
330069,north west,sokoto,gada,rural,418.0,2024,1070,guinea corn (sorghum),0.5630099773406982,72.25,36125.0,36125.0,0.2252039909362793,0.2252039909362793,0.0,0.4000000059604645,0.4000000059604645,0.2252039909362793,0.2252039909362793,0.0,0.0,0.8100099712610245,0.5630099773406982,0.5630099773406982,0.0,0.0,0.0,0.0,0.0,0.0,0.0,0.0,0.0,0.0,0.0,0.0,0.0,0.0,0.0,0.0,25.0,0.0,0.0,25.0,2,1.0,1.0,27.62949870226177,44.765462180200224,72.71833333333333,2024.0,military forces of nigeria (2023-),1.0,9.0,9.0,1.0,1.0
330069,north west,sokoto,gada,rural,418.0,2024,1070,guinea corn (sorghum),0.5630099773406982,72.25,36125.0,36125.0,0.2252039909362793,0.2252039909362793,0.0,0.4000000059604645,0.4000000059604645,0.2252039909362793,0.2252039909362793,0.0,0.0,0.8100099712610245,0.5630099773406982,0.5630099773406982,0.0,0.0,0.0,0.0,0.0,0.0,0.0,0.0,0.0,0.0,0.0,0.0,0.0,0.0,0.0,0.0,25.0,0.0,0.0,25.0,2,1.0,1.0,27.62949870226177,44.765462180200224,72.71833333333333,2024.0,sokoto communal militia (nigeria),1.0,3.0,3.0,4.0,0.0
330070,north west,sokoto,gada,rural,418.0,2024,1070,guinea corn (sorghum),0.25703999400138855,150.0,75000.0,75000.0,0.09638999402523041,0.09638999402523041,0.0,0.375,0.375,0.09638999402523041,0.09638999402523041,0.0,0.0,0.25703999400138855,0.25703999400138855,0.25703999400138855,0.0,0.0,0.0,0.0,0.0,0.0,0.0,0.0,0.0,0.0,0.0,0.0,0.0,480000.0,0.0,0.0,75.0,17.0,0.0,92.0,2,1.0,1.0,27.62949870226177,44.765462180200224,72.71833333333333,2022.0,sokoto communal militia (nigeria),1.0,0.0,0.0,1.0,0.0
330070,north west,sokoto,gada,rural,418.0,2024,1070,guinea corn (sorghum),0.25703999400138855,150.0,75000.0,75000.0,0.09638999402523041,0.09638999402523041,0.0,0.375,0.375,0.09638999402523041,0.09638999402523041,0.0,0.0,0.25703999400138855,0.25703999400138855,0.25703999400138855,0.0,0.0,0.0,0.0,0.0,0.0,0.0,0.0,0.0,0.0,0.0,0.0,0.0,480000.0,0.0,0.0,75.0,17.0,0.0,92.0,2,1.0,1.0,27.62949870226177,44.765462180200224,72.71833333333333,2023.0,sokoto communal militia (nigeria),1.0,6.0,6.0,2.0,0.0
330070,north west,sokoto,gada,rural,418.0,2024,1070,guinea corn (sorghum),0.25703999400138855,150.0,75000.0,75000.0,0.09638999402523041,0.09638999402523041,0.0,0.375,0.375,0.09638999402523041,0.09638999402523041,0.0,0.0,0.25703999400138855,0.25703999400138855,0.25703999400138855,0.0,0.0,0.0,0.0,0.0,0.0,0.0,0.0,0.0,0.0,0.0,0.0,0.0,480000.0,0.0,0.0,75.0,17.0,0.0,92.0,2,1.0,1.0,27.62949870226177,44.765462180200224,72.71833333333333,2024.0,military forces of nigeria (2023-),1.0,9.0,9.0,1.0,1.0
330070,north west,sokoto,gada,rural,418.0,2024,1070,guinea corn (sorghum),0.25703999400138855,150.0,75000.0,75000.0,0.09638999402523041,0.09638999402523041,0.0,0.375,0.375,0.09638999402523041,0.09638999402523041,0.0,0.0,0.25703999400138855,0.25703999400138855,0.25703999400138855,0.0,0.0,0.0,0.0,0.0,0.0,0.0,0.0,0.0,0.0,0.0,0.0,0.0,480000.0,0.0,0.0,75.0,17.0,0.0,92.0,2,1.0,1.0,27.62949870226177,44.765462180200224,72.71833333333333,2024.0,sokoto communal militia (nigeria),1.0,3.0,3.0,4.0,0.0
339001,north west,sokoto,bodinga,rural,816.0,2024,1070,guinea corn (sorghum),0.3382299989461899,380.0,190000.0,193800.0,0.07916021347045898,0.07916021347045898,0.0,0.4680851101875305,0.4680851101875305,0.0,0.0,25500.0,50.0,0.5852299928665161,0.3382299989461899,0.3382299989461899,0.0,0.0,0.0,22.5,0.0,0.0,0.0,2250.0,0.0,0.0,0.0,0.0,0.0,384000.0,0.0,0.0,20.0,0.0,32.0,52.0,2,1.0,1.0,26.55906412532296,64.52221526442385,103.43658069024184,,,0.0,0.0,0.0,0.0,0.0
339002,north west,sokoto,bodinga,rural,816.0,2024,1070,guinea corn (sorghum),0.2080100029706955,530.0,265000.0,265000.0,0.07800374925136566,0.07800374925136566,0.0,0.375,0.375,0.07800374925136566,0.07800374925136566,0.0,0.0,0.300913043320179,0.2080100029706955,0.2080100029706955,0.0,0.0,0.0,20.0,0.0,0.0,0.0,2000.0,0.0,0.0,0.0,0.0,0.0,0.0,0.0,0.0,19.0,17.0,0.0,36.0,2,1.0,1.0,26.55906412532296,64.52221526442385,103.43658069024184,,,0.0,0.0,0.0,0.0,0.0
339004,north west,sokoto,bodinga,rural,816.0,2024,1070,guinea corn (sorghum),0.1648939996957779,150.0,92000.0,92000.0,0.044022250920534134,0.044022250920534134,0.0,0.5504982471466064,0.5504982471466064,0.0,0.0,0.0,0.0,0.4612940102815628,0.1648939996957779,0.1648939996957779,0.0,0.0,0.0,6.0,0.0,0.0,0.0,600.0,0.0,0.0,0.0,0.0,0.0,318000.0,0.0,0.0,18.0,0.0,0.0,18.0,2,1.0,1.0,26.55906412532296,64.52221526442385,103.43658069024184,,,0.0,0.0,0.0,0.0,0.0
339005,north west,sokoto,bodinga,rural,816.0,2024,1070,guinea corn (sorghum),0.4913009963929653,492.9000015258789,246450.0,246450.0,0.1942573171108961,0.1942573171108961,0.0,1.5694444477558136,1.5694444477558136,0.14816194027662277,0.14816194027662277,0.0,0.0,0.6771070770919323,0.4913009963929653,0.4913009963929653,0.0,0.0,0.0,190.0,0.0,0.0,0.0,19000.0,0.0,8.0,0.0,0.0,0.0,2100.0,0.0,0.0,13.0,34.0,27.0,74.0,2,1.0,4.0,26.55906412532296,64.52221526442385,103.43658069024184,,,0.0,0.0,0.0,0.0,0.0
339006,north west,sokoto,bodinga,rural,816.0,2024,1070,guinea corn (sorghum),0.3341200053691864,300.0,150000.0,150000.0,0.1088707447052002,0.1088707447052002,0.0,0.5955497324466705,0.5955497622489929,0.09164324402809143,0.09164324402809143,0.0,0.0,0.5811199992895126,0.3341200053691864,0.3341200053691864,2.4839997,0.0,0.0,5.2,0.0,5.3999996,5.3999996,520.0,0.0,0.0,1.0,0.0,0.0,726000.0,0.0,0.0,16.0,0.0,0.0,16.0,2,1.0,2.0,26.55906412532296,64.52221526442385,103.43658069024184,,,0.0,0.0,0.0,0.0,0.0
339009,north west,sokoto,bodinga,rural,816.0,2024,1070,guinea corn (sorghum),0.2873550057411194,0.0,0.0,0.0,0.08725075796246529,0.0,0.0,0.5800000131130219,0.5833333432674408,0.0,0.06357450783252716,0.0,0.0,3.1201570630073547,0.2873550057411194,1.906099021434784,0.0,0.0,0.0,6.0,0.0,0.0,0.0,600.0,0.0,1.0,0.0,0.0,0.0,0.0,0.0,0.0,6.0,3.0,0.0,9.0,2,1.0,3.0,26.55906412532296,64.52221526442385,103.43658069024184,,,0.0,0.0,0.0,0.0,0.0
339011,north west,sokoto,bodinga,rural,816.0,2024,1070,guinea corn (sorghum),0.149082999676466,150.0,92000.0,92000.0,0.04845841974020004,0.04845841974020004,0.0,0.6312640309333801,0.6312640607357025,0.0,0.0,0.0,0.0,1.5914027504622936,0.149082999676466,0.149082999676466,9.2,0.0,0.0,1.0,0.0,20.0,20.0,100.0,2.0,0.0,1.0,0.0,0.0,1624000.0,0.0,0.0,13.0,5.0,1.0,19.0,2,1.0,1.0,26.55906412532296,64.52221526442385,103.43658069024184,,,0.0,0.0,0.0,0.0,0.0
339012,north west,sokoto,bodinga,rural,816.0,2024,1070,guinea corn (sorghum),0.13300000131130219,79.5,39750.0,39750.0,0.059111110866069794,0.059111110866069794,0.0,0.4444444477558136,0.4444444477558136,0.059111110866069794,0.059111110866069794,0.0,0.0,0.22590304166078568,0.13300000131130219,0.13300000131130219,0.0,0.0,0.0,30.0,0.0,0.0,0.0,3000.0,0.0,2.0,0.0,0.0,0.0,0.0,1008000.0,0.0,18.0,26.0,16.0,60.0,2,1.0,1.0,26.55906412532296,64.52221526442385,103.43658069024184,,,0.0,0.0,0.0,0.0,0.0
339037,north west,sokoto,wamakko,rural,118.0,2024,1070,guinea corn (sorghum),0.5633039996027946,132.5,66250.0,66250.0,0.19629147835075855,0.1388325851294212,0.0,0.9705497324466705,0.9705497622489929,0.13605749607086182,0.13605749607086182,0.0,0.0,1.0573039874434471,0.5633039996027946,0.5633039996027946,0.0,0.0,0.0,0.0,0.0,0.0,0.0,0.0,0.0,0.0,0.0,0.0,0.0,20000.0,0.0,0.0,36.0,75.0,0.0,111.0,2,1.0,3.0,26.55906412532296,64.52221526442385,103.43658069024184,,,0.0,0.0,0.0,0.0,0.0
339038,north west,sokoto,wamakko,rural,118.0,2024,1070,guinea corn (sorghum),0.21678999811410904,350.0,175000.0,129500.0,0.08830180764198303,0.08830180764198303,0.0,0.8194444477558136,0.8194444477558136,0.0,0.0,18500.0,50.0,0.356144554913044,0.21678999811410904,0.21678999811410904,0.0,0.0,0.0,0.0,0.0,0.0,0.0,0.0,0.0,0.0,0.0,0.0,0.0,1206000.0,0.0,0.0,36.0,3.0,0.0,39.0,2,1.0,2.0,26.55906412532296,64.52221526442385,103.43658069024184,,,0.0,0.0,0.0,0.0,0.0
339040,north west,sokoto,wamakko,rural,118.0,2024,1070,guinea corn (sorghum),0.7623199820518494,198.00000762939453,99000.00390625,99000.00390625,0.2549966126680374,0.2549966126680374,0.0,0.6987951695919037,0.6987951695919037,0.2549966126680374,0.2549966126680374,0.0,0.0,0.7623199820518494,0.7623199820518494,0.7623199820518494,0.0,0.0,0.0,0.0,0.0,0.0,0.0,0.0,0.0,0.0,0.0,0.0,0.0,19600.0,0.0,0.0,9.0,55.0,51.0,115.0,2,1.0,1.0,26.55906412532296,64.52221526442385,103.43658069024184,,,0.0,0.0,0.0,0.0,0.0
339042,north west,sokoto,wamakko,rural,118.0,2024,1070,guinea corn (sorghum),0.6616999953985214,550.0,275000.0,302500.0,0.21399300917983055,0.21399300917983055,0.0,0.6333333551883698,0.6333333551883698,0.21399300917983055,0.21399300917983055,110000.0,200.0,1.3828598707914352,0.6616999953985214,0.6616999953985214,34.5,0.0,0.0,0.0,0.0,75.0,75.0,0.0,0.0,0.0,1.0,0.0,0.0,0.0,0.0,0.0,31.0,2.0,0.0,33.0,2,1.0,2.0,26.55906412532296,64.52221526442385,103.43658069024184,,,0.0,0.0,0.0,0.0,0.0
339043,north west,sokoto,wamakko,rural,118.0,2024,1070,guinea corn (sorghum),0.1866449974477291,450.0,225000.0,216000.0,0.06419187877327204,0.06419187877327204,0.0,1.0227577686309814,1.0227578282356262,0.0,0.0,96000.0,200.0,0.23309651762247086,0.1866449974477291,0.1866449974477291,0.0,0.0,0.0,0.0,0.0,0.0,0.0,0.0,0.0,0.0,0.0,0.0,0.0,1296000.0,0.0,0.0,12.0,4.0,0.0,16.0,2,2.0,4.0,26.55906412532296,64.52221526442385,103.43658069024184,,,0.0,0.0,0.0,0.0,0.0
339044,north west,sokoto,wamakko,rural,118.0,2024,1070,guinea corn (sorghum),0.38808000087738037,0.0,0.0,0.0,0.11857999861240387,0.0,0.0,0.6111111044883728,0.6111111044883728,0.0,0.11857999861240387,0.0,0.0,1.1092398762702942,0.38808000087738037,0.38808000087738037,0.0,0.0,0.0,60.0,0.0,0.0,0.0,6000.0,0.0,0.0,0.0,0.0,0.0,-360000.0,0.0,0.0,14.0,8.0,0.0,22.0,2,1.0,1.0,26.55906412532296,64.52221526442385,103.43658069024184,,,0.0,0.0,0.0,0.0,0.0
339045,north west,sokoto,wamakko,rural,118.0,2024,1070,guinea corn (sorghum),0.22882599383592606,371.0,185500.0,185500.0,0.08580974768847227,0.08580974768847227,0.0,1.125,1.125,0.0,0.0,0.0,0.0,1.6711457446217537,0.22882599383592606,0.22882599383592606,0.0,0.0,0.0,75.0,0.0,0.0,0.0,7500.0,0.0,0.0,0.0,0.0,0.0,0.0,0.0,0.0,15.0,31.0,0.0,46.0,2,1.0,3.0,26.55906412532296,64.52221526442385,103.43658069024184,,,0.0,0.0,0.0,0.0,0.0
339046,north west,sokoto,wamakko,rural,118.0,2024,1070,guinea corn (sorghum),1.0150360092520714,1050.0,525000.0,525000.0,0.31844766810536385,0.31844766810536385,0.0,2.191703647375107,2.1917037963867188,0.17919538170099258,0.17919538170099258,0.0,0.0,1.1879360154271126,1.0150360092520714,1.0150360092520714,85.1,0.0,0.0,0.0,0.0,185.0,185.0,0.0,0.0,0.0,1.0,0.0,0.0,6520000.0,0.0,0.0,12.0,7.0,4.0,23.0,2,1.0,3.0,26.55906412532296,64.52221526442385,103.43658069024184,,,0.0,0.0,0.0,0.0,0.0
339047,north west,sokoto,wamakko,rural,118.0,2024,1070,guinea corn (sorghum),0.5019099861383438,150.0,75000.0,75000.0,0.13004611432552338,0.13004611432552338,0.0,0.5344827473163605,0.5344827771186829,0.09235499799251556,0.09235499799251556,0.0,0.0,0.5031099861953408,0.5019099861383438,0.5019099861383438,0.0,0.0,0.0,2.0,0.0,0.0,0.0,200.0,0.0,0.0,0.0,0.0,0.0,468000.0,0.0,0.0,0.0,21.0,0.0,21.0,2,1.0,1.0,26.55906412532296,64.52221526442385,103.43658069024184,,,0.0,0.0,0.0,0.0,0.0
339048,north west,sokoto,wamakko,rural,118.0,2024,1070,guinea corn (sorghum),0.6258700117468834,667.8000335693359,333900.0234375,333900.0234375,0.08512393478304148,0.08512393478304148,0.0,1.0266666989773512,1.1027185954153538,0.0,0.0,0.0,0.0,0.6258700117468834,0.6258700117468834,0.6258700117468834,0.0,0.0,0.0,1.0,0.0,0.0,0.0,100.0,0.0,0.0,0.0,0.0,0.0,0.0,0.0,0.0,12.0,62.0,60.0,134.0,2,1.0,4.0,26.55906412532296,64.52221526442385,103.43658069024184,,,0.0,0.0,0.0,0.0,0.0
340057,north east,taraba,takum,rural,156.0,2024,1070,guinea corn (sorghum),0.8093720078468323,1500.0,675000.0,450000.0,0.8093720078468323,0.8093720078468323,0.0,1.0,1.0,0.8093720078468323,0.8093720078468323,300000.0,1000.0,1.4164010286331177,1.4164010286331177,1.4164010286331177,0.0,0.0,0.0,0.0,0.0,0.0,0.0,0.0,0.0,20.0,0.0,0.0,0.0,2400000.0,200000.0,0.0,25.0,30.0,0.0,55.0,2,1.0,2.0,27.36529835619824,64.1741776974416,97.86833333333334,2022.0,fulani ethnic militia (nigeria),1.0,11.0,11.0,4.0,0.0
340057,north east,taraba,takum,rural,156.0,2024,1070,guinea corn (sorghum),0.8093720078468323,1500.0,675000.0,450000.0,0.8093720078468323,0.8093720078468323,0.0,1.0,1.0,0.8093720078468323,0.8093720078468323,300000.0,1000.0,1.4164010286331177,1.4164010286331177,1.4164010286331177,0.0,0.0,0.0,0.0,0.0,0.0,0.0,0.0,0.0,20.0,0.0,0.0,0.0,2400000.0,200000.0,0.0,25.0,30.0,0.0,55.0,2,1.0,2.0,27.36529835619824,64.1741776974416,97.86833333333334,2022.0,military forces of nigeria (2015-2023),1.0,1.0,1.0,1.0,1.0
340057,north east,taraba,takum,rural,156.0,2024,1070,guinea corn (sorghum),0.8093720078468323,1500.0,675000.0,450000.0,0.8093720078468323,0.8093720078468323,0.0,1.0,1.0,0.8093720078468323,0.8093720078468323,300000.0,1000.0,1.4164010286331177,1.4164010286331177,1.4164010286331177,0.0,0.0,0.0,0.0,0.0,0.0,0.0,0.0,0.0,20.0,0.0,0.0,0.0,2400000.0,200000.0,0.0,25.0,30.0,0.0,55.0,2,1.0,2.0,27.36529835619824,64.1741776974416,97.86833333333334,2023.0,fulani ethnic militia (nigeria),1.0,17.0,35.0,4.0,0.0
340057,north east,taraba,takum,rural,156.0,2024,1070,guinea corn (sorghum),0.8093720078468323,1500.0,675000.0,450000.0,0.8093720078468323,0.8093720078468323,0.0,1.0,1.0,0.8093720078468323,0.8093720078468323,300000.0,1000.0,1.4164010286331177,1.4164010286331177,1.4164010286331177,0.0,0.0,0.0,0.0,0.0,0.0,0.0,0.0,0.0,20.0,0.0,0.0,0.0,2400000.0,200000.0,0.0,25.0,30.0,0.0,55.0,2,1.0,2.0,27.36529835619824,64.1741776974416,97.86833333333334,2024.0,military forces of nigeria (2023-),1.0,1.0,1.0,3.0,1.0
340060,north east,taraba,takum,rural,156.0,2024,1070,guinea corn (sorghum),2.0,200.0,90000.0,90000.0,0.800000011920929,0.800000011920929,0.0,0.4000000059604645,0.4000000059604645,0.800000011920929,0.800000011920929,0.0,0.0,2.0464515201747417,2.0,2.0,0.0,0.0,0.0,0.0,0.0,0.0,0.0,0.0,0.0,14.0,0.0,0.0,0.0,165000.0,543000.0,0.0,10.0,12.0,12.0,34.0,2,1.0,1.0,27.36529835619824,64.1741776974416,97.86833333333334,2022.0,fulani ethnic militia (nigeria),1.0,11.0,11.0,4.0,0.0
340060,north east,taraba,takum,rural,156.0,2024,1070,guinea corn (sorghum),2.0,200.0,90000.0,90000.0,0.800000011920929,0.800000011920929,0.0,0.4000000059604645,0.4000000059604645,0.800000011920929,0.800000011920929,0.0,0.0,2.0464515201747417,2.0,2.0,0.0,0.0,0.0,0.0,0.0,0.0,0.0,0.0,0.0,14.0,0.0,0.0,0.0,165000.0,543000.0,0.0,10.0,12.0,12.0,34.0,2,1.0,1.0,27.36529835619824,64.1741776974416,97.86833333333334,2022.0,military forces of nigeria (2015-2023),1.0,1.0,1.0,1.0,1.0
340060,north east,taraba,takum,rural,156.0,2024,1070,guinea corn (sorghum),2.0,200.0,90000.0,90000.0,0.800000011920929,0.800000011920929,0.0,0.4000000059604645,0.4000000059604645,0.800000011920929,0.800000011920929,0.0,0.0,2.0464515201747417,2.0,2.0,0.0,0.0,0.0,0.0,0.0,0.0,0.0,0.0,0.0,14.0,0.0,0.0,0.0,165000.0,543000.0,0.0,10.0,12.0,12.0,34.0,2,1.0,1.0,27.36529835619824,64.1741776974416,97.86833333333334,2023.0,fulani ethnic militia (nigeria),1.0,17.0,35.0,4.0,0.0
340060,north east,taraba,takum,rural,156.0,2024,1070,guinea corn (sorghum),2.0,200.0,90000.0,90000.0,0.800000011920929,0.800000011920929,0.0,0.4000000059604645,0.4000000059604645,0.800000011920929,0.800000011920929,0.0,0.0,2.0464515201747417,2.0,2.0,0.0,0.0,0.0,0.0,0.0,0.0,0.0,0.0,0.0,14.0,0.0,0.0,0.0,165000.0,543000.0,0.0,10.0,12.0,12.0,34.0,2,1.0,1.0,27.36529835619824,64.1741776974416,97.86833333333334,2024.0,military forces of nigeria (2023-),1.0,1.0,1.0,3.0,1.0
340086,north east,taraba,karim lam,rural,870.0,2024,1070,guinea corn (sorghum),0.42579999566078186,400.0,180000.0,180000.0,0.28386667370796204,0.28386667370796204,0.0,0.6666666865348816,0.6666666865348816,0.28386667370796204,0.28386667370796204,0.0,0.0,0.9492000043392181,0.9492000043392181,0.9492000043392181,0.0,0.0,0.0,0.0,0.0,0.0,0.0,0.0,0.0,0.0,0.0,0.0,0.0,400000.0,0.0,0.0,11.0,0.0,0.0,11.0,2,1.0,1.0,26.55906412532296,64.52221526442385,103.43658069024184,,,0.0,0.0,0.0,0.0,0.0
349014,north east,taraba,bali,rural,72.0,2024,1070,guinea corn (sorghum),0.5400999784469604,400.0,180000.0,140000.0,0.5400999784469604,0.5400999784469604,0.0,1.0,1.0,0.5400999784469604,0.5400999784469604,35000.0,100.0,0.5400999784469604,0.5400999784469604,0.5400999784469604,0.0,0.0,0.0,0.0,0.0,0.0,0.0,0.0,0.0,2.0,0.0,0.0,0.0,0.0,20000.0,0.0,13.0,0.0,0.0,13.0,2,1.0,1.0,26.55906412532296,64.52221526442385,103.43658069024184,,,0.0,0.0,0.0,0.0,0.0
349021,north east,taraba,bali,rural,72.0,2024,1070,guinea corn (sorghum),0.24913999438285828,700.0,315000.0,315000.0,0.1868549883365631,0.1868549883365631,0.0,0.75,0.75,0.1868549883365631,0.1868549883365631,0.0,0.0,4.894292086362839,0.24913999438285828,0.24913999438285828,0.0,0.0,0.0,0.0,0.0,0.0,0.0,0.0,0.0,3.0,0.0,0.0,0.0,177500.0,0.0,0.0,41.0,3.0,0.0,44.0,2,2.0,2.0,26.55906412532296,64.52221526442385,103.43658069024184,,,0.0,0.0,0.0,0.0,0.0
349022,north east,taraba,bali,rural,72.0,2024,1070,guinea corn (sorghum),0.9191300272941589,500.0,225000.0,225000.0,0.9191300272941589,0.9191300272941589,0.0,1.0,1.0,0.9191300272941589,0.9191300272941589,0.0,0.0,0.9191300272941589,0.9191300272941589,0.9191300272941589,0.0,0.0,0.0,0.0,0.0,0.0,0.0,0.0,0.0,4.0,0.0,0.0,0.0,210000.0,0.0,0.0,63.0,0.0,0.0,63.0,2,1.0,1.0,26.55906412532296,64.52221526442385,103.43658069024184,,,0.0,0.0,0.0,0.0,0.0
349024,north east,taraba,bali,rural,72.0,2024,1070,guinea corn (sorghum),1.3014999628067017,600.0,270000.0,210000.0,0.9761250019073486,0.9761250019073486,0.0,0.75,0.75,0.9761250019073486,0.9761250019073486,35000.0,100.0,1.3014999628067017,1.3014999628067017,1.3014999628067017,0.0,0.0,0.0,0.0,0.0,0.0,0.0,0.0,0.0,3.0,0.0,0.0,0.0,0.0,0.0,0.0,8.0,0.0,4.0,12.0,2,1.0,1.0,26.55906412532296,64.52221526442385,103.43658069024184,,,0.0,0.0,0.0,0.0,0.0
349026,north east,taraba,bali,rural,768.0,2024,1070,guinea corn (sorghum),0.7475000023841858,100.0,45000.0,45000.0,0.2466750144958496,0.2466750144958496,0.0,0.33000001311302185,0.3333333432674408,0.2466750144958496,0.2466750144958496,0.0,0.0,5.392652094364166,0.7475000023841858,0.7475000023841858,0.0,0.0,0.0,0.0,0.0,0.0,0.0,0.0,0.0,2.0,0.0,0.0,0.0,0.0,0.0,10000.0,14.0,1.0,11.0,26.0,2,2.0,2.0,26.55906412532296,64.52221526442385,103.43658069024184,,,0.0,0.0,0.0,0.0,0.0
349027,north east,taraba,bali,rural,768.0,2024,1070,guinea corn (sorghum),0.3224700093269348,500.0,225000.0,225000.0,0.2418525069952011,0.2418525069952011,0.0,0.75,0.75,0.2418525069952011,0.2418525069952011,90000.0,200.0,4.967622101306915,0.3224700093269348,0.3224700093269348,0.0,0.0,0.0,0.0,0.0,0.0,0.0,0.0,0.0,4.0,0.0,0.0,0.0,220000.0,54750.0,0.0,27.0,16.0,0.0,43.0,2,2.0,2.0,26.55906412532296,64.52221526442385,103.43658069024184,,,0.0,0.0,0.0,0.0,0.0
349032,north east,taraba,bali,rural,768.0,2024,1070,guinea corn (sorghum),1.4910999536514282,500.0,225000.0,225000.0,0.690324068069458,0.690324068069458,0.0,0.46296295523643494,0.46296295523643494,0.690324068069458,0.690324068069458,0.0,0.0,3.6898499578237534,2.6898499578237534,2.6898499578237534,0.0,0.0,0.0,0.0,0.0,0.0,0.0,0.0,0.0,5.0,0.0,0.0,0.0,100000.0,0.0,0.0,49.0,0.0,0.0,49.0,2,1.0,4.0,26.55906412532296,64.52221526442385,103.43658069024184,,,0.0,0.0,0.0,0.0,0.0
349036,north east,taraba,bali,rural,768.0,2024,1070,guinea corn (sorghum),0.6996399760246277,400.0,180000.0,180000.0,0.17490999400615692,0.17490999400615692,0.0,0.25,0.25,0.17490999400615692,0.17490999400615692,0.0,0.0,1.308611523360014,1.2621600031852722,1.2621600031852722,0.0,0.0,0.0,0.0,0.0,0.0,0.0,0.0,0.0,5.0,0.0,0.0,0.0,233600.0,0.0,0.0,42.0,0.0,10.0,52.0,2,1.0,2.0,26.55906412532296,64.52221526442385,103.43658069024184,,,0.0,0.0,0.0,0.0,0.0
349051,north east,taraba,jalingo,urban,64.0,2024,1070,guinea corn (sorghum),0.13856999576091766,400.0,180000.0,152000.0,0.06928499788045883,0.06928499788045883,0.0,0.5,0.5,0.06928499788045883,0.06928499788045883,114000.0,300.0,0.8141999691724777,0.8141999691724777,0.8141999691724777,0.0,0.0,0.0,0.0,0.0,0.0,0.0,0.0,0.0,10.0,0.0,0.0,0.0,456000.0,0.0,0.0,23.0,2.0,0.0,25.0,2,1.0,2.0,26.55906412532296,64.52221526442385,103.43658069024184,,,0.0,0.0,0.0,0.0,0.0
349057,north east,taraba,jalingo,urban,64.0,2024,1070,guinea corn (sorghum),1.2030999660491943,100.0,45000.0,45000.0,0.9023249745368958,0.9023249745368958,0.0,0.75,0.75,0.9023249745368958,0.9023249745368958,0.0,0.0,3.229903005063534,3.1369999647140503,3.1369999647140503,26.220001,0.0,0.0,0.0,0.0,57.0,57.0,0.0,13.0,18.0,1.0,0.0,0.0,1008000.0,84000.0,0.0,28.0,80.0,0.0,108.0,2,1.0,1.0,26.55906412532296,64.52221526442385,103.43658069024184,,,0.0,0.0,0.0,0.0,0.0
349085,north east,taraba,zing,rural,620.0,2024,1070,guinea corn (sorghum),0.7716399878263474,800.0,360000.0,280000.0,0.29205039143562317,0.29205039143562317,0.0,0.9380733966827393,0.9380733966827393,0.29205039143562317,0.29205039143562317,175000.0,500.0,0.8180915080010891,0.7716399878263474,0.7716399878263474,0.0,0.0,0.0,0.0,0.0,0.0,0.0,0.0,0.0,0.0,0.0,0.0,0.0,80000.0,0.0,0.0,32.0,0.0,0.0,32.0,2,2.0,3.0,26.55906412532296,64.52221526442385,103.43658069024184,,,0.0,0.0,0.0,0.0,0.0
349086,north east,taraba,zing,rural,620.0,2024,1070,guinea corn (sorghum),0.7795300036668777,17.17099952697754,7726.94970703125,7726.94970703125,0.2504108063876629,0.1134520098567009,0.0,0.9136612266302109,0.9136612266302109,0.1134520098567009,0.21700867265462875,0.0,0.0,0.7795300036668777,0.7795300036668777,0.7795300036668777,0.0,0.0,0.0,0.0,0.0,0.0,0.0,0.0,0.0,0.0,0.0,0.0,0.0,0.0,0.0,0.0,24.0,0.0,0.0,24.0,2,2.0,4.0,26.55906412532296,64.52221526442385,103.43658069024184,,,0.0,0.0,0.0,0.0,0.0
349087,north east,taraba,zing,rural,620.0,2024,1070,guinea corn (sorghum),0.29840999841690063,100.0,45000.0,45000.0,0.14920499920845032,0.14920499920845032,0.0,0.5,0.5,0.14920499920845032,0.14920499920845032,0.0,0.0,0.5204799920320511,0.5204799920320511,0.5204799920320511,0.0,0.0,0.0,0.0,0.0,0.0,0.0,0.0,0.0,0.0,0.0,0.0,0.0,0.0,0.0,0.0,14.0,0.0,5.0,19.0,2,1.0,2.0,26.55906412532296,64.52221526442385,103.43658069024184,,,0.0,0.0,0.0,0.0,0.0
349088,north east,taraba,zing,rural,620.0,2024,1070,guinea corn (sorghum),0.6331200003623962,120.1969985961914,54088.6484375,56000.0,0.6331200003623962,0.6331200003623962,0.0,1.0,1.0,0.6331200003623962,0.6331200003623962,24000.0,51.51300048828125,1.133231531828642,1.0867800116539001,1.0867800116539001,0.0,0.0,0.0,0.0,0.0,0.0,0.0,0.0,0.0,0.0,0.0,0.0,0.0,936000.0,30000.0,0.0,36.0,0.0,12.0,48.0,2,1.0,1.0,26.55906412532296,64.52221526442385,103.43658069024184,,,0.0,0.0,0.0,0.0,0.0
349089,north east,taraba,zing,rural,620.0,2024,1070,guinea corn (sorghum),0.3345400094985962,75.0,33750.0,33750.0,0.08363500237464905,0.08363500237464905,0.0,0.25,0.3012048006057739,0.08363500237464905,0.08363500237464905,0.0,0.0,5.495912089943886,0.8507599979639053,0.8507599979639053,0.0,0.0,0.0,0.0,0.0,0.0,0.0,0.0,0.0,0.0,0.0,0.0,0.0,0.0,0.0,0.0,8.0,4.0,9.0,21.0,2,2.0,4.0,26.55906412532296,64.52221526442385,103.43658069024184,,,0.0,0.0,0.0,0.0,0.0
349090,north east,taraba,zing,rural,620.0,2024,1070,guinea corn (sorghum),0.3334699869155884,100.0,45000.0,45000.0,0.1667349934577942,0.1667349934577942,0.0,0.5,0.5,0.1667349934577942,0.1667349934577942,0.0,0.0,0.3334699869155884,0.3334699869155884,0.3334699869155884,0.0,0.0,0.0,0.0,0.0,0.0,0.0,0.0,0.0,0.0,0.0,0.0,0.0,0.0,0.0,0.0,32.0,6.0,10.0,48.0,2,1.0,1.0,26.55906412532296,64.52221526442385,103.43658069024184,,,0.0,0.0,0.0,0.0,0.0
349091,north east,taraba,zing,rural,620.0,2024,1070,guinea corn (sorghum),1.0331599712371826,200.0,90000.0,90000.0,0.407625712454319,0.407625712454319,0.0,1.1428571492433548,1.1428571492433548,0.407625712454319,0.407625712454319,0.0,0.0,1.0331599712371826,1.0331599712371826,1.0331599712371826,0.0,0.0,0.0,0.0,0.0,0.0,0.0,0.0,0.0,0.0,0.0,0.0,0.0,0.0,0.0,0.0,23.0,0.0,0.0,23.0,2,1.0,2.0,26.55906412532296,64.52221526442385,103.43658069024184,,,0.0,0.0,0.0,0.0,0.0
349092,north east,taraba,zing,rural,620.0,2024,1070,guinea corn (sorghum),0.5012000203132629,300.0,135000.0,156000.0,0.12530000507831573,0.041349004954099655,0.0,0.25,0.25,0.041349004954099655,0.12530000507831573,130000.0,250.0,5.293872117996216,0.6487200260162354,0.6487200260162354,0.0,0.0,0.0,0.0,0.0,0.0,0.0,0.0,0.0,0.0,0.0,0.0,0.0,288000.0,0.0,0.0,20.0,13.0,5.0,38.0,2,1.0,1.0,26.55906412532296,64.52221526442385,103.43658069024184,,,0.0,0.0,0.0,0.0,0.0
349093,north east,taraba,zing,rural,620.0,2024,1070,guinea corn (sorghum),1.0989999771118164,100.0,45000.0,45000.0,1.0989999771118164,1.0989999771118164,0.0,1.0,1.0,1.0989999771118164,1.0989999771118164,0.0,0.0,1.9383614771068096,1.8919099569320679,1.8919099569320679,0.0,0.0,0.0,0.0,0.0,0.0,0.0,0.0,0.0,0.0,0.0,0.0,0.0,210000.0,0.0,0.0,18.0,0.0,0.0,18.0,2,1.0,1.0,26.55906412532296,64.52221526442385,103.43658069024184,,,0.0,0.0,0.0,0.0,0.0
349109,north east,taraba,saduana,rural,1034.0,2024,1070,guinea corn (sorghum),1.2140580415725708,1300.0,585000.0,585000.0,0.48562321066856384,0.48562321066856384,0.0,0.4000000059604645,0.4000000059604645,0.48562321066856384,0.48562321066856384,0.0,0.0,5.859210133552551,1.2140580415725708,1.2140580415725708,92.0,0.0,0.0,0.0,0.0,200.0,200.0,0.0,0.0,5.0,1.0,0.0,0.0,65100.0,0.0,0.0,42.0,10.0,3.0,55.0,2,2.0,2.0,26.55906412532296,64.52221526442385,103.43658069024184,,,0.0,0.0,0.0,0.0,0.0
360041,north west,katsina,funtua,rural,0.0,2024,1070,guinea corn (sorghum),2.0,800.0,476000.0,476000.0,1.25,1.25,0.0,1.25,1.25,1.25,1.25,0.0,0.0,2.0099999997764826,2.0,2.0,17.1,11.4,10.45,0.0,95.0,0.0,95.0,0.0,0.0,12.0,1.0,0.0,0.0,0.0,0.0,0.0,9.0,19.0,0.0,28.0,2,1.0,2.0,25.133166543072548,53.25511725991843,80.20666666666668,2022.0,katsina communal militia (nigeria),1.0,13.0,13.0,15.0,0.0
360041,north west,katsina,funtua,rural,0.0,2024,1070,guinea corn (sorghum),2.0,800.0,476000.0,476000.0,1.25,1.25,0.0,1.25,1.25,1.25,1.25,0.0,0.0,2.0099999997764826,2.0,2.0,17.1,11.4,10.45,0.0,95.0,0.0,95.0,0.0,0.0,12.0,1.0,0.0,0.0,0.0,0.0,0.0,9.0,19.0,0.0,28.0,2,1.0,2.0,25.133166543072548,53.25511725991843,80.20666666666668,2022.0,zamfara communal militia (nigeria),1.0,0.0,0.0,1.0,0.0
360041,north west,katsina,funtua,rural,0.0,2024,1070,guinea corn (sorghum),2.0,800.0,476000.0,476000.0,1.25,1.25,0.0,1.25,1.25,1.25,1.25,0.0,0.0,2.0099999997764826,2.0,2.0,17.1,11.4,10.45,0.0,95.0,0.0,95.0,0.0,0.0,12.0,1.0,0.0,0.0,0.0,0.0,0.0,9.0,19.0,0.0,28.0,2,1.0,2.0,25.133166543072548,53.25511725991843,80.20666666666668,2023.0,katsina communal militia (nigeria),1.0,17.0,17.0,7.0,0.0
360041,north west,katsina,funtua,rural,0.0,2024,1070,guinea corn (sorghum),2.0,800.0,476000.0,476000.0,1.25,1.25,0.0,1.25,1.25,1.25,1.25,0.0,0.0,2.0099999997764826,2.0,2.0,17.1,11.4,10.45,0.0,95.0,0.0,95.0,0.0,0.0,12.0,1.0,0.0,0.0,0.0,0.0,0.0,9.0,19.0,0.0,28.0,2,1.0,2.0,25.133166543072548,53.25511725991843,80.20666666666668,2024.0,katsina communal militia (nigeria),1.0,4.0,4.0,6.0,0.0
